{
  "type": "FeatureCollection",
  "metadata": {
    "generated": "2026-10-05",
    "source": "osm + seed",
    "recordCount": 631
  },
  "features": [
    {
      "type": "Feature",
      "properties": {
        "name": "Gamlebyparken Fredrikstad",
        "source": "user",
        "verified": true,
        "lastVerified": "2026-09-20",
        "images": [],
        "age": {
          "min": 0,
          "max": 16
        },
        "opening": "Daily 07:00-21:00",
        "equipment": [
          {
            "type": "sandkasse",
            "name": "Sandkasse",
            "count": 2
          },
          {
            "type": "gynge",
            "name": "Gynge",
            "count": 2
          }
        ],
        "rating": {
          "average": 4.0,
          "count": 42
        },
        "accessibility": {
          "wheelchair": "yes",
          "stroller": "yes"
        },
        "fenced": false,
        "toilets": false,
        "parking": {
          "free": true,
          "paid": false
        },
        "dogs": {
          "allowed": true,
          "leash": true
        },
        "municipality": "Fredrikstad",
        "sources": [
          {
            "type": "user",
            "id": "user/15",
            "retrievedAt": "2026-09-20",
            "url": "https://github.com/kveita/lekesafari"
          }
        ],
        "id": " Fredrikstad-gamleby"
      },
      "geometry": {
        "type": "Point",
        "coordinates": [
          10.91,
          59.206
        ]
      }
    },
    {
      "type": "Feature",
      "properties": {
        "name": "Danvikparken Drammen",
        "source": "osm",
        "verified": true,
        "lastVerified": "2026-10-01",
        "images": [
          {
            "url": "https://images.unsplash.com/photo-1563720204-4e698b3ee0e7?w=400",
            "alt": "Lekeplass"
          }
        ],
        "age": {
          "min": 1,
          "max": 18
        },
        "opening": "Daily 06:00-22:00",
        "equipment": [
          {
            "type": "gynge",
            "name": "Gynge",
            "count": 4
          },
          {
            "type": "klatrestativ",
            "name": "Klatrestativ",
            "count": 2
          },
          {
            "type": "hoppeslott",
            "name": "Hoppeslott",
            "count": 1
          },
          {
            "type": "rutschebane",
            "name": "Rutschbane",
            "count": 2
          }
        ],
        "rating": {
          "average": 4.5,
          "count": 156
        },
        "accessibility": {
          "wheelchair": "yes",
          "stroller": "yes"
        },
        "fenced": true,
        "toilets": true,
        "parking": {
          "free": true,
          "paid": false
        },
        "dogs": {
          "allowed": true,
          "leash": true
        },
        "municipality": "Drammen",
        "sources": [
          {
            "type": "osm",
            "id": "way/55667788",
            "retrievedAt": "2026-10-01"
          }
        ],
        "id": "drammen-danvik"
      },
      "geometry": {
        "type": "Point",
        "coordinates": [
          10.2,
          59.738
        ]
      }
    },
    {
      "type": "Feature",
      "properties": {
        "name": "Fjellstien lekeplass",
        "source": "user",
        "verified": true,
        "lastVerified": "2026-10-02",
        "images": [
          {
            "url": "https://images.unsplash.com/photo-1551632811-561732d1e306?w=400",
            "alt": "Karussell"
          },
          {
            "url": "https://images.unsplash.com/photo-1514745387537-5ea5b711ab42?w=400",
            "alt": "Lekeplass"
          }
        ],
        "age": {
          "min": 5,
          "max": 14
        },
        "opening": "Sat-Sun 09:00-16:00",
        "equipment": [
          {
            "type": "klatrestativ",
            "name": "Klatrestativ",
            "count": 2
          },
          {
            "type": "karussell",
            "name": "Karussell",
            "count": 1
          },
          {
            "type": "hoppeslott",
            "name": "Hoppeslott",
            "count": 1
          }
        ],
        "rating": {
          "average": 4.8,
          "count": 234
        },
        "accessibility": {
          "wheelchair": "limited",
          "stroller": "yes"
        },
        "fenced": true,
        "toilets": true,
        "parking": {
          "free": true,
          "paid": false
        },
        "dogs": {
          "allowed": true,
          "leash": true
        },
        "municipality": "Trondheim",
        "sources": [
          {
            "type": "user",
            "id": "user/7",
            "retrievedAt": "2026-10-02",
            "url": "https://github.com/kveita/lekesafari"
          }
        ],
        "id": "fjellstien-trondheim"
      },
      "geometry": {
        "type": "Point",
        "coordinates": [
          10.72,
          59.55
        ]
      }
    },
    {
      "type": "Feature",
      "properties": {
        "name": "Kongsvinger park",
        "source": "municipality",
        "verified": false,
        "lastVerified": "2026-05-20",
        "images": [],
        "age": {
          "min": 1,
          "max": 10
        },
        "opening": "Mon-Fri 08:00-17:00",
        "equipment": [
          {
            "type": "gynge",
            "name": "Gynge",
            "count": 1
          },
          {
            "type": "gattrett",
            "name": "Gåtte",
            "count": 1
          }
        ],
        "rating": {
          "average": 2.3,
          "count": 12
        },
        "accessibility": {
          "wheelchair": "no",
          "stroller": "yes"
        },
        "fenced": true,
        "toilets": false,
        "parking": {
          "free": true,
          "paid": false
        },
        "dogs": {
          "allowed": true,
          "leash": false
        },
        "municipality": "Kongsvinger",
        "sources": [
          {
            "type": "municipality",
            "id": "kommune/5406",
            "retrievedAt": "2026-05-20"
          }
        ],
        "id": "kongsvinger-park"
      },
      "geometry": {
        "type": "Point",
        "coordinates": [
          10.58,
          59.49
        ]
      }
    },
    {
      "type": "Feature",
      "properties": {
        "name": "Lillehammer elvepark",
        "source": "osm",
        "verified": false,
        "lastVerified": "2026-08-10",
        "images": [],
        "age": {
          "min": 0,
          "max": 18
        },
        "opening": "Daily 07:00-22:00",
        "equipment": [
          {
            "type": "rutschebane",
            "name": "Rutschbane",
            "count": 2
          },
          {
            "type": "gynge",
            "name": "Gynge",
            "count": 3
          }
        ],
        "rating": {
          "average": 4.2,
          "count": 89
        },
        "accessibility": {
          "wheelchair": "yes",
          "stroller": "yes"
        },
        "fenced": true,
        "toilets": true,
        "parking": {
          "free": true,
          "paid": false
        },
        "dogs": {
          "allowed": true,
          "leash": false
        },
        "municipality": "Lillehammer",
        "sources": [
          {
            "type": "osm",
            "id": "way/98765432",
            "retrievedAt": "2026-08-10"
          }
        ],
        "id": "lillehammer-river"
      },
      "geometry": {
        "type": "Point",
        "coordinates": [
          10.47,
          61.113
        ]
      }
    },
    {
      "type": "Feature",
      "properties": {
        "name": "Arbeiderparken Moss",
        "source": "geonorge",
        "verified": true,
        "lastVerified": "2026-09-28",
        "images": [
          {
            "url": "https://images.unsplash.com/photo-1546519638-68e109498ffc?w=400",
            "alt": "Lekeplass"
          }
        ],
        "age": {
          "min": 3,
          "max": 14
        },
        "opening": "Daily 07:00-20:00",
        "equipment": [
          {
            "type": "rutschebane",
            "name": "Rutschbane",
            "count": 2
          },
          {
            "type": "gynge",
            "name": "Gynge",
            "count": 3
          },
          {
            "type": "sandkasse",
            "name": "Sandkasse",
            "count": 2
          },
          {
            "type": "karussell",
            "name": "Karussell",
            "count": 1
          }
        ],
        "rating": {
          "average": 4.3,
          "count": 56
        },
        "accessibility": {
          "wheelchair": "yes",
          "stroller": "yes"
        },
        "fenced": true,
        "toilets": true,
        "parking": {
          "free": true,
          "paid": false
        },
        "dogs": {
          "allowed": true,
          "leash": true
        },
        "municipality": "Moss",
        "sources": [
          {
            "type": "geonorge",
            "retrievedAt": "2026-09-28"
          }
        ],
        "id": "moss-arbeiderparken"
      },
      "geometry": {
        "type": "Point",
        "coordinates": [
          10.658,
          59.427
        ]
      }
    },
    {
      "type": "Feature",
      "properties": {
        "name": "Utkjent lekeplass",
        "source": "osm",
        "sourceId": "node/1104057424",
        "images": [],
        "age": {
          "min": 0,
          "max": 16
        },
        "opening": "",
        "equipment": [],
        "rating": {
          "average": 0,
          "count": 0
        },
        "accessibility": {
          "wheelchair": "unknown",
          "stroller": "unknown"
        },
        "fenced": false,
        "toilets": false,
        "parking": {
          "free": true,
          "paid": false
        },
        "dogs": {
          "allowed": true,
          "leash": false
        },
        "municipality": "",
        "verified": false,
        "lastVerified": "2026-10-05",
        "sources": [
          {
            "type": "osm",
            "id": "node/1104057424",
            "retrievedAt": "2026-10-05"
          }
        ],
        "id": "osm-node-1104057424"
      },
      "geometry": {
        "type": "Point",
        "coordinates": [
          5.7069318,
          58.9486252
        ]
      }
    },
    {
      "type": "Feature",
      "properties": {
        "name": "Utkjent lekeplass",
        "source": "osm",
        "sourceId": "node/1130442441",
        "images": [],
        "age": {
          "min": 0,
          "max": 16
        },
        "opening": "",
        "equipment": [],
        "rating": {
          "average": 0,
          "count": 0
        },
        "accessibility": {
          "wheelchair": "unknown",
          "stroller": "unknown"
        },
        "fenced": false,
        "toilets": false,
        "parking": {
          "free": true,
          "paid": false
        },
        "dogs": {
          "allowed": true,
          "leash": false
        },
        "municipality": "",
        "verified": false,
        "lastVerified": "2026-10-05",
        "sources": [
          {
            "type": "osm",
            "id": "node/1130442441",
            "retrievedAt": "2026-10-05"
          }
        ],
        "id": "osm-node-1130442441"
      },
      "geometry": {
        "type": "Point",
        "coordinates": [
          5.699131,
          58.9507976
        ]
      }
    },
    {
      "type": "Feature",
      "properties": {
        "name": "Utkjent lekeplass",
        "source": "osm",
        "sourceId": "node/11374414095",
        "images": [],
        "age": {
          "min": 0,
          "max": 16
        },
        "opening": "",
        "equipment": [],
        "rating": {
          "average": 0,
          "count": 0
        },
        "accessibility": {
          "wheelchair": "unknown",
          "stroller": "unknown"
        },
        "fenced": false,
        "toilets": false,
        "parking": {
          "free": true,
          "paid": false
        },
        "dogs": {
          "allowed": true,
          "leash": false
        },
        "municipality": "",
        "verified": false,
        "lastVerified": "2026-10-05",
        "sources": [
          {
            "type": "osm",
            "id": "node/11374414095",
            "retrievedAt": "2026-10-05"
          }
        ],
        "id": "osm-node-11374414095"
      },
      "geometry": {
        "type": "Point",
        "coordinates": [
          5.6901456,
          58.9424013
        ]
      }
    },
    {
      "type": "Feature",
      "properties": {
        "name": "Utkjent lekeplass",
        "source": "osm",
        "sourceId": "node/11420713189",
        "images": [],
        "age": {
          "min": 0,
          "max": 16
        },
        "opening": "",
        "equipment": [],
        "rating": {
          "average": 0,
          "count": 0
        },
        "accessibility": {
          "wheelchair": "unknown",
          "stroller": "unknown"
        },
        "fenced": false,
        "toilets": false,
        "parking": {
          "free": true,
          "paid": false
        },
        "dogs": {
          "allowed": true,
          "leash": false
        },
        "municipality": "",
        "verified": false,
        "lastVerified": "2026-10-05",
        "sources": [
          {
            "type": "osm",
            "id": "node/11420713189",
            "retrievedAt": "2026-10-05"
          }
        ],
        "id": "osm-node-11420713189"
      },
      "geometry": {
        "type": "Point",
        "coordinates": [
          5.6017375,
          58.9709128
        ]
      }
    },
    {
      "type": "Feature",
      "properties": {
        "name": "Utkjent lekeplass",
        "source": "osm",
        "sourceId": "node/11420713237",
        "images": [],
        "age": {
          "min": 0,
          "max": 16
        },
        "opening": "",
        "equipment": [],
        "rating": {
          "average": 0,
          "count": 0
        },
        "accessibility": {
          "wheelchair": "unknown",
          "stroller": "unknown"
        },
        "fenced": false,
        "toilets": false,
        "parking": {
          "free": true,
          "paid": false
        },
        "dogs": {
          "allowed": true,
          "leash": false
        },
        "municipality": "",
        "verified": false,
        "lastVerified": "2026-10-05",
        "sources": [
          {
            "type": "osm",
            "id": "node/11420713237",
            "retrievedAt": "2026-10-05"
          }
        ],
        "id": "osm-node-11420713237"
      },
      "geometry": {
        "type": "Point",
        "coordinates": [
          5.5997001,
          58.9658492
        ]
      }
    },
    {
      "type": "Feature",
      "properties": {
        "name": "Utkjent lekeplass",
        "source": "osm",
        "sourceId": "node/11420713238",
        "images": [],
        "age": {
          "min": 0,
          "max": 16
        },
        "opening": "",
        "equipment": [],
        "rating": {
          "average": 0,
          "count": 0
        },
        "accessibility": {
          "wheelchair": "unknown",
          "stroller": "unknown"
        },
        "fenced": false,
        "toilets": false,
        "parking": {
          "free": true,
          "paid": false
        },
        "dogs": {
          "allowed": true,
          "leash": false
        },
        "municipality": "",
        "verified": false,
        "lastVerified": "2026-10-05",
        "sources": [
          {
            "type": "osm",
            "id": "node/11420713238",
            "retrievedAt": "2026-10-05"
          }
        ],
        "id": "osm-node-11420713238"
      },
      "geometry": {
        "type": "Point",
        "coordinates": [
          5.6010485,
          58.9658063
        ]
      }
    },
    {
      "type": "Feature",
      "properties": {
        "name": "Utkjent lekeplass",
        "source": "osm",
        "sourceId": "node/1207910957",
        "images": [],
        "age": {
          "min": 0,
          "max": 16
        },
        "opening": "",
        "equipment": [],
        "rating": {
          "average": 0,
          "count": 0
        },
        "accessibility": {
          "wheelchair": "unknown",
          "stroller": "unknown"
        },
        "fenced": false,
        "toilets": false,
        "parking": {
          "free": true,
          "paid": false
        },
        "dogs": {
          "allowed": true,
          "leash": false
        },
        "municipality": "",
        "verified": false,
        "lastVerified": "2026-10-05",
        "sources": [
          {
            "type": "osm",
            "id": "node/1207910957",
            "retrievedAt": "2026-10-05"
          }
        ],
        "id": "osm-node-1207910957"
      },
      "geometry": {
        "type": "Point",
        "coordinates": [
          5.6878119,
          58.9798874
        ]
      }
    },
    {
      "type": "Feature",
      "properties": {
        "name": "Utkjent lekeplass",
        "source": "osm",
        "sourceId": "node/1211106680",
        "images": [],
        "age": {
          "min": 0,
          "max": 16
        },
        "opening": "",
        "equipment": [],
        "rating": {
          "average": 0,
          "count": 0
        },
        "accessibility": {
          "wheelchair": "unknown",
          "stroller": "unknown"
        },
        "fenced": false,
        "toilets": false,
        "parking": {
          "free": true,
          "paid": false
        },
        "dogs": {
          "allowed": true,
          "leash": false
        },
        "municipality": "",
        "verified": false,
        "lastVerified": "2026-10-05",
        "sources": [
          {
            "type": "osm",
            "id": "node/1211106680",
            "retrievedAt": "2026-10-05"
          }
        ],
        "id": "osm-node-1211106680"
      },
      "geometry": {
        "type": "Point",
        "coordinates": [
          5.694862,
          58.9482644
        ]
      }
    },
    {
      "type": "Feature",
      "properties": {
        "name": "Utkjent lekeplass",
        "source": "osm",
        "sourceId": "node/12121665119",
        "images": [],
        "age": {
          "min": 0,
          "max": 16
        },
        "opening": "",
        "equipment": [],
        "rating": {
          "average": 0,
          "count": 0
        },
        "accessibility": {
          "wheelchair": "unknown",
          "stroller": "unknown"
        },
        "fenced": false,
        "toilets": false,
        "parking": {
          "free": true,
          "paid": false
        },
        "dogs": {
          "allowed": true,
          "leash": false
        },
        "municipality": "",
        "verified": false,
        "lastVerified": "2026-10-05",
        "sources": [
          {
            "type": "osm",
            "id": "node/12121665119",
            "retrievedAt": "2026-10-05"
          }
        ],
        "id": "osm-node-12121665119"
      },
      "geometry": {
        "type": "Point",
        "coordinates": [
          5.3197231,
          60.38176
        ]
      }
    },
    {
      "type": "Feature",
      "properties": {
        "name": "Utkjent lekeplass",
        "source": "osm",
        "sourceId": "node/12131342401",
        "images": [],
        "age": {
          "min": 0,
          "max": 16
        },
        "opening": "",
        "equipment": [],
        "rating": {
          "average": 0,
          "count": 0
        },
        "accessibility": {
          "wheelchair": "unknown",
          "stroller": "unknown"
        },
        "fenced": false,
        "toilets": false,
        "parking": {
          "free": true,
          "paid": false
        },
        "dogs": {
          "allowed": true,
          "leash": false
        },
        "municipality": "",
        "verified": false,
        "lastVerified": "2026-10-05",
        "sources": [
          {
            "type": "osm",
            "id": "node/12131342401",
            "retrievedAt": "2026-10-05"
          }
        ],
        "id": "osm-node-12131342401"
      },
      "geometry": {
        "type": "Point",
        "coordinates": [
          5.329674,
          60.3737247
        ]
      }
    },
    {
      "type": "Feature",
      "properties": {
        "name": "Utkjent lekeplass",
        "source": "osm",
        "sourceId": "node/1244923646",
        "images": [],
        "age": {
          "min": 0,
          "max": 16
        },
        "opening": "",
        "equipment": [],
        "rating": {
          "average": 0,
          "count": 0
        },
        "accessibility": {
          "wheelchair": "limited",
          "stroller": "unknown"
        },
        "fenced": false,
        "toilets": false,
        "parking": {
          "free": true,
          "paid": false
        },
        "dogs": {
          "allowed": true,
          "leash": false
        },
        "municipality": "",
        "verified": false,
        "lastVerified": "2026-10-05",
        "sources": [
          {
            "type": "osm",
            "id": "node/1244923646",
            "retrievedAt": "2026-10-05"
          }
        ],
        "id": "osm-node-1244923646"
      },
      "geometry": {
        "type": "Point",
        "coordinates": [
          5.6812475,
          58.9490158
        ]
      }
    },
    {
      "type": "Feature",
      "properties": {
        "name": "Utkjent lekeplass",
        "source": "osm",
        "sourceId": "node/1290613818",
        "images": [],
        "age": {
          "min": 0,
          "max": 16
        },
        "opening": "",
        "equipment": [],
        "rating": {
          "average": 0,
          "count": 0
        },
        "accessibility": {
          "wheelchair": "unknown",
          "stroller": "unknown"
        },
        "fenced": false,
        "toilets": false,
        "parking": {
          "free": true,
          "paid": false
        },
        "dogs": {
          "allowed": true,
          "leash": false
        },
        "municipality": "",
        "verified": false,
        "lastVerified": "2026-10-05",
        "sources": [
          {
            "type": "osm",
            "id": "node/1290613818",
            "retrievedAt": "2026-10-05"
          }
        ],
        "id": "osm-node-1290613818"
      },
      "geometry": {
        "type": "Point",
        "coordinates": [
          5.7059315,
          58.9365302
        ]
      }
    },
    {
      "type": "Feature",
      "properties": {
        "name": "Utkjent lekeplass",
        "source": "osm",
        "sourceId": "node/13016769406",
        "images": [],
        "age": {
          "min": 0,
          "max": 16
        },
        "opening": "",
        "equipment": [],
        "rating": {
          "average": 0,
          "count": 0
        },
        "accessibility": {
          "wheelchair": "unknown",
          "stroller": "unknown"
        },
        "fenced": false,
        "toilets": false,
        "parking": {
          "free": true,
          "paid": false
        },
        "dogs": {
          "allowed": true,
          "leash": false
        },
        "municipality": "",
        "verified": false,
        "lastVerified": "2026-10-05",
        "sources": [
          {
            "type": "osm",
            "id": "node/13016769406",
            "retrievedAt": "2026-10-05"
          }
        ],
        "id": "osm-node-13016769406"
      },
      "geometry": {
        "type": "Point",
        "coordinates": [
          5.3140626,
          60.3940472
        ]
      }
    },
    {
      "type": "Feature",
      "properties": {
        "name": "Utkjent lekeplass",
        "source": "osm",
        "sourceId": "node/13074444001",
        "images": [],
        "age": {
          "min": 0,
          "max": 16
        },
        "opening": "",
        "equipment": [],
        "rating": {
          "average": 0,
          "count": 0
        },
        "accessibility": {
          "wheelchair": "unknown",
          "stroller": "unknown"
        },
        "fenced": false,
        "toilets": false,
        "parking": {
          "free": true,
          "paid": false
        },
        "dogs": {
          "allowed": true,
          "leash": false
        },
        "municipality": "",
        "verified": false,
        "lastVerified": "2026-10-05",
        "sources": [
          {
            "type": "osm",
            "id": "node/13074444001",
            "retrievedAt": "2026-10-05"
          }
        ],
        "id": "osm-node-13074444001"
      },
      "geometry": {
        "type": "Point",
        "coordinates": [
          5.7011136,
          58.9739167
        ]
      }
    },
    {
      "type": "Feature",
      "properties": {
        "name": "Apotekerhagen lekeplass",
        "source": "osm",
        "sourceId": "node/1325845715",
        "images": [],
        "age": {
          "min": 0,
          "max": 16
        },
        "opening": "",
        "equipment": [],
        "rating": {
          "average": 0,
          "count": 0
        },
        "accessibility": {
          "wheelchair": "unknown",
          "stroller": "unknown"
        },
        "fenced": false,
        "toilets": false,
        "parking": {
          "free": true,
          "paid": false
        },
        "dogs": {
          "allowed": true,
          "leash": false
        },
        "municipality": "",
        "verified": true,
        "lastVerified": "2026-10-05",
        "sources": [
          {
            "type": "osm",
            "id": "node/1325845715",
            "retrievedAt": "2026-10-05"
          }
        ],
        "id": "osm-node-1325845715"
      },
      "geometry": {
        "type": "Point",
        "coordinates": [
          5.31683,
          60.394161
        ]
      }
    },
    {
      "type": "Feature",
      "properties": {
        "name": "Plutokroken",
        "source": "osm",
        "sourceId": "node/1613455656",
        "images": [],
        "age": {
          "min": 0,
          "max": 16
        },
        "opening": "",
        "equipment": [],
        "rating": {
          "average": 0,
          "count": 0
        },
        "accessibility": {
          "wheelchair": "unknown",
          "stroller": "unknown"
        },
        "fenced": false,
        "toilets": false,
        "parking": {
          "free": true,
          "paid": false
        },
        "dogs": {
          "allowed": true,
          "leash": false
        },
        "municipality": "",
        "verified": true,
        "lastVerified": "2026-10-05",
        "sources": [
          {
            "type": "osm",
            "id": "node/1613455656",
            "retrievedAt": "2026-10-05"
          }
        ],
        "id": "osm-node-1613455656"
      },
      "geometry": {
        "type": "Point",
        "coordinates": [
          5.7056131,
          58.9463765
        ]
      }
    },
    {
      "type": "Feature",
      "properties": {
        "name": "Utkjent lekeplass",
        "source": "osm",
        "sourceId": "node/1775546680",
        "images": [],
        "age": {
          "min": 0,
          "max": 16
        },
        "opening": "",
        "equipment": [],
        "rating": {
          "average": 0,
          "count": 0
        },
        "accessibility": {
          "wheelchair": "unknown",
          "stroller": "unknown"
        },
        "fenced": false,
        "toilets": false,
        "parking": {
          "free": true,
          "paid": false
        },
        "dogs": {
          "allowed": true,
          "leash": false
        },
        "municipality": "",
        "verified": false,
        "lastVerified": "2026-10-05",
        "sources": [
          {
            "type": "osm",
            "id": "node/1775546680",
            "retrievedAt": "2026-10-05"
          }
        ],
        "id": "osm-node-1775546680"
      },
      "geometry": {
        "type": "Point",
        "coordinates": [
          5.6895522,
          58.9598785
        ]
      }
    },
    {
      "type": "Feature",
      "properties": {
        "name": "Natland borettslag lekeplass",
        "source": "osm",
        "sourceId": "node/1776951940",
        "images": [],
        "age": {
          "min": 0,
          "max": 16
        },
        "opening": "",
        "equipment": [],
        "rating": {
          "average": 0,
          "count": 0
        },
        "accessibility": {
          "wheelchair": "unknown",
          "stroller": "unknown"
        },
        "fenced": false,
        "toilets": false,
        "parking": {
          "free": true,
          "paid": false
        },
        "dogs": {
          "allowed": true,
          "leash": false
        },
        "municipality": "",
        "verified": true,
        "lastVerified": "2026-10-05",
        "sources": [
          {
            "type": "osm",
            "id": "node/1776951940",
            "retrievedAt": "2026-10-05"
          }
        ],
        "id": "osm-node-1776951940"
      },
      "geometry": {
        "type": "Point",
        "coordinates": [
          5.3649626,
          60.3560021
        ]
      }
    },
    {
      "type": "Feature",
      "properties": {
        "name": "Natland borettslag lekeplass",
        "source": "osm",
        "sourceId": "node/1776951941",
        "images": [],
        "age": {
          "min": 0,
          "max": 16
        },
        "opening": "",
        "equipment": [],
        "rating": {
          "average": 0,
          "count": 0
        },
        "accessibility": {
          "wheelchair": "unknown",
          "stroller": "unknown"
        },
        "fenced": false,
        "toilets": false,
        "parking": {
          "free": true,
          "paid": false
        },
        "dogs": {
          "allowed": true,
          "leash": false
        },
        "municipality": "",
        "verified": true,
        "lastVerified": "2026-10-05",
        "sources": [
          {
            "type": "osm",
            "id": "node/1776951941",
            "retrievedAt": "2026-10-05"
          }
        ],
        "id": "osm-node-1776951941"
      },
      "geometry": {
        "type": "Point",
        "coordinates": [
          5.3661839,
          60.356383
        ]
      }
    },
    {
      "type": "Feature",
      "properties": {
        "name": "Meyermarken bydelspark",
        "source": "osm",
        "sourceId": "node/1917700345",
        "images": [],
        "age": {
          "min": 0,
          "max": 16
        },
        "opening": "",
        "equipment": [],
        "rating": {
          "average": 0,
          "count": 0
        },
        "accessibility": {
          "wheelchair": "unknown",
          "stroller": "unknown"
        },
        "fenced": false,
        "toilets": false,
        "parking": {
          "free": true,
          "paid": false
        },
        "dogs": {
          "allowed": true,
          "leash": false
        },
        "municipality": "",
        "verified": true,
        "lastVerified": "2026-10-05",
        "sources": [
          {
            "type": "osm",
            "id": "node/1917700345",
            "retrievedAt": "2026-10-05"
          }
        ],
        "id": "osm-node-1917700345"
      },
      "geometry": {
        "type": "Point",
        "coordinates": [
          5.326046,
          60.404259
        ]
      }
    },
    {
      "type": "Feature",
      "properties": {
        "name": "Christinegården lekeplass",
        "source": "osm",
        "sourceId": "node/1917700356",
        "images": [],
        "age": {
          "min": 0,
          "max": 16
        },
        "opening": "",
        "equipment": [],
        "rating": {
          "average": 0,
          "count": 0
        },
        "accessibility": {
          "wheelchair": "unknown",
          "stroller": "unknown"
        },
        "fenced": false,
        "toilets": false,
        "parking": {
          "free": true,
          "paid": false
        },
        "dogs": {
          "allowed": true,
          "leash": false
        },
        "municipality": "",
        "verified": true,
        "lastVerified": "2026-10-05",
        "sources": [
          {
            "type": "osm",
            "id": "node/1917700356",
            "retrievedAt": "2026-10-05"
          }
        ],
        "id": "osm-node-1917700356"
      },
      "geometry": {
        "type": "Point",
        "coordinates": [
          5.328541,
          60.406006
        ]
      }
    },
    {
      "type": "Feature",
      "properties": {
        "name": "Dokkebakken barnepark",
        "source": "osm",
        "sourceId": "node/2049763008",
        "images": [],
        "age": {
          "min": 0,
          "max": 16
        },
        "opening": "",
        "equipment": [],
        "rating": {
          "average": 0,
          "count": 0
        },
        "accessibility": {
          "wheelchair": "unknown",
          "stroller": "unknown"
        },
        "fenced": false,
        "toilets": false,
        "parking": {
          "free": true,
          "paid": false
        },
        "dogs": {
          "allowed": true,
          "leash": false
        },
        "municipality": "",
        "verified": true,
        "lastVerified": "2026-10-05",
        "sources": [
          {
            "type": "osm",
            "id": "node/2049763008",
            "retrievedAt": "2026-10-05"
          }
        ],
        "id": "osm-node-2049763008"
      },
      "geometry": {
        "type": "Point",
        "coordinates": [
          5.316546,
          60.387714
        ]
      }
    },
    {
      "type": "Feature",
      "properties": {
        "name": "Jekteviksbakken lekeplass",
        "source": "osm",
        "sourceId": "node/2049763041",
        "images": [],
        "age": {
          "min": 0,
          "max": 16
        },
        "opening": "",
        "equipment": [],
        "rating": {
          "average": 0,
          "count": 0
        },
        "accessibility": {
          "wheelchair": "unknown",
          "stroller": "unknown"
        },
        "fenced": false,
        "toilets": false,
        "parking": {
          "free": true,
          "paid": false
        },
        "dogs": {
          "allowed": true,
          "leash": false
        },
        "municipality": "",
        "verified": true,
        "lastVerified": "2026-10-05",
        "sources": [
          {
            "type": "osm",
            "id": "node/2049763041",
            "retrievedAt": "2026-10-05"
          }
        ],
        "id": "osm-node-2049763041"
      },
      "geometry": {
        "type": "Point",
        "coordinates": [
          5.316165,
          60.388515
        ]
      }
    },
    {
      "type": "Feature",
      "properties": {
        "name": "Amalie Skrams vei lekeplass",
        "source": "osm",
        "sourceId": "node/2208498925",
        "images": [],
        "age": {
          "min": 0,
          "max": 16
        },
        "opening": "",
        "equipment": [],
        "rating": {
          "average": 0,
          "count": 0
        },
        "accessibility": {
          "wheelchair": "unknown",
          "stroller": "unknown"
        },
        "fenced": false,
        "toilets": false,
        "parking": {
          "free": true,
          "paid": false
        },
        "dogs": {
          "allowed": true,
          "leash": false
        },
        "municipality": "",
        "verified": true,
        "lastVerified": "2026-10-05",
        "sources": [
          {
            "type": "osm",
            "id": "node/2208498925",
            "retrievedAt": "2026-10-05"
          }
        ],
        "id": "osm-node-2208498925"
      },
      "geometry": {
        "type": "Point",
        "coordinates": [
          5.32411,
          60.409634
        ]
      }
    },
    {
      "type": "Feature",
      "properties": {
        "name": "Arbeiderboligen lekeplass",
        "source": "osm",
        "sourceId": "node/2208498926",
        "images": [],
        "age": {
          "min": 0,
          "max": 16
        },
        "opening": "",
        "equipment": [],
        "rating": {
          "average": 0,
          "count": 0
        },
        "accessibility": {
          "wheelchair": "unknown",
          "stroller": "unknown"
        },
        "fenced": false,
        "toilets": false,
        "parking": {
          "free": true,
          "paid": false
        },
        "dogs": {
          "allowed": true,
          "leash": false
        },
        "municipality": "",
        "verified": true,
        "lastVerified": "2026-10-05",
        "sources": [
          {
            "type": "osm",
            "id": "node/2208498926",
            "retrievedAt": "2026-10-05"
          }
        ],
        "id": "osm-node-2208498926"
      },
      "geometry": {
        "type": "Point",
        "coordinates": [
          5.32721,
          60.400307
        ]
      }
    },
    {
      "type": "Feature",
      "properties": {
        "name": "Bernhard Meyers vei lekeplass",
        "source": "osm",
        "sourceId": "node/2208498929",
        "images": [],
        "age": {
          "min": 0,
          "max": 16
        },
        "opening": "",
        "equipment": [],
        "rating": {
          "average": 0,
          "count": 0
        },
        "accessibility": {
          "wheelchair": "unknown",
          "stroller": "unknown"
        },
        "fenced": false,
        "toilets": false,
        "parking": {
          "free": true,
          "paid": false
        },
        "dogs": {
          "allowed": true,
          "leash": false
        },
        "municipality": "",
        "verified": true,
        "lastVerified": "2026-10-05",
        "sources": [
          {
            "type": "osm",
            "id": "node/2208498929",
            "retrievedAt": "2026-10-05"
          }
        ],
        "id": "osm-node-2208498929"
      },
      "geometry": {
        "type": "Point",
        "coordinates": [
          5.329953,
          60.395927
        ]
      }
    },
    {
      "type": "Feature",
      "properties": {
        "name": "Bøkeveien lekeplass",
        "source": "osm",
        "sourceId": "node/2208498934",
        "images": [],
        "age": {
          "min": 0,
          "max": 16
        },
        "opening": "",
        "equipment": [],
        "rating": {
          "average": 0,
          "count": 0
        },
        "accessibility": {
          "wheelchair": "unknown",
          "stroller": "unknown"
        },
        "fenced": false,
        "toilets": false,
        "parking": {
          "free": true,
          "paid": false
        },
        "dogs": {
          "allowed": true,
          "leash": false
        },
        "municipality": "",
        "verified": true,
        "lastVerified": "2026-10-05",
        "sources": [
          {
            "type": "osm",
            "id": "node/2208498934",
            "retrievedAt": "2026-10-05"
          }
        ],
        "id": "osm-node-2208498934"
      },
      "geometry": {
        "type": "Point",
        "coordinates": [
          5.358995,
          60.363117
        ]
      }
    },
    {
      "type": "Feature",
      "properties": {
        "name": "Bøkkergaten lekeplass",
        "source": "osm",
        "sourceId": "node/2208498935",
        "images": [],
        "age": {
          "min": 0,
          "max": 16
        },
        "opening": "",
        "equipment": [],
        "rating": {
          "average": 0,
          "count": 0
        },
        "accessibility": {
          "wheelchair": "unknown",
          "stroller": "unknown"
        },
        "fenced": false,
        "toilets": false,
        "parking": {
          "free": true,
          "paid": false
        },
        "dogs": {
          "allowed": true,
          "leash": false
        },
        "municipality": "",
        "verified": true,
        "lastVerified": "2026-10-05",
        "sources": [
          {
            "type": "osm",
            "id": "node/2208498935",
            "retrievedAt": "2026-10-05"
          }
        ],
        "id": "osm-node-2208498935"
      },
      "geometry": {
        "type": "Point",
        "coordinates": [
          5.322305,
          60.402195
        ]
      }
    },
    {
      "type": "Feature",
      "properties": {
        "name": "Corps de Garde lekeplass",
        "source": "osm",
        "sourceId": "node/2208498937",
        "images": [],
        "age": {
          "min": 0,
          "max": 16
        },
        "opening": "",
        "equipment": [],
        "rating": {
          "average": 0,
          "count": 0
        },
        "accessibility": {
          "wheelchair": "unknown",
          "stroller": "unknown"
        },
        "fenced": false,
        "toilets": false,
        "parking": {
          "free": true,
          "paid": false
        },
        "dogs": {
          "allowed": true,
          "leash": false
        },
        "municipality": "",
        "verified": true,
        "lastVerified": "2026-10-05",
        "sources": [
          {
            "type": "osm",
            "id": "node/2208498937",
            "retrievedAt": "2026-10-05"
          }
        ],
        "id": "osm-node-2208498937"
      },
      "geometry": {
        "type": "Point",
        "coordinates": [
          5.316685,
          60.394714
        ]
      }
    },
    {
      "type": "Feature",
      "properties": {
        "name": "Damsgård lekeplass",
        "source": "osm",
        "sourceId": "node/2208498938",
        "images": [],
        "age": {
          "min": 0,
          "max": 16
        },
        "opening": "",
        "equipment": [],
        "rating": {
          "average": 0,
          "count": 0
        },
        "accessibility": {
          "wheelchair": "unknown",
          "stroller": "unknown"
        },
        "fenced": false,
        "toilets": false,
        "parking": {
          "free": true,
          "paid": false
        },
        "dogs": {
          "allowed": true,
          "leash": false
        },
        "municipality": "",
        "verified": true,
        "lastVerified": "2026-10-05",
        "sources": [
          {
            "type": "osm",
            "id": "node/2208498938",
            "retrievedAt": "2026-10-05"
          }
        ],
        "id": "osm-node-2208498938"
      },
      "geometry": {
        "type": "Point",
        "coordinates": [
          5.3011787,
          60.384348
        ]
      }
    },
    {
      "type": "Feature",
      "properties": {
        "name": "Eidsvågbakken lekeplass",
        "source": "osm",
        "sourceId": "node/2208498942",
        "images": [],
        "age": {
          "min": 0,
          "max": 16
        },
        "opening": "",
        "equipment": [],
        "rating": {
          "average": 0,
          "count": 0
        },
        "accessibility": {
          "wheelchair": "unknown",
          "stroller": "unknown"
        },
        "fenced": false,
        "toilets": false,
        "parking": {
          "free": true,
          "paid": false
        },
        "dogs": {
          "allowed": true,
          "leash": false
        },
        "municipality": "",
        "verified": true,
        "lastVerified": "2026-10-05",
        "sources": [
          {
            "type": "osm",
            "id": "node/2208498942",
            "retrievedAt": "2026-10-05"
          }
        ],
        "id": "osm-node-2208498942"
      },
      "geometry": {
        "type": "Point",
        "coordinates": [
          5.316795,
          60.43568
        ]
      }
    },
    {
      "type": "Feature",
      "properties": {
        "name": "Eidsvågskogen lekplass",
        "source": "osm",
        "sourceId": "node/2208498943",
        "images": [],
        "age": {
          "min": 0,
          "max": 16
        },
        "opening": "",
        "equipment": [],
        "rating": {
          "average": 0,
          "count": 0
        },
        "accessibility": {
          "wheelchair": "unknown",
          "stroller": "unknown"
        },
        "fenced": false,
        "toilets": false,
        "parking": {
          "free": true,
          "paid": false
        },
        "dogs": {
          "allowed": true,
          "leash": false
        },
        "municipality": "",
        "verified": true,
        "lastVerified": "2026-10-05",
        "sources": [
          {
            "type": "osm",
            "id": "node/2208498943",
            "retrievedAt": "2026-10-05"
          }
        ],
        "id": "osm-node-2208498943"
      },
      "geometry": {
        "type": "Point",
        "coordinates": [
          5.293887,
          60.442219
        ]
      }
    },
    {
      "type": "Feature",
      "properties": {
        "name": "Fagerdalshøgda lekeplass",
        "source": "osm",
        "sourceId": "node/2208498945",
        "images": [],
        "age": {
          "min": 0,
          "max": 16
        },
        "opening": "",
        "equipment": [],
        "rating": {
          "average": 0,
          "count": 0
        },
        "accessibility": {
          "wheelchair": "unknown",
          "stroller": "unknown"
        },
        "fenced": false,
        "toilets": false,
        "parking": {
          "free": true,
          "paid": false
        },
        "dogs": {
          "allowed": true,
          "leash": false
        },
        "municipality": "",
        "verified": true,
        "lastVerified": "2026-10-05",
        "sources": [
          {
            "type": "osm",
            "id": "node/2208498945",
            "retrievedAt": "2026-10-05"
          }
        ],
        "id": "osm-node-2208498945"
      },
      "geometry": {
        "type": "Point",
        "coordinates": [
          5.2906918,
          60.4400636
        ]
      }
    },
    {
      "type": "Feature",
      "properties": {
        "name": "Festergrenden lekeplass",
        "source": "osm",
        "sourceId": "node/2208498947",
        "images": [],
        "age": {
          "min": 0,
          "max": 16
        },
        "opening": "",
        "equipment": [],
        "rating": {
          "average": 0,
          "count": 0
        },
        "accessibility": {
          "wheelchair": "unknown",
          "stroller": "unknown"
        },
        "fenced": false,
        "toilets": false,
        "parking": {
          "free": true,
          "paid": false
        },
        "dogs": {
          "allowed": true,
          "leash": false
        },
        "municipality": "",
        "verified": true,
        "lastVerified": "2026-10-05",
        "sources": [
          {
            "type": "osm",
            "id": "node/2208498947",
            "retrievedAt": "2026-10-05"
          }
        ],
        "id": "osm-node-2208498947"
      },
      "geometry": {
        "type": "Point",
        "coordinates": [
          5.324536,
          60.407288
        ]
      }
    },
    {
      "type": "Feature",
      "properties": {
        "name": "Fjæregrenden lekeplass",
        "source": "osm",
        "sourceId": "node/2208498949",
        "images": [],
        "age": {
          "min": 0,
          "max": 16
        },
        "opening": "",
        "equipment": [],
        "rating": {
          "average": 0,
          "count": 0
        },
        "accessibility": {
          "wheelchair": "unknown",
          "stroller": "unknown"
        },
        "fenced": false,
        "toilets": false,
        "parking": {
          "free": true,
          "paid": false
        },
        "dogs": {
          "allowed": true,
          "leash": false
        },
        "municipality": "",
        "verified": true,
        "lastVerified": "2026-10-05",
        "sources": [
          {
            "type": "osm",
            "id": "node/2208498949",
            "retrievedAt": "2026-10-05"
          }
        ],
        "id": "osm-node-2208498949"
      },
      "geometry": {
        "type": "Point",
        "coordinates": [
          5.322436,
          60.407238
        ]
      }
    },
    {
      "type": "Feature",
      "properties": {
        "name": "Flagghaugen barnepark",
        "source": "osm",
        "sourceId": "node/2208498950",
        "images": [],
        "age": {
          "min": 0,
          "max": 16
        },
        "opening": "",
        "equipment": [],
        "rating": {
          "average": 0,
          "count": 0
        },
        "accessibility": {
          "wheelchair": "unknown",
          "stroller": "unknown"
        },
        "fenced": false,
        "toilets": false,
        "parking": {
          "free": true,
          "paid": false
        },
        "dogs": {
          "allowed": true,
          "leash": false
        },
        "municipality": "",
        "verified": true,
        "lastVerified": "2026-10-05",
        "sources": [
          {
            "type": "osm",
            "id": "node/2208498950",
            "retrievedAt": "2026-10-05"
          }
        ],
        "id": "osm-node-2208498950"
      },
      "geometry": {
        "type": "Point",
        "coordinates": [
          5.3074,
          60.42345
        ]
      }
    },
    {
      "type": "Feature",
      "properties": {
        "name": "Fredens bolig lekeplass",
        "source": "osm",
        "sourceId": "node/2208498952",
        "images": [],
        "age": {
          "min": 0,
          "max": 16
        },
        "opening": "",
        "equipment": [],
        "rating": {
          "average": 0,
          "count": 0
        },
        "accessibility": {
          "wheelchair": "unknown",
          "stroller": "unknown"
        },
        "fenced": false,
        "toilets": false,
        "parking": {
          "free": true,
          "paid": false
        },
        "dogs": {
          "allowed": true,
          "leash": false
        },
        "municipality": "",
        "verified": true,
        "lastVerified": "2026-10-05",
        "sources": [
          {
            "type": "osm",
            "id": "node/2208498952",
            "retrievedAt": "2026-10-05"
          }
        ],
        "id": "osm-node-2208498952"
      },
      "geometry": {
        "type": "Point",
        "coordinates": [
          5.3281038,
          60.4008178
        ]
      }
    },
    {
      "type": "Feature",
      "properties": {
        "name": "Fredriksbergsgaten lekeplass",
        "source": "osm",
        "sourceId": "node/2208498953",
        "images": [],
        "age": {
          "min": 0,
          "max": 16
        },
        "opening": "",
        "equipment": [],
        "rating": {
          "average": 0,
          "count": 0
        },
        "accessibility": {
          "wheelchair": "unknown",
          "stroller": "unknown"
        },
        "fenced": false,
        "toilets": false,
        "parking": {
          "free": true,
          "paid": false
        },
        "dogs": {
          "allowed": true,
          "leash": false
        },
        "municipality": "",
        "verified": true,
        "lastVerified": "2026-10-05",
        "sources": [
          {
            "type": "osm",
            "id": "node/2208498953",
            "retrievedAt": "2026-10-05"
          }
        ],
        "id": "osm-node-2208498953"
      },
      "geometry": {
        "type": "Point",
        "coordinates": [
          5.309816,
          60.397362
        ]
      }
    },
    {
      "type": "Feature",
      "properties": {
        "name": "Galgebakken lekeplass",
        "source": "osm",
        "sourceId": "node/2208498956",
        "images": [],
        "age": {
          "min": 0,
          "max": 16
        },
        "opening": "",
        "equipment": [],
        "rating": {
          "average": 0,
          "count": 0
        },
        "accessibility": {
          "wheelchair": "unknown",
          "stroller": "unknown"
        },
        "fenced": false,
        "toilets": false,
        "parking": {
          "free": true,
          "paid": false
        },
        "dogs": {
          "allowed": true,
          "leash": false
        },
        "municipality": "",
        "verified": true,
        "lastVerified": "2026-10-05",
        "sources": [
          {
            "type": "osm",
            "id": "node/2208498956",
            "retrievedAt": "2026-10-05"
          }
        ],
        "id": "osm-node-2208498956"
      },
      "geometry": {
        "type": "Point",
        "coordinates": [
          5.3106462,
          60.3957139
        ]
      }
    },
    {
      "type": "Feature",
      "properties": {
        "name": "Gamlevegen lekeplass",
        "source": "osm",
        "sourceId": "node/2208498957",
        "images": [],
        "age": {
          "min": 0,
          "max": 16
        },
        "opening": "",
        "equipment": [],
        "rating": {
          "average": 0,
          "count": 0
        },
        "accessibility": {
          "wheelchair": "unknown",
          "stroller": "unknown"
        },
        "fenced": false,
        "toilets": false,
        "parking": {
          "free": true,
          "paid": false
        },
        "dogs": {
          "allowed": true,
          "leash": false
        },
        "municipality": "",
        "verified": true,
        "lastVerified": "2026-10-05",
        "sources": [
          {
            "type": "osm",
            "id": "node/2208498957",
            "retrievedAt": "2026-10-05"
          }
        ],
        "id": "osm-node-2208498957"
      },
      "geometry": {
        "type": "Point",
        "coordinates": [
          5.447427,
          60.449997
        ]
      }
    },
    {
      "type": "Feature",
      "properties": {
        "name": "Georgernes verft lekeplass",
        "source": "osm",
        "sourceId": "node/2208498958",
        "images": [],
        "age": {
          "min": 0,
          "max": 16
        },
        "opening": "",
        "equipment": [],
        "rating": {
          "average": 0,
          "count": 0
        },
        "accessibility": {
          "wheelchair": "unknown",
          "stroller": "unknown"
        },
        "fenced": false,
        "toilets": false,
        "parking": {
          "free": true,
          "paid": false
        },
        "dogs": {
          "allowed": true,
          "leash": false
        },
        "municipality": "",
        "verified": true,
        "lastVerified": "2026-10-05",
        "sources": [
          {
            "type": "osm",
            "id": "node/2208498958",
            "retrievedAt": "2026-10-05"
          }
        ],
        "id": "osm-node-2208498958"
      },
      "geometry": {
        "type": "Point",
        "coordinates": [
          5.307695,
          60.396271
        ]
      }
    },
    {
      "type": "Feature",
      "properties": {
        "name": "Hjelms vei lekeplass",
        "source": "osm",
        "sourceId": "node/2208498963",
        "images": [],
        "age": {
          "min": 0,
          "max": 16
        },
        "opening": "",
        "equipment": [],
        "rating": {
          "average": 0,
          "count": 0
        },
        "accessibility": {
          "wheelchair": "unknown",
          "stroller": "unknown"
        },
        "fenced": false,
        "toilets": false,
        "parking": {
          "free": true,
          "paid": false
        },
        "dogs": {
          "allowed": true,
          "leash": false
        },
        "municipality": "",
        "verified": true,
        "lastVerified": "2026-10-05",
        "sources": [
          {
            "type": "osm",
            "id": "node/2208498963",
            "retrievedAt": "2026-10-05"
          }
        ],
        "id": "osm-node-2208498963"
      },
      "geometry": {
        "type": "Point",
        "coordinates": [
          5.350492,
          60.36367
        ]
      }
    },
    {
      "type": "Feature",
      "properties": {
        "name": "Kolstien lekeplass",
        "source": "osm",
        "sourceId": "node/2208498979",
        "images": [],
        "age": {
          "min": 0,
          "max": 16
        },
        "opening": "",
        "equipment": [],
        "rating": {
          "average": 0,
          "count": 0
        },
        "accessibility": {
          "wheelchair": "unknown",
          "stroller": "unknown"
        },
        "fenced": false,
        "toilets": false,
        "parking": {
          "free": true,
          "paid": false
        },
        "dogs": {
          "allowed": true,
          "leash": false
        },
        "municipality": "",
        "verified": true,
        "lastVerified": "2026-10-05",
        "sources": [
          {
            "type": "osm",
            "id": "node/2208498979",
            "retrievedAt": "2026-10-05"
          }
        ],
        "id": "osm-node-2208498979"
      },
      "geometry": {
        "type": "Point",
        "coordinates": [
          5.373334,
          60.357643
        ]
      }
    },
    {
      "type": "Feature",
      "properties": {
        "name": "Kroken lekeplass",
        "source": "osm",
        "sourceId": "node/2208498982",
        "images": [],
        "age": {
          "min": 0,
          "max": 16
        },
        "opening": "",
        "equipment": [],
        "rating": {
          "average": 0,
          "count": 0
        },
        "accessibility": {
          "wheelchair": "unknown",
          "stroller": "unknown"
        },
        "fenced": false,
        "toilets": false,
        "parking": {
          "free": true,
          "paid": false
        },
        "dogs": {
          "allowed": true,
          "leash": false
        },
        "municipality": "",
        "verified": true,
        "lastVerified": "2026-10-05",
        "sources": [
          {
            "type": "osm",
            "id": "node/2208498982",
            "retrievedAt": "2026-10-05"
          }
        ],
        "id": "osm-node-2208498982"
      },
      "geometry": {
        "type": "Point",
        "coordinates": [
          5.323595,
          60.399235
        ]
      }
    },
    {
      "type": "Feature",
      "properties": {
        "name": "Laksevåg lekeplass",
        "source": "osm",
        "sourceId": "node/2208498984",
        "images": [],
        "age": {
          "min": 0,
          "max": 16
        },
        "opening": "",
        "equipment": [],
        "rating": {
          "average": 0,
          "count": 0
        },
        "accessibility": {
          "wheelchair": "unknown",
          "stroller": "unknown"
        },
        "fenced": false,
        "toilets": false,
        "parking": {
          "free": true,
          "paid": false
        },
        "dogs": {
          "allowed": true,
          "leash": false
        },
        "municipality": "",
        "verified": true,
        "lastVerified": "2026-10-05",
        "sources": [
          {
            "type": "osm",
            "id": "node/2208498984",
            "retrievedAt": "2026-10-05"
          }
        ],
        "id": "osm-node-2208498984"
      },
      "geometry": {
        "type": "Point",
        "coordinates": [
          5.301587,
          60.385986
        ]
      }
    },
    {
      "type": "Feature",
      "properties": {
        "name": "Landåslien lekeplass",
        "source": "osm",
        "sourceId": "node/2208498985",
        "images": [],
        "age": {
          "min": 0,
          "max": 16
        },
        "opening": "",
        "equipment": [],
        "rating": {
          "average": 0,
          "count": 0
        },
        "accessibility": {
          "wheelchair": "unknown",
          "stroller": "unknown"
        },
        "fenced": false,
        "toilets": false,
        "parking": {
          "free": true,
          "paid": false
        },
        "dogs": {
          "allowed": true,
          "leash": false
        },
        "municipality": "",
        "verified": true,
        "lastVerified": "2026-10-05",
        "sources": [
          {
            "type": "osm",
            "id": "node/2208498985",
            "retrievedAt": "2026-10-05"
          }
        ],
        "id": "osm-node-2208498985"
      },
      "geometry": {
        "type": "Point",
        "coordinates": [
          5.373591,
          60.360332
        ]
      }
    },
    {
      "type": "Feature",
      "properties": {
        "name": "Lyngbø lekeplass",
        "source": "osm",
        "sourceId": "node/2208498991",
        "images": [],
        "age": {
          "min": 0,
          "max": 16
        },
        "opening": "",
        "equipment": [],
        "rating": {
          "average": 0,
          "count": 0
        },
        "accessibility": {
          "wheelchair": "unknown",
          "stroller": "unknown"
        },
        "fenced": false,
        "toilets": false,
        "parking": {
          "free": true,
          "paid": false
        },
        "dogs": {
          "allowed": true,
          "leash": false
        },
        "municipality": "",
        "verified": true,
        "lastVerified": "2026-10-05",
        "sources": [
          {
            "type": "osm",
            "id": "node/2208498991",
            "retrievedAt": "2026-10-05"
          }
        ],
        "id": "osm-node-2208498991"
      },
      "geometry": {
        "type": "Point",
        "coordinates": [
          5.26715,
          60.376823
        ]
      }
    },
    {
      "type": "Feature",
      "properties": {
        "name": "Munkebotn lekeplass",
        "source": "osm",
        "sourceId": "node/2208498996",
        "images": [],
        "age": {
          "min": 0,
          "max": 16
        },
        "opening": "",
        "equipment": [],
        "rating": {
          "average": 0,
          "count": 0
        },
        "accessibility": {
          "wheelchair": "unknown",
          "stroller": "unknown"
        },
        "fenced": false,
        "toilets": false,
        "parking": {
          "free": true,
          "paid": false
        },
        "dogs": {
          "allowed": true,
          "leash": false
        },
        "municipality": "",
        "verified": true,
        "lastVerified": "2026-10-05",
        "sources": [
          {
            "type": "osm",
            "id": "node/2208498996",
            "retrievedAt": "2026-10-05"
          }
        ],
        "id": "osm-node-2208498996"
      },
      "geometry": {
        "type": "Point",
        "coordinates": [
          5.3150887,
          60.417339
        ]
      }
    },
    {
      "type": "Feature",
      "properties": {
        "name": "Nordnes lekeplass",
        "source": "osm",
        "sourceId": "node/2208498998",
        "images": [],
        "age": {
          "min": 0,
          "max": 16
        },
        "opening": "",
        "equipment": [],
        "rating": {
          "average": 0,
          "count": 0
        },
        "accessibility": {
          "wheelchair": "unknown",
          "stroller": "unknown"
        },
        "fenced": false,
        "toilets": false,
        "parking": {
          "free": true,
          "paid": false
        },
        "dogs": {
          "allowed": true,
          "leash": false
        },
        "municipality": "",
        "verified": true,
        "lastVerified": "2026-10-05",
        "sources": [
          {
            "type": "osm",
            "id": "node/2208498998",
            "retrievedAt": "2026-10-05"
          }
        ],
        "id": "osm-node-2208498998"
      },
      "geometry": {
        "type": "Point",
        "coordinates": [
          5.3052243,
          60.3981254
        ]
      }
    },
    {
      "type": "Feature",
      "properties": {
        "name": "Nordnesbakken lekeplass",
        "source": "osm",
        "sourceId": "node/2208498999",
        "images": [],
        "age": {
          "min": 0,
          "max": 16
        },
        "opening": "",
        "equipment": [],
        "rating": {
          "average": 0,
          "count": 0
        },
        "accessibility": {
          "wheelchair": "unknown",
          "stroller": "unknown"
        },
        "fenced": false,
        "toilets": false,
        "parking": {
          "free": true,
          "paid": false
        },
        "dogs": {
          "allowed": true,
          "leash": false
        },
        "municipality": "",
        "verified": true,
        "lastVerified": "2026-10-05",
        "sources": [
          {
            "type": "osm",
            "id": "node/2208498999",
            "retrievedAt": "2026-10-05"
          }
        ],
        "id": "osm-node-2208498999"
      },
      "geometry": {
        "type": "Point",
        "coordinates": [
          5.304358,
          60.398659
        ]
      }
    },
    {
      "type": "Feature",
      "properties": {
        "name": "Ole Irgens vei lekeplass",
        "source": "osm",
        "sourceId": "node/2208499004",
        "images": [],
        "age": {
          "min": 0,
          "max": 16
        },
        "opening": "",
        "equipment": [],
        "rating": {
          "average": 0,
          "count": 0
        },
        "accessibility": {
          "wheelchair": "unknown",
          "stroller": "unknown"
        },
        "fenced": false,
        "toilets": false,
        "parking": {
          "free": true,
          "paid": false
        },
        "dogs": {
          "allowed": true,
          "leash": false
        },
        "municipality": "",
        "verified": true,
        "lastVerified": "2026-10-05",
        "sources": [
          {
            "type": "osm",
            "id": "node/2208499004",
            "retrievedAt": "2026-10-05"
          }
        ],
        "id": "osm-node-2208499004"
      },
      "geometry": {
        "type": "Point",
        "coordinates": [
          5.35264,
          60.387684
        ]
      }
    },
    {
      "type": "Feature",
      "properties": {
        "name": "Sandvikskirken lekeplass",
        "source": "osm",
        "sourceId": "node/2208499009",
        "images": [],
        "age": {
          "min": 0,
          "max": 16
        },
        "opening": "",
        "equipment": [],
        "rating": {
          "average": 0,
          "count": 0
        },
        "accessibility": {
          "wheelchair": "unknown",
          "stroller": "unknown"
        },
        "fenced": false,
        "toilets": false,
        "parking": {
          "free": true,
          "paid": false
        },
        "dogs": {
          "allowed": true,
          "leash": false
        },
        "municipality": "",
        "verified": true,
        "lastVerified": "2026-10-05",
        "sources": [
          {
            "type": "osm",
            "id": "node/2208499009",
            "retrievedAt": "2026-10-05"
          }
        ],
        "id": "osm-node-2208499009"
      },
      "geometry": {
        "type": "Point",
        "coordinates": [
          5.325601,
          60.405636
        ]
      }
    },
    {
      "type": "Feature",
      "properties": {
        "name": "Selvik lekeplass",
        "source": "osm",
        "sourceId": "node/2208499011",
        "images": [],
        "age": {
          "min": 0,
          "max": 16
        },
        "opening": "",
        "equipment": [],
        "rating": {
          "average": 0,
          "count": 0
        },
        "accessibility": {
          "wheelchair": "unknown",
          "stroller": "unknown"
        },
        "fenced": false,
        "toilets": false,
        "parking": {
          "free": true,
          "paid": false
        },
        "dogs": {
          "allowed": true,
          "leash": false
        },
        "municipality": "",
        "verified": true,
        "lastVerified": "2026-10-05",
        "sources": [
          {
            "type": "osm",
            "id": "node/2208499011",
            "retrievedAt": "2026-10-05"
          }
        ],
        "id": "osm-node-2208499011"
      },
      "geometry": {
        "type": "Point",
        "coordinates": [
          5.340351,
          60.437805
        ]
      }
    },
    {
      "type": "Feature",
      "properties": {
        "name": "Skivebakken lekeplass",
        "source": "osm",
        "sourceId": "node/2208499014",
        "images": [],
        "age": {
          "min": 0,
          "max": 16
        },
        "opening": "",
        "equipment": [],
        "rating": {
          "average": 0,
          "count": 0
        },
        "accessibility": {
          "wheelchair": "unknown",
          "stroller": "unknown"
        },
        "fenced": false,
        "toilets": false,
        "parking": {
          "free": true,
          "paid": false
        },
        "dogs": {
          "allowed": true,
          "leash": false
        },
        "municipality": "",
        "verified": true,
        "lastVerified": "2026-10-05",
        "sources": [
          {
            "type": "osm",
            "id": "node/2208499014",
            "retrievedAt": "2026-10-05"
          }
        ],
        "id": "osm-node-2208499014"
      },
      "geometry": {
        "type": "Point",
        "coordinates": [
          5.33615,
          60.391979
        ]
      }
    },
    {
      "type": "Feature",
      "properties": {
        "name": "Sophus Pihls gate lekeplass",
        "source": "osm",
        "sourceId": "node/2208499023",
        "images": [],
        "age": {
          "min": 0,
          "max": 16
        },
        "opening": "",
        "equipment": [],
        "rating": {
          "average": 0,
          "count": 0
        },
        "accessibility": {
          "wheelchair": "unknown",
          "stroller": "unknown"
        },
        "fenced": false,
        "toilets": false,
        "parking": {
          "free": true,
          "paid": false
        },
        "dogs": {
          "allowed": true,
          "leash": false
        },
        "municipality": "",
        "verified": true,
        "lastVerified": "2026-10-05",
        "sources": [
          {
            "type": "osm",
            "id": "node/2208499023",
            "retrievedAt": "2026-10-05"
          }
        ],
        "id": "osm-node-2208499023"
      },
      "geometry": {
        "type": "Point",
        "coordinates": [
          5.329568,
          60.402653
        ]
      }
    },
    {
      "type": "Feature",
      "properties": {
        "name": "Sudmanns vei barnepark",
        "source": "osm",
        "sourceId": "node/2208499030",
        "images": [],
        "age": {
          "min": 0,
          "max": 16
        },
        "opening": "",
        "equipment": [],
        "rating": {
          "average": 0,
          "count": 0
        },
        "accessibility": {
          "wheelchair": "unknown",
          "stroller": "unknown"
        },
        "fenced": false,
        "toilets": false,
        "parking": {
          "free": true,
          "paid": false
        },
        "dogs": {
          "allowed": true,
          "leash": false
        },
        "municipality": "",
        "verified": true,
        "lastVerified": "2026-10-05",
        "sources": [
          {
            "type": "osm",
            "id": "node/2208499030",
            "retrievedAt": "2026-10-05"
          }
        ],
        "id": "osm-node-2208499030"
      },
      "geometry": {
        "type": "Point",
        "coordinates": [
          5.32536,
          60.411942
        ]
      }
    },
    {
      "type": "Feature",
      "properties": {
        "name": "Tveiteparken",
        "source": "osm",
        "sourceId": "node/2208499048",
        "images": [],
        "age": {
          "min": 0,
          "max": 16
        },
        "opening": "",
        "equipment": [],
        "rating": {
          "average": 0,
          "count": 0
        },
        "accessibility": {
          "wheelchair": "unknown",
          "stroller": "unknown"
        },
        "fenced": false,
        "toilets": false,
        "parking": {
          "free": true,
          "paid": false
        },
        "dogs": {
          "allowed": true,
          "leash": false
        },
        "municipality": "",
        "verified": true,
        "lastVerified": "2026-10-05",
        "sources": [
          {
            "type": "osm",
            "id": "node/2208499048",
            "retrievedAt": "2026-10-05"
          }
        ],
        "id": "osm-node-2208499048"
      },
      "geometry": {
        "type": "Point",
        "coordinates": [
          5.3551762,
          60.3515633
        ]
      }
    },
    {
      "type": "Feature",
      "properties": {
        "name": "Verftsbakken lekeplass",
        "source": "osm",
        "sourceId": "node/2208499051",
        "images": [],
        "age": {
          "min": 0,
          "max": 16
        },
        "opening": "",
        "equipment": [],
        "rating": {
          "average": 0,
          "count": 0
        },
        "accessibility": {
          "wheelchair": "unknown",
          "stroller": "unknown"
        },
        "fenced": false,
        "toilets": false,
        "parking": {
          "free": true,
          "paid": false
        },
        "dogs": {
          "allowed": true,
          "leash": false
        },
        "municipality": "",
        "verified": true,
        "lastVerified": "2026-10-05",
        "sources": [
          {
            "type": "osm",
            "id": "node/2208499051",
            "retrievedAt": "2026-10-05"
          }
        ],
        "id": "osm-node-2208499051"
      },
      "geometry": {
        "type": "Point",
        "coordinates": [
          5.311219,
          60.395428
        ]
      }
    },
    {
      "type": "Feature",
      "properties": {
        "name": "Øvre Lønborg lekeplass",
        "source": "osm",
        "sourceId": "node/2208499055",
        "images": [],
        "age": {
          "min": 0,
          "max": 16
        },
        "opening": "",
        "equipment": [],
        "rating": {
          "average": 0,
          "count": 0
        },
        "accessibility": {
          "wheelchair": "unknown",
          "stroller": "unknown"
        },
        "fenced": false,
        "toilets": false,
        "parking": {
          "free": true,
          "paid": false
        },
        "dogs": {
          "allowed": true,
          "leash": false
        },
        "municipality": "",
        "verified": true,
        "lastVerified": "2026-10-05",
        "sources": [
          {
            "type": "osm",
            "id": "node/2208499055",
            "retrievedAt": "2026-10-05"
          }
        ],
        "id": "osm-node-2208499055"
      },
      "geometry": {
        "type": "Point",
        "coordinates": [
          5.283855,
          60.439121
        ]
      }
    },
    {
      "type": "Feature",
      "properties": {
        "name": "Utkjent lekeplass",
        "source": "osm",
        "sourceId": "node/2707460081",
        "images": [],
        "age": {
          "min": 0,
          "max": 16
        },
        "opening": "",
        "equipment": [],
        "rating": {
          "average": 0,
          "count": 0
        },
        "accessibility": {
          "wheelchair": "unknown",
          "stroller": "unknown"
        },
        "fenced": false,
        "toilets": false,
        "parking": {
          "free": true,
          "paid": false
        },
        "dogs": {
          "allowed": true,
          "leash": false
        },
        "municipality": "",
        "verified": false,
        "lastVerified": "2026-10-05",
        "sources": [
          {
            "type": "osm",
            "id": "node/2707460081",
            "retrievedAt": "2026-10-05"
          }
        ],
        "id": "osm-node-2707460081"
      },
      "geometry": {
        "type": "Point",
        "coordinates": [
          5.358444,
          60.35055
        ]
      }
    },
    {
      "type": "Feature",
      "properties": {
        "name": "Utkjent lekeplass",
        "source": "osm",
        "sourceId": "node/2795257622",
        "images": [],
        "age": {
          "min": 0,
          "max": 16
        },
        "opening": "",
        "equipment": [],
        "rating": {
          "average": 0,
          "count": 0
        },
        "accessibility": {
          "wheelchair": "unknown",
          "stroller": "unknown"
        },
        "fenced": false,
        "toilets": false,
        "parking": {
          "free": true,
          "paid": false
        },
        "dogs": {
          "allowed": true,
          "leash": false
        },
        "municipality": "",
        "verified": false,
        "lastVerified": "2026-10-05",
        "sources": [
          {
            "type": "osm",
            "id": "node/2795257622",
            "retrievedAt": "2026-10-05"
          }
        ],
        "id": "osm-node-2795257622"
      },
      "geometry": {
        "type": "Point",
        "coordinates": [
          5.3619242,
          60.3549205
        ]
      }
    },
    {
      "type": "Feature",
      "properties": {
        "name": "Utkjent lekeplass",
        "source": "osm",
        "sourceId": "node/2807016088",
        "images": [],
        "age": {
          "min": 0,
          "max": 16
        },
        "opening": "",
        "equipment": [],
        "rating": {
          "average": 0,
          "count": 0
        },
        "accessibility": {
          "wheelchair": "unknown",
          "stroller": "unknown"
        },
        "fenced": false,
        "toilets": false,
        "parking": {
          "free": true,
          "paid": false
        },
        "dogs": {
          "allowed": true,
          "leash": false
        },
        "municipality": "",
        "verified": false,
        "lastVerified": "2026-10-05",
        "sources": [
          {
            "type": "osm",
            "id": "node/2807016088",
            "retrievedAt": "2026-10-05"
          }
        ],
        "id": "osm-node-2807016088"
      },
      "geometry": {
        "type": "Point",
        "coordinates": [
          5.3596102,
          60.3577675
        ]
      }
    },
    {
      "type": "Feature",
      "properties": {
        "name": "Utkjent lekeplass",
        "source": "osm",
        "sourceId": "node/3350231337",
        "images": [],
        "age": {
          "min": 0,
          "max": 16
        },
        "opening": "",
        "equipment": [],
        "rating": {
          "average": 0,
          "count": 0
        },
        "accessibility": {
          "wheelchair": "unknown",
          "stroller": "unknown"
        },
        "fenced": false,
        "toilets": false,
        "parking": {
          "free": true,
          "paid": false
        },
        "dogs": {
          "allowed": true,
          "leash": false
        },
        "municipality": "",
        "verified": false,
        "lastVerified": "2026-10-05",
        "sources": [
          {
            "type": "osm",
            "id": "node/3350231337",
            "retrievedAt": "2026-10-05"
          }
        ],
        "id": "osm-node-3350231337"
      },
      "geometry": {
        "type": "Point",
        "coordinates": [
          5.7175485,
          58.9640408
        ]
      }
    },
    {
      "type": "Feature",
      "properties": {
        "name": "Sunde skole",
        "source": "osm",
        "sourceId": "node/3368081144",
        "images": [],
        "age": {
          "min": 0,
          "max": 16
        },
        "opening": "",
        "equipment": [],
        "rating": {
          "average": 0,
          "count": 0
        },
        "accessibility": {
          "wheelchair": "unknown",
          "stroller": "unknown"
        },
        "fenced": false,
        "toilets": false,
        "parking": {
          "free": true,
          "paid": false
        },
        "dogs": {
          "allowed": true,
          "leash": false
        },
        "municipality": "",
        "verified": true,
        "lastVerified": "2026-10-05",
        "sources": [
          {
            "type": "osm",
            "id": "node/3368081144",
            "retrievedAt": "2026-10-05"
          }
        ],
        "id": "osm-node-3368081144"
      },
      "geometry": {
        "type": "Point",
        "coordinates": [
          5.6213552,
          58.9613093
        ]
      }
    },
    {
      "type": "Feature",
      "properties": {
        "name": "Utkjent lekeplass",
        "source": "osm",
        "sourceId": "node/3368088112",
        "images": [],
        "age": {
          "min": 0,
          "max": 16
        },
        "opening": "",
        "equipment": [],
        "rating": {
          "average": 0,
          "count": 0
        },
        "accessibility": {
          "wheelchair": "unknown",
          "stroller": "unknown"
        },
        "fenced": false,
        "toilets": false,
        "parking": {
          "free": true,
          "paid": false
        },
        "dogs": {
          "allowed": true,
          "leash": false
        },
        "municipality": "",
        "verified": false,
        "lastVerified": "2026-10-05",
        "sources": [
          {
            "type": "osm",
            "id": "node/3368088112",
            "retrievedAt": "2026-10-05"
          }
        ],
        "id": "osm-node-3368088112"
      },
      "geometry": {
        "type": "Point",
        "coordinates": [
          5.6201146,
          58.9630701
        ]
      }
    },
    {
      "type": "Feature",
      "properties": {
        "name": "Lekeplass",
        "source": "osm",
        "sourceId": "node/3368210043",
        "images": [],
        "age": {
          "min": 0,
          "max": 16
        },
        "opening": "",
        "equipment": [],
        "rating": {
          "average": 0,
          "count": 0
        },
        "accessibility": {
          "wheelchair": "unknown",
          "stroller": "unknown"
        },
        "fenced": false,
        "toilets": false,
        "parking": {
          "free": true,
          "paid": false
        },
        "dogs": {
          "allowed": true,
          "leash": false
        },
        "municipality": "",
        "verified": true,
        "lastVerified": "2026-10-05",
        "sources": [
          {
            "type": "osm",
            "id": "node/3368210043",
            "retrievedAt": "2026-10-05"
          }
        ],
        "id": "osm-node-3368210043"
      },
      "geometry": {
        "type": "Point",
        "coordinates": [
          5.6159209,
          58.9607065
        ]
      }
    },
    {
      "type": "Feature",
      "properties": {
        "name": "Utkjent lekeplass",
        "source": "osm",
        "sourceId": "node/3373436767",
        "images": [],
        "age": {
          "min": 0,
          "max": 16
        },
        "opening": "",
        "equipment": [],
        "rating": {
          "average": 0,
          "count": 0
        },
        "accessibility": {
          "wheelchair": "unknown",
          "stroller": "unknown"
        },
        "fenced": false,
        "toilets": false,
        "parking": {
          "free": true,
          "paid": false
        },
        "dogs": {
          "allowed": true,
          "leash": false
        },
        "municipality": "",
        "verified": false,
        "lastVerified": "2026-10-05",
        "sources": [
          {
            "type": "osm",
            "id": "node/3373436767",
            "retrievedAt": "2026-10-05"
          }
        ],
        "id": "osm-node-3373436767"
      },
      "geometry": {
        "type": "Point",
        "coordinates": [
          5.6134875,
          58.9644486
        ]
      }
    },
    {
      "type": "Feature",
      "properties": {
        "name": "Utkjent lekeplass",
        "source": "osm",
        "sourceId": "node/3373453372",
        "images": [],
        "age": {
          "min": 0,
          "max": 16
        },
        "opening": "",
        "equipment": [],
        "rating": {
          "average": 0,
          "count": 0
        },
        "accessibility": {
          "wheelchair": "unknown",
          "stroller": "unknown"
        },
        "fenced": false,
        "toilets": false,
        "parking": {
          "free": true,
          "paid": false
        },
        "dogs": {
          "allowed": true,
          "leash": false
        },
        "municipality": "",
        "verified": false,
        "lastVerified": "2026-10-05",
        "sources": [
          {
            "type": "osm",
            "id": "node/3373453372",
            "retrievedAt": "2026-10-05"
          }
        ],
        "id": "osm-node-3373453372"
      },
      "geometry": {
        "type": "Point",
        "coordinates": [
          5.6377969,
          58.9540846
        ]
      }
    },
    {
      "type": "Feature",
      "properties": {
        "name": "Utkjent lekeplass",
        "source": "osm",
        "sourceId": "node/3678656068",
        "images": [],
        "age": {
          "min": 0,
          "max": 16
        },
        "opening": "",
        "equipment": [],
        "rating": {
          "average": 0,
          "count": 0
        },
        "accessibility": {
          "wheelchair": "unknown",
          "stroller": "unknown"
        },
        "fenced": false,
        "toilets": false,
        "parking": {
          "free": true,
          "paid": false
        },
        "dogs": {
          "allowed": true,
          "leash": false
        },
        "municipality": "",
        "verified": false,
        "lastVerified": "2026-10-05",
        "sources": [
          {
            "type": "osm",
            "id": "node/3678656068",
            "retrievedAt": "2026-10-05"
          }
        ],
        "id": "osm-node-3678656068"
      },
      "geometry": {
        "type": "Point",
        "coordinates": [
          5.296649,
          60.4250073
        ]
      }
    },
    {
      "type": "Feature",
      "properties": {
        "name": "Utkjent lekeplass",
        "source": "osm",
        "sourceId": "node/3688185703",
        "images": [],
        "age": {
          "min": 0,
          "max": 16
        },
        "opening": "",
        "equipment": [],
        "rating": {
          "average": 0,
          "count": 0
        },
        "accessibility": {
          "wheelchair": "unknown",
          "stroller": "unknown"
        },
        "fenced": false,
        "toilets": false,
        "parking": {
          "free": true,
          "paid": false
        },
        "dogs": {
          "allowed": true,
          "leash": false
        },
        "municipality": "",
        "verified": false,
        "lastVerified": "2026-10-05",
        "sources": [
          {
            "type": "osm",
            "id": "node/3688185703",
            "retrievedAt": "2026-10-05"
          }
        ],
        "id": "osm-node-3688185703"
      },
      "geometry": {
        "type": "Point",
        "coordinates": [
          5.6077946,
          58.9653618
        ]
      }
    },
    {
      "type": "Feature",
      "properties": {
        "name": "Utkjent lekeplass",
        "source": "osm",
        "sourceId": "node/370265831",
        "images": [],
        "age": {
          "min": 0,
          "max": 16
        },
        "opening": "",
        "equipment": [],
        "rating": {
          "average": 0,
          "count": 0
        },
        "accessibility": {
          "wheelchair": "unknown",
          "stroller": "unknown"
        },
        "fenced": false,
        "toilets": false,
        "parking": {
          "free": true,
          "paid": false
        },
        "dogs": {
          "allowed": true,
          "leash": false
        },
        "municipality": "",
        "verified": false,
        "lastVerified": "2026-10-05",
        "sources": [
          {
            "type": "osm",
            "id": "node/370265831",
            "retrievedAt": "2026-10-05"
          }
        ],
        "id": "osm-node-370265831"
      },
      "geometry": {
        "type": "Point",
        "coordinates": [
          5.705836,
          58.9738296
        ]
      }
    },
    {
      "type": "Feature",
      "properties": {
        "name": "Utkjent lekeplass",
        "source": "osm",
        "sourceId": "node/370265884",
        "images": [],
        "age": {
          "min": 0,
          "max": 16
        },
        "opening": "",
        "equipment": [],
        "rating": {
          "average": 0,
          "count": 0
        },
        "accessibility": {
          "wheelchair": "unknown",
          "stroller": "unknown"
        },
        "fenced": false,
        "toilets": false,
        "parking": {
          "free": true,
          "paid": false
        },
        "dogs": {
          "allowed": true,
          "leash": false
        },
        "municipality": "",
        "verified": false,
        "lastVerified": "2026-10-05",
        "sources": [
          {
            "type": "osm",
            "id": "node/370265884",
            "retrievedAt": "2026-10-05"
          }
        ],
        "id": "osm-node-370265884"
      },
      "geometry": {
        "type": "Point",
        "coordinates": [
          5.7070167,
          58.9743113
        ]
      }
    },
    {
      "type": "Feature",
      "properties": {
        "name": "Utkjent lekeplass",
        "source": "osm",
        "sourceId": "node/371884775",
        "images": [],
        "age": {
          "min": 0,
          "max": 16
        },
        "opening": "",
        "equipment": [],
        "rating": {
          "average": 0,
          "count": 0
        },
        "accessibility": {
          "wheelchair": "unknown",
          "stroller": "unknown"
        },
        "fenced": false,
        "toilets": false,
        "parking": {
          "free": true,
          "paid": false
        },
        "dogs": {
          "allowed": true,
          "leash": false
        },
        "municipality": "",
        "verified": false,
        "lastVerified": "2026-10-05",
        "sources": [
          {
            "type": "osm",
            "id": "node/371884775",
            "retrievedAt": "2026-10-05"
          }
        ],
        "id": "osm-node-371884775"
      },
      "geometry": {
        "type": "Point",
        "coordinates": [
          5.6894015,
          58.9598782
        ]
      }
    },
    {
      "type": "Feature",
      "properties": {
        "name": "Utkjent lekeplass",
        "source": "osm",
        "sourceId": "node/372622528",
        "images": [],
        "age": {
          "min": 0,
          "max": 16
        },
        "opening": "",
        "equipment": [],
        "rating": {
          "average": 0,
          "count": 0
        },
        "accessibility": {
          "wheelchair": "unknown",
          "stroller": "unknown"
        },
        "fenced": false,
        "toilets": false,
        "parking": {
          "free": true,
          "paid": false
        },
        "dogs": {
          "allowed": true,
          "leash": false
        },
        "municipality": "",
        "verified": false,
        "lastVerified": "2026-10-05",
        "sources": [
          {
            "type": "osm",
            "id": "node/372622528",
            "retrievedAt": "2026-10-05"
          }
        ],
        "id": "osm-node-372622528"
      },
      "geometry": {
        "type": "Point",
        "coordinates": [
          5.6938455,
          58.9641644
        ]
      }
    },
    {
      "type": "Feature",
      "properties": {
        "name": "Utkjent lekeplass",
        "source": "osm",
        "sourceId": "node/372622531",
        "images": [],
        "age": {
          "min": 0,
          "max": 16
        },
        "opening": "",
        "equipment": [],
        "rating": {
          "average": 0,
          "count": 0
        },
        "accessibility": {
          "wheelchair": "unknown",
          "stroller": "unknown"
        },
        "fenced": false,
        "toilets": false,
        "parking": {
          "free": true,
          "paid": false
        },
        "dogs": {
          "allowed": true,
          "leash": false
        },
        "municipality": "",
        "verified": false,
        "lastVerified": "2026-10-05",
        "sources": [
          {
            "type": "osm",
            "id": "node/372622531",
            "retrievedAt": "2026-10-05"
          }
        ],
        "id": "osm-node-372622531"
      },
      "geometry": {
        "type": "Point",
        "coordinates": [
          5.6922809,
          58.9636079
        ]
      }
    },
    {
      "type": "Feature",
      "properties": {
        "name": "Utkjent lekeplass",
        "source": "osm",
        "sourceId": "node/389050395",
        "images": [],
        "age": {
          "min": 0,
          "max": 16
        },
        "opening": "",
        "equipment": [],
        "rating": {
          "average": 0,
          "count": 0
        },
        "accessibility": {
          "wheelchair": "unknown",
          "stroller": "unknown"
        },
        "fenced": false,
        "toilets": false,
        "parking": {
          "free": true,
          "paid": false
        },
        "dogs": {
          "allowed": true,
          "leash": false
        },
        "municipality": "",
        "verified": false,
        "lastVerified": "2026-10-05",
        "sources": [
          {
            "type": "osm",
            "id": "node/389050395",
            "retrievedAt": "2026-10-05"
          }
        ],
        "id": "osm-node-389050395"
      },
      "geometry": {
        "type": "Point",
        "coordinates": [
          5.6625679,
          58.9098571
        ]
      }
    },
    {
      "type": "Feature",
      "properties": {
        "name": "Utkjent lekeplass",
        "source": "osm",
        "sourceId": "node/3892339580",
        "images": [],
        "age": {
          "min": 0,
          "max": 16
        },
        "opening": "",
        "equipment": [],
        "rating": {
          "average": 0,
          "count": 0
        },
        "accessibility": {
          "wheelchair": "unknown",
          "stroller": "unknown"
        },
        "fenced": false,
        "toilets": false,
        "parking": {
          "free": true,
          "paid": false
        },
        "dogs": {
          "allowed": true,
          "leash": false
        },
        "municipality": "",
        "verified": false,
        "lastVerified": "2026-10-05",
        "sources": [
          {
            "type": "osm",
            "id": "node/3892339580",
            "retrievedAt": "2026-10-05"
          }
        ],
        "id": "osm-node-3892339580"
      },
      "geometry": {
        "type": "Point",
        "coordinates": [
          5.6243249,
          58.9599895
        ]
      }
    },
    {
      "type": "Feature",
      "properties": {
        "name": "Utkjent lekeplass",
        "source": "osm",
        "sourceId": "node/3892339581",
        "images": [],
        "age": {
          "min": 0,
          "max": 16
        },
        "opening": "",
        "equipment": [],
        "rating": {
          "average": 0,
          "count": 0
        },
        "accessibility": {
          "wheelchair": "unknown",
          "stroller": "unknown"
        },
        "fenced": false,
        "toilets": false,
        "parking": {
          "free": true,
          "paid": false
        },
        "dogs": {
          "allowed": true,
          "leash": false
        },
        "municipality": "",
        "verified": false,
        "lastVerified": "2026-10-05",
        "sources": [
          {
            "type": "osm",
            "id": "node/3892339581",
            "retrievedAt": "2026-10-05"
          }
        ],
        "id": "osm-node-3892339581"
      },
      "geometry": {
        "type": "Point",
        "coordinates": [
          5.6261327,
          58.9601748
        ]
      }
    },
    {
      "type": "Feature",
      "properties": {
        "name": "Utkjent lekeplass",
        "source": "osm",
        "sourceId": "node/3970946761",
        "images": [],
        "age": {
          "min": 0,
          "max": 16
        },
        "opening": "",
        "equipment": [],
        "rating": {
          "average": 0,
          "count": 0
        },
        "accessibility": {
          "wheelchair": "unknown",
          "stroller": "unknown"
        },
        "fenced": false,
        "toilets": false,
        "parking": {
          "free": true,
          "paid": false
        },
        "dogs": {
          "allowed": true,
          "leash": false
        },
        "municipality": "",
        "verified": false,
        "lastVerified": "2026-10-05",
        "sources": [
          {
            "type": "osm",
            "id": "node/3970946761",
            "retrievedAt": "2026-10-05"
          }
        ],
        "id": "osm-node-3970946761"
      },
      "geometry": {
        "type": "Point",
        "coordinates": [
          5.360091,
          60.3584402
        ]
      }
    },
    {
      "type": "Feature",
      "properties": {
        "name": "Utkjent lekeplass",
        "source": "osm",
        "sourceId": "node/3976713018",
        "images": [],
        "age": {
          "min": 0,
          "max": 16
        },
        "opening": "",
        "equipment": [],
        "rating": {
          "average": 0,
          "count": 0
        },
        "accessibility": {
          "wheelchair": "unknown",
          "stroller": "unknown"
        },
        "fenced": false,
        "toilets": false,
        "parking": {
          "free": true,
          "paid": false
        },
        "dogs": {
          "allowed": true,
          "leash": false
        },
        "municipality": "",
        "verified": false,
        "lastVerified": "2026-10-05",
        "sources": [
          {
            "type": "osm",
            "id": "node/3976713018",
            "retrievedAt": "2026-10-05"
          }
        ],
        "id": "osm-node-3976713018"
      },
      "geometry": {
        "type": "Point",
        "coordinates": [
          5.2902906,
          60.4338444
        ]
      }
    },
    {
      "type": "Feature",
      "properties": {
        "name": "Utkjent lekeplass",
        "source": "osm",
        "sourceId": "node/3977037157",
        "images": [],
        "age": {
          "min": 0,
          "max": 16
        },
        "opening": "",
        "equipment": [],
        "rating": {
          "average": 0,
          "count": 0
        },
        "accessibility": {
          "wheelchair": "unknown",
          "stroller": "unknown"
        },
        "fenced": false,
        "toilets": false,
        "parking": {
          "free": true,
          "paid": false
        },
        "dogs": {
          "allowed": true,
          "leash": false
        },
        "municipality": "",
        "verified": false,
        "lastVerified": "2026-10-05",
        "sources": [
          {
            "type": "osm",
            "id": "node/3977037157",
            "retrievedAt": "2026-10-05"
          }
        ],
        "id": "osm-node-3977037157"
      },
      "geometry": {
        "type": "Point",
        "coordinates": [
          5.2904861,
          60.4329419
        ]
      }
    },
    {
      "type": "Feature",
      "properties": {
        "name": "Utkjent lekeplass",
        "source": "osm",
        "sourceId": "node/4048733976",
        "images": [],
        "age": {
          "min": 0,
          "max": 16
        },
        "opening": "",
        "equipment": [],
        "rating": {
          "average": 0,
          "count": 0
        },
        "accessibility": {
          "wheelchair": "unknown",
          "stroller": "unknown"
        },
        "fenced": false,
        "toilets": false,
        "parking": {
          "free": true,
          "paid": false
        },
        "dogs": {
          "allowed": true,
          "leash": false
        },
        "municipality": "",
        "verified": false,
        "lastVerified": "2026-10-05",
        "sources": [
          {
            "type": "osm",
            "id": "node/4048733976",
            "retrievedAt": "2026-10-05"
          }
        ],
        "id": "osm-node-4048733976"
      },
      "geometry": {
        "type": "Point",
        "coordinates": [
          5.6847022,
          58.9673719
        ]
      }
    },
    {
      "type": "Feature",
      "properties": {
        "name": "Utkjent lekeplass",
        "source": "osm",
        "sourceId": "node/424290943",
        "images": [],
        "age": {
          "min": 0,
          "max": 16
        },
        "opening": "",
        "equipment": [],
        "rating": {
          "average": 0,
          "count": 0
        },
        "accessibility": {
          "wheelchair": "unknown",
          "stroller": "unknown"
        },
        "fenced": false,
        "toilets": false,
        "parking": {
          "free": true,
          "paid": false
        },
        "dogs": {
          "allowed": true,
          "leash": false
        },
        "municipality": "",
        "verified": false,
        "lastVerified": "2026-10-05",
        "sources": [
          {
            "type": "osm",
            "id": "node/424290943",
            "retrievedAt": "2026-10-05"
          }
        ],
        "id": "osm-node-424290943"
      },
      "geometry": {
        "type": "Point",
        "coordinates": [
          5.6286164,
          58.9576442
        ]
      }
    },
    {
      "type": "Feature",
      "properties": {
        "name": "Utkjent lekeplass",
        "source": "osm",
        "sourceId": "node/426886205",
        "images": [],
        "age": {
          "min": 0,
          "max": 16
        },
        "opening": "",
        "equipment": [],
        "rating": {
          "average": 0,
          "count": 0
        },
        "accessibility": {
          "wheelchair": "unknown",
          "stroller": "unknown"
        },
        "fenced": false,
        "toilets": false,
        "parking": {
          "free": true,
          "paid": false
        },
        "dogs": {
          "allowed": true,
          "leash": false
        },
        "municipality": "",
        "verified": false,
        "lastVerified": "2026-10-05",
        "sources": [
          {
            "type": "osm",
            "id": "node/426886205",
            "retrievedAt": "2026-10-05"
          }
        ],
        "id": "osm-node-426886205"
      },
      "geometry": {
        "type": "Point",
        "coordinates": [
          5.6168285,
          58.9609313
        ]
      }
    },
    {
      "type": "Feature",
      "properties": {
        "name": "Utkjent lekeplass",
        "source": "osm",
        "sourceId": "node/428747536",
        "images": [],
        "age": {
          "min": 0,
          "max": 16
        },
        "opening": "",
        "equipment": [],
        "rating": {
          "average": 0,
          "count": 0
        },
        "accessibility": {
          "wheelchair": "unknown",
          "stroller": "unknown"
        },
        "fenced": false,
        "toilets": false,
        "parking": {
          "free": true,
          "paid": false
        },
        "dogs": {
          "allowed": true,
          "leash": false
        },
        "municipality": "",
        "verified": false,
        "lastVerified": "2026-10-05",
        "sources": [
          {
            "type": "osm",
            "id": "node/428747536",
            "retrievedAt": "2026-10-05"
          }
        ],
        "id": "osm-node-428747536"
      },
      "geometry": {
        "type": "Point",
        "coordinates": [
          5.5831792,
          58.9386748
        ]
      }
    },
    {
      "type": "Feature",
      "properties": {
        "name": "Utkjent lekeplass",
        "source": "osm",
        "sourceId": "node/431345987",
        "images": [],
        "age": {
          "min": 0,
          "max": 16
        },
        "opening": "",
        "equipment": [],
        "rating": {
          "average": 0,
          "count": 0
        },
        "accessibility": {
          "wheelchair": "unknown",
          "stroller": "unknown"
        },
        "fenced": false,
        "toilets": false,
        "parking": {
          "free": true,
          "paid": false
        },
        "dogs": {
          "allowed": true,
          "leash": false
        },
        "municipality": "",
        "verified": false,
        "lastVerified": "2026-10-05",
        "sources": [
          {
            "type": "osm",
            "id": "node/431345987",
            "retrievedAt": "2026-10-05"
          }
        ],
        "id": "osm-node-431345987"
      },
      "geometry": {
        "type": "Point",
        "coordinates": [
          5.697345,
          58.9462538
        ]
      }
    },
    {
      "type": "Feature",
      "properties": {
        "name": "Utkjent lekeplass",
        "source": "osm",
        "sourceId": "node/431363087",
        "images": [],
        "age": {
          "min": 0,
          "max": 16
        },
        "opening": "",
        "equipment": [],
        "rating": {
          "average": 0,
          "count": 0
        },
        "accessibility": {
          "wheelchair": "limited",
          "stroller": "unknown"
        },
        "fenced": false,
        "toilets": false,
        "parking": {
          "free": true,
          "paid": false
        },
        "dogs": {
          "allowed": true,
          "leash": false
        },
        "municipality": "",
        "verified": false,
        "lastVerified": "2026-10-05",
        "sources": [
          {
            "type": "osm",
            "id": "node/431363087",
            "retrievedAt": "2026-10-05"
          }
        ],
        "id": "osm-node-431363087"
      },
      "geometry": {
        "type": "Point",
        "coordinates": [
          5.6809902,
          58.9426386
        ]
      }
    },
    {
      "type": "Feature",
      "properties": {
        "name": "Utkjent lekeplass",
        "source": "osm",
        "sourceId": "node/442408139",
        "images": [],
        "age": {
          "min": 0,
          "max": 16
        },
        "opening": "",
        "equipment": [],
        "rating": {
          "average": 0,
          "count": 0
        },
        "accessibility": {
          "wheelchair": "unknown",
          "stroller": "unknown"
        },
        "fenced": false,
        "toilets": false,
        "parking": {
          "free": true,
          "paid": false
        },
        "dogs": {
          "allowed": true,
          "leash": false
        },
        "municipality": "",
        "verified": false,
        "lastVerified": "2026-10-05",
        "sources": [
          {
            "type": "osm",
            "id": "node/442408139",
            "retrievedAt": "2026-10-05"
          }
        ],
        "id": "osm-node-442408139"
      },
      "geometry": {
        "type": "Point",
        "coordinates": [
          5.6874686,
          58.9420262
        ]
      }
    },
    {
      "type": "Feature",
      "properties": {
        "name": "Utkjent lekeplass",
        "source": "osm",
        "sourceId": "node/442408225",
        "images": [],
        "age": {
          "min": 0,
          "max": 16
        },
        "opening": "",
        "equipment": [],
        "rating": {
          "average": 0,
          "count": 0
        },
        "accessibility": {
          "wheelchair": "unknown",
          "stroller": "unknown"
        },
        "fenced": false,
        "toilets": false,
        "parking": {
          "free": true,
          "paid": false
        },
        "dogs": {
          "allowed": true,
          "leash": false
        },
        "municipality": "",
        "verified": false,
        "lastVerified": "2026-10-05",
        "sources": [
          {
            "type": "osm",
            "id": "node/442408225",
            "retrievedAt": "2026-10-05"
          }
        ],
        "id": "osm-node-442408225"
      },
      "geometry": {
        "type": "Point",
        "coordinates": [
          5.6981185,
          58.9447484
        ]
      }
    },
    {
      "type": "Feature",
      "properties": {
        "name": "Utkjent lekeplass",
        "source": "osm",
        "sourceId": "node/452492671",
        "images": [],
        "age": {
          "min": 0,
          "max": 16
        },
        "opening": "",
        "equipment": [],
        "rating": {
          "average": 0,
          "count": 0
        },
        "accessibility": {
          "wheelchair": "no",
          "stroller": "unknown"
        },
        "fenced": false,
        "toilets": false,
        "parking": {
          "free": true,
          "paid": false
        },
        "dogs": {
          "allowed": true,
          "leash": false
        },
        "municipality": "",
        "verified": false,
        "lastVerified": "2026-10-05",
        "sources": [
          {
            "type": "osm",
            "id": "node/452492671",
            "retrievedAt": "2026-10-05"
          }
        ],
        "id": "osm-node-452492671"
      },
      "geometry": {
        "type": "Point",
        "coordinates": [
          5.6340978,
          58.9566929
        ]
      }
    },
    {
      "type": "Feature",
      "properties": {
        "name": "Utkjent lekeplass",
        "source": "osm",
        "sourceId": "node/452492672",
        "images": [],
        "age": {
          "min": 0,
          "max": 16
        },
        "opening": "",
        "equipment": [],
        "rating": {
          "average": 0,
          "count": 0
        },
        "accessibility": {
          "wheelchair": "unknown",
          "stroller": "unknown"
        },
        "fenced": false,
        "toilets": false,
        "parking": {
          "free": true,
          "paid": false
        },
        "dogs": {
          "allowed": true,
          "leash": false
        },
        "municipality": "",
        "verified": false,
        "lastVerified": "2026-10-05",
        "sources": [
          {
            "type": "osm",
            "id": "node/452492672",
            "retrievedAt": "2026-10-05"
          }
        ],
        "id": "osm-node-452492672"
      },
      "geometry": {
        "type": "Point",
        "coordinates": [
          5.629772,
          58.9564451
        ]
      }
    },
    {
      "type": "Feature",
      "properties": {
        "name": "Utkjent lekeplass",
        "source": "osm",
        "sourceId": "node/452492673",
        "images": [],
        "age": {
          "min": 0,
          "max": 16
        },
        "opening": "",
        "equipment": [],
        "rating": {
          "average": 0,
          "count": 0
        },
        "accessibility": {
          "wheelchair": "unknown",
          "stroller": "unknown"
        },
        "fenced": false,
        "toilets": false,
        "parking": {
          "free": true,
          "paid": false
        },
        "dogs": {
          "allowed": true,
          "leash": false
        },
        "municipality": "",
        "verified": false,
        "lastVerified": "2026-10-05",
        "sources": [
          {
            "type": "osm",
            "id": "node/452492673",
            "retrievedAt": "2026-10-05"
          }
        ],
        "id": "osm-node-452492673"
      },
      "geometry": {
        "type": "Point",
        "coordinates": [
          5.6274202,
          58.9562371
        ]
      }
    },
    {
      "type": "Feature",
      "properties": {
        "name": "Utkjent lekeplass",
        "source": "osm",
        "sourceId": "node/459432605",
        "images": [],
        "age": {
          "min": 0,
          "max": 16
        },
        "opening": "",
        "equipment": [],
        "rating": {
          "average": 0,
          "count": 0
        },
        "accessibility": {
          "wheelchair": "unknown",
          "stroller": "unknown"
        },
        "fenced": false,
        "toilets": false,
        "parking": {
          "free": true,
          "paid": false
        },
        "dogs": {
          "allowed": true,
          "leash": false
        },
        "municipality": "",
        "verified": false,
        "lastVerified": "2026-10-05",
        "sources": [
          {
            "type": "osm",
            "id": "node/459432605",
            "retrievedAt": "2026-10-05"
          }
        ],
        "id": "osm-node-459432605"
      },
      "geometry": {
        "type": "Point",
        "coordinates": [
          5.69059,
          58.9419098
        ]
      }
    },
    {
      "type": "Feature",
      "properties": {
        "name": "Utkjent lekeplass",
        "source": "osm",
        "sourceId": "node/4682002188",
        "images": [],
        "age": {
          "min": 0,
          "max": 16
        },
        "opening": "",
        "equipment": [],
        "rating": {
          "average": 0,
          "count": 0
        },
        "accessibility": {
          "wheelchair": "unknown",
          "stroller": "unknown"
        },
        "fenced": false,
        "toilets": false,
        "parking": {
          "free": true,
          "paid": false
        },
        "dogs": {
          "allowed": true,
          "leash": false
        },
        "municipality": "",
        "verified": false,
        "lastVerified": "2026-10-05",
        "sources": [
          {
            "type": "osm",
            "id": "node/4682002188",
            "retrievedAt": "2026-10-05"
          }
        ],
        "id": "osm-node-4682002188"
      },
      "geometry": {
        "type": "Point",
        "coordinates": [
          5.365854,
          60.3552836
        ]
      }
    },
    {
      "type": "Feature",
      "properties": {
        "name": "Utkjent lekeplass",
        "source": "osm",
        "sourceId": "node/474820120",
        "images": [],
        "age": {
          "min": 0,
          "max": 16
        },
        "opening": "",
        "equipment": [],
        "rating": {
          "average": 0,
          "count": 0
        },
        "accessibility": {
          "wheelchair": "unknown",
          "stroller": "unknown"
        },
        "fenced": false,
        "toilets": false,
        "parking": {
          "free": true,
          "paid": false
        },
        "dogs": {
          "allowed": true,
          "leash": false
        },
        "municipality": "",
        "verified": false,
        "lastVerified": "2026-10-05",
        "sources": [
          {
            "type": "osm",
            "id": "node/474820120",
            "retrievedAt": "2026-10-05"
          }
        ],
        "id": "osm-node-474820120"
      },
      "geometry": {
        "type": "Point",
        "coordinates": [
          5.6938515,
          58.9521021
        ]
      }
    },
    {
      "type": "Feature",
      "properties": {
        "name": "Utkjent lekeplass",
        "source": "osm",
        "sourceId": "node/479720332",
        "images": [],
        "age": {
          "min": 0,
          "max": 16
        },
        "opening": "",
        "equipment": [],
        "rating": {
          "average": 0,
          "count": 0
        },
        "accessibility": {
          "wheelchair": "unknown",
          "stroller": "unknown"
        },
        "fenced": false,
        "toilets": false,
        "parking": {
          "free": true,
          "paid": false
        },
        "dogs": {
          "allowed": true,
          "leash": false
        },
        "municipality": "",
        "verified": false,
        "lastVerified": "2026-10-05",
        "sources": [
          {
            "type": "osm",
            "id": "node/479720332",
            "retrievedAt": "2026-10-05"
          }
        ],
        "id": "osm-node-479720332"
      },
      "geometry": {
        "type": "Point",
        "coordinates": [
          5.6911366,
          58.9506912
        ]
      }
    },
    {
      "type": "Feature",
      "properties": {
        "name": "Utkjent lekeplass",
        "source": "osm",
        "sourceId": "node/4807341800",
        "images": [],
        "age": {
          "min": 0,
          "max": 16
        },
        "opening": "",
        "equipment": [],
        "rating": {
          "average": 0,
          "count": 0
        },
        "accessibility": {
          "wheelchair": "unknown",
          "stroller": "unknown"
        },
        "fenced": false,
        "toilets": false,
        "parking": {
          "free": true,
          "paid": false
        },
        "dogs": {
          "allowed": true,
          "leash": false
        },
        "municipality": "",
        "verified": false,
        "lastVerified": "2026-10-05",
        "sources": [
          {
            "type": "osm",
            "id": "node/4807341800",
            "retrievedAt": "2026-10-05"
          }
        ],
        "id": "osm-node-4807341800"
      },
      "geometry": {
        "type": "Point",
        "coordinates": [
          5.3275098,
          60.3787866
        ]
      }
    },
    {
      "type": "Feature",
      "properties": {
        "name": "Utkjent lekeplass",
        "source": "osm",
        "sourceId": "node/4822514763",
        "images": [],
        "age": {
          "min": 0,
          "max": 16
        },
        "opening": "",
        "equipment": [],
        "rating": {
          "average": 0,
          "count": 0
        },
        "accessibility": {
          "wheelchair": "unknown",
          "stroller": "unknown"
        },
        "fenced": false,
        "toilets": false,
        "parking": {
          "free": true,
          "paid": false
        },
        "dogs": {
          "allowed": true,
          "leash": false
        },
        "municipality": "",
        "verified": false,
        "lastVerified": "2026-10-05",
        "sources": [
          {
            "type": "osm",
            "id": "node/4822514763",
            "retrievedAt": "2026-10-05"
          }
        ],
        "id": "osm-node-4822514763"
      },
      "geometry": {
        "type": "Point",
        "coordinates": [
          5.3645521,
          60.3709289
        ]
      }
    },
    {
      "type": "Feature",
      "properties": {
        "name": "Utkjent lekeplass",
        "source": "osm",
        "sourceId": "node/4922489038",
        "images": [],
        "age": {
          "min": 0,
          "max": 16
        },
        "opening": "",
        "equipment": [],
        "rating": {
          "average": 0,
          "count": 0
        },
        "accessibility": {
          "wheelchair": "unknown",
          "stroller": "unknown"
        },
        "fenced": false,
        "toilets": false,
        "parking": {
          "free": true,
          "paid": false
        },
        "dogs": {
          "allowed": true,
          "leash": false
        },
        "municipality": "",
        "verified": false,
        "lastVerified": "2026-10-05",
        "sources": [
          {
            "type": "osm",
            "id": "node/4922489038",
            "retrievedAt": "2026-10-05"
          }
        ],
        "id": "osm-node-4922489038"
      },
      "geometry": {
        "type": "Point",
        "coordinates": [
          5.3575543,
          60.3553403
        ]
      }
    },
    {
      "type": "Feature",
      "properties": {
        "name": "Utkjent lekeplass",
        "source": "osm",
        "sourceId": "node/5678173421",
        "images": [],
        "age": {
          "min": 0,
          "max": 16
        },
        "opening": "",
        "equipment": [],
        "rating": {
          "average": 0,
          "count": 0
        },
        "accessibility": {
          "wheelchair": "unknown",
          "stroller": "unknown"
        },
        "fenced": false,
        "toilets": false,
        "parking": {
          "free": true,
          "paid": false
        },
        "dogs": {
          "allowed": true,
          "leash": false
        },
        "municipality": "",
        "verified": false,
        "lastVerified": "2026-10-05",
        "sources": [
          {
            "type": "osm",
            "id": "node/5678173421",
            "retrievedAt": "2026-10-05"
          }
        ],
        "id": "osm-node-5678173421"
      },
      "geometry": {
        "type": "Point",
        "coordinates": [
          5.3917552,
          60.351005
        ]
      }
    },
    {
      "type": "Feature",
      "properties": {
        "name": "Utkjent lekeplass",
        "source": "osm",
        "sourceId": "node/5702560195",
        "images": [],
        "age": {
          "min": 0,
          "max": 16
        },
        "opening": "",
        "equipment": [],
        "rating": {
          "average": 0,
          "count": 0
        },
        "accessibility": {
          "wheelchair": "unknown",
          "stroller": "unknown"
        },
        "fenced": false,
        "toilets": false,
        "parking": {
          "free": true,
          "paid": false
        },
        "dogs": {
          "allowed": true,
          "leash": false
        },
        "municipality": "",
        "verified": false,
        "lastVerified": "2026-10-05",
        "sources": [
          {
            "type": "osm",
            "id": "node/5702560195",
            "retrievedAt": "2026-10-05"
          }
        ],
        "id": "osm-node-5702560195"
      },
      "geometry": {
        "type": "Point",
        "coordinates": [
          5.3665777,
          60.3638856
        ]
      }
    },
    {
      "type": "Feature",
      "properties": {
        "name": "Fasanveien",
        "source": "osm",
        "sourceId": "node/571732537",
        "images": [],
        "age": {
          "min": 0,
          "max": 16
        },
        "opening": "",
        "equipment": [],
        "rating": {
          "average": 0,
          "count": 0
        },
        "accessibility": {
          "wheelchair": "unknown",
          "stroller": "unknown"
        },
        "fenced": false,
        "toilets": false,
        "parking": {
          "free": true,
          "paid": false
        },
        "dogs": {
          "allowed": true,
          "leash": false
        },
        "municipality": "",
        "verified": true,
        "lastVerified": "2026-10-05",
        "sources": [
          {
            "type": "osm",
            "id": "node/571732537",
            "retrievedAt": "2026-10-05"
          }
        ],
        "id": "osm-node-571732537"
      },
      "geometry": {
        "type": "Point",
        "coordinates": [
          5.6798144,
          58.9541991
        ]
      }
    },
    {
      "type": "Feature",
      "properties": {
        "name": "Utkjent lekeplass",
        "source": "osm",
        "sourceId": "node/571732649",
        "images": [],
        "age": {
          "min": 0,
          "max": 16
        },
        "opening": "",
        "equipment": [],
        "rating": {
          "average": 0,
          "count": 0
        },
        "accessibility": {
          "wheelchair": "unknown",
          "stroller": "unknown"
        },
        "fenced": false,
        "toilets": false,
        "parking": {
          "free": true,
          "paid": false
        },
        "dogs": {
          "allowed": true,
          "leash": false
        },
        "municipality": "",
        "verified": false,
        "lastVerified": "2026-10-05",
        "sources": [
          {
            "type": "osm",
            "id": "node/571732649",
            "retrievedAt": "2026-10-05"
          }
        ],
        "id": "osm-node-571732649"
      },
      "geometry": {
        "type": "Point",
        "coordinates": [
          5.6833961,
          58.9555146
        ]
      }
    },
    {
      "type": "Feature",
      "properties": {
        "name": "Utkjent lekeplass",
        "source": "osm",
        "sourceId": "node/6186229960",
        "images": [],
        "age": {
          "min": 0,
          "max": 16
        },
        "opening": "",
        "equipment": [],
        "rating": {
          "average": 0,
          "count": 0
        },
        "accessibility": {
          "wheelchair": "unknown",
          "stroller": "unknown"
        },
        "fenced": false,
        "toilets": false,
        "parking": {
          "free": true,
          "paid": false
        },
        "dogs": {
          "allowed": true,
          "leash": false
        },
        "municipality": "",
        "verified": false,
        "lastVerified": "2026-10-05",
        "sources": [
          {
            "type": "osm",
            "id": "node/6186229960",
            "retrievedAt": "2026-10-05"
          }
        ],
        "id": "osm-node-6186229960"
      },
      "geometry": {
        "type": "Point",
        "coordinates": [
          5.6298546,
          58.9529147
        ]
      }
    },
    {
      "type": "Feature",
      "properties": {
        "name": "Utkjent lekeplass",
        "source": "osm",
        "sourceId": "node/6284455518",
        "images": [],
        "age": {
          "min": 0,
          "max": 16
        },
        "opening": "",
        "equipment": [],
        "rating": {
          "average": 0,
          "count": 0
        },
        "accessibility": {
          "wheelchair": "unknown",
          "stroller": "unknown"
        },
        "fenced": false,
        "toilets": false,
        "parking": {
          "free": true,
          "paid": false
        },
        "dogs": {
          "allowed": true,
          "leash": false
        },
        "municipality": "",
        "verified": false,
        "lastVerified": "2026-10-05",
        "sources": [
          {
            "type": "osm",
            "id": "node/6284455518",
            "retrievedAt": "2026-10-05"
          }
        ],
        "id": "osm-node-6284455518"
      },
      "geometry": {
        "type": "Point",
        "coordinates": [
          5.3253869,
          60.4019926
        ]
      }
    },
    {
      "type": "Feature",
      "properties": {
        "name": "Utkjent lekeplass",
        "source": "osm",
        "sourceId": "node/6284455522",
        "images": [],
        "age": {
          "min": 0,
          "max": 16
        },
        "opening": "",
        "equipment": [
          {
            "type": "playground:swing",
            "name": "Gynge",
            "count": 1
          }
        ],
        "rating": {
          "average": 0,
          "count": 0
        },
        "accessibility": {
          "wheelchair": "unknown",
          "stroller": "unknown"
        },
        "fenced": false,
        "toilets": false,
        "parking": {
          "free": true,
          "paid": false
        },
        "dogs": {
          "allowed": true,
          "leash": false
        },
        "municipality": "",
        "verified": true,
        "lastVerified": "2026-10-05",
        "sources": [
          {
            "type": "osm",
            "id": "node/6284455522",
            "retrievedAt": "2026-10-05"
          }
        ],
        "id": "osm-node-6284455522"
      },
      "geometry": {
        "type": "Point",
        "coordinates": [
          5.3254858,
          60.4018161
        ]
      }
    },
    {
      "type": "Feature",
      "properties": {
        "name": "Utkjent lekeplass",
        "source": "osm",
        "sourceId": "node/6550127740",
        "images": [],
        "age": {
          "min": 0,
          "max": 16
        },
        "opening": "",
        "equipment": [],
        "rating": {
          "average": 0,
          "count": 0
        },
        "accessibility": {
          "wheelchair": "unknown",
          "stroller": "unknown"
        },
        "fenced": false,
        "toilets": false,
        "parking": {
          "free": true,
          "paid": false
        },
        "dogs": {
          "allowed": true,
          "leash": false
        },
        "municipality": "",
        "verified": false,
        "lastVerified": "2026-10-05",
        "sources": [
          {
            "type": "osm",
            "id": "node/6550127740",
            "retrievedAt": "2026-10-05"
          }
        ],
        "id": "osm-node-6550127740"
      },
      "geometry": {
        "type": "Point",
        "coordinates": [
          5.3260383,
          60.3854668
        ]
      }
    },
    {
      "type": "Feature",
      "properties": {
        "name": "Utkjent lekeplass",
        "source": "osm",
        "sourceId": "node/6550129708",
        "images": [],
        "age": {
          "min": 0,
          "max": 16
        },
        "opening": "",
        "equipment": [],
        "rating": {
          "average": 0,
          "count": 0
        },
        "accessibility": {
          "wheelchair": "unknown",
          "stroller": "unknown"
        },
        "fenced": false,
        "toilets": false,
        "parking": {
          "free": true,
          "paid": false
        },
        "dogs": {
          "allowed": true,
          "leash": false
        },
        "municipality": "",
        "verified": false,
        "lastVerified": "2026-10-05",
        "sources": [
          {
            "type": "osm",
            "id": "node/6550129708",
            "retrievedAt": "2026-10-05"
          }
        ],
        "id": "osm-node-6550129708"
      },
      "geometry": {
        "type": "Point",
        "coordinates": [
          5.3265213,
          60.3852356
        ]
      }
    },
    {
      "type": "Feature",
      "properties": {
        "name": "Utkjent lekeplass",
        "source": "osm",
        "sourceId": "node/674532932",
        "images": [],
        "age": {
          "min": 0,
          "max": 16
        },
        "opening": "",
        "equipment": [],
        "rating": {
          "average": 0,
          "count": 0
        },
        "accessibility": {
          "wheelchair": "unknown",
          "stroller": "unknown"
        },
        "fenced": false,
        "toilets": false,
        "parking": {
          "free": true,
          "paid": false
        },
        "dogs": {
          "allowed": true,
          "leash": false
        },
        "municipality": "",
        "verified": false,
        "lastVerified": "2026-10-05",
        "sources": [
          {
            "type": "osm",
            "id": "node/674532932",
            "retrievedAt": "2026-10-05"
          }
        ],
        "id": "osm-node-674532932"
      },
      "geometry": {
        "type": "Point",
        "coordinates": [
          5.6965693,
          58.9511517
        ]
      }
    },
    {
      "type": "Feature",
      "properties": {
        "name": "Utkjent lekeplass",
        "source": "osm",
        "sourceId": "node/674532951",
        "images": [],
        "age": {
          "min": 0,
          "max": 16
        },
        "opening": "",
        "equipment": [],
        "rating": {
          "average": 0,
          "count": 0
        },
        "accessibility": {
          "wheelchair": "unknown",
          "stroller": "unknown"
        },
        "fenced": false,
        "toilets": false,
        "parking": {
          "free": true,
          "paid": false
        },
        "dogs": {
          "allowed": true,
          "leash": false
        },
        "municipality": "",
        "verified": false,
        "lastVerified": "2026-10-05",
        "sources": [
          {
            "type": "osm",
            "id": "node/674532951",
            "retrievedAt": "2026-10-05"
          }
        ],
        "id": "osm-node-674532951"
      },
      "geometry": {
        "type": "Point",
        "coordinates": [
          5.6993321,
          58.9500482
        ]
      }
    },
    {
      "type": "Feature",
      "properties": {
        "name": "Utkjent lekeplass",
        "source": "osm",
        "sourceId": "node/6953750557",
        "images": [],
        "age": {
          "min": 0,
          "max": 16
        },
        "opening": "",
        "equipment": [],
        "rating": {
          "average": 0,
          "count": 0
        },
        "accessibility": {
          "wheelchair": "unknown",
          "stroller": "unknown"
        },
        "fenced": false,
        "toilets": false,
        "parking": {
          "free": true,
          "paid": false
        },
        "dogs": {
          "allowed": true,
          "leash": false
        },
        "municipality": "",
        "verified": false,
        "lastVerified": "2026-10-05",
        "sources": [
          {
            "type": "osm",
            "id": "node/6953750557",
            "retrievedAt": "2026-10-05"
          }
        ],
        "id": "osm-node-6953750557"
      },
      "geometry": {
        "type": "Point",
        "coordinates": [
          5.6096216,
          58.9724169
        ]
      }
    },
    {
      "type": "Feature",
      "properties": {
        "name": "Utkjent lekeplass",
        "source": "osm",
        "sourceId": "node/7629611836",
        "images": [],
        "age": {
          "min": 0,
          "max": 16
        },
        "opening": "",
        "equipment": [],
        "rating": {
          "average": 0,
          "count": 0
        },
        "accessibility": {
          "wheelchair": "unknown",
          "stroller": "unknown"
        },
        "fenced": false,
        "toilets": false,
        "parking": {
          "free": true,
          "paid": false
        },
        "dogs": {
          "allowed": true,
          "leash": false
        },
        "municipality": "",
        "verified": false,
        "lastVerified": "2026-10-05",
        "sources": [
          {
            "type": "osm",
            "id": "node/7629611836",
            "retrievedAt": "2026-10-05"
          }
        ],
        "id": "osm-node-7629611836"
      },
      "geometry": {
        "type": "Point",
        "coordinates": [
          5.7109272,
          58.9753651
        ]
      }
    },
    {
      "type": "Feature",
      "properties": {
        "name": "Utkjent lekeplass",
        "source": "osm",
        "sourceId": "node/9104950606",
        "images": [],
        "age": {
          "min": 0,
          "max": 16
        },
        "opening": "",
        "equipment": [],
        "rating": {
          "average": 0,
          "count": 0
        },
        "accessibility": {
          "wheelchair": "unknown",
          "stroller": "unknown"
        },
        "fenced": false,
        "toilets": false,
        "parking": {
          "free": true,
          "paid": false
        },
        "dogs": {
          "allowed": true,
          "leash": false
        },
        "municipality": "",
        "verified": false,
        "lastVerified": "2026-10-05",
        "sources": [
          {
            "type": "osm",
            "id": "node/9104950606",
            "retrievedAt": "2026-10-05"
          }
        ],
        "id": "osm-node-9104950606"
      },
      "geometry": {
        "type": "Point",
        "coordinates": [
          5.2995703,
          60.3867461
        ]
      }
    },
    {
      "type": "Feature",
      "properties": {
        "name": "Utkjent lekeplass",
        "source": "osm",
        "sourceId": "node/9195844471",
        "images": [],
        "age": {
          "min": 0,
          "max": 16
        },
        "opening": "",
        "equipment": [],
        "rating": {
          "average": 0,
          "count": 0
        },
        "accessibility": {
          "wheelchair": "unknown",
          "stroller": "unknown"
        },
        "fenced": false,
        "toilets": false,
        "parking": {
          "free": true,
          "paid": false
        },
        "dogs": {
          "allowed": true,
          "leash": false
        },
        "municipality": "",
        "verified": false,
        "lastVerified": "2026-10-05",
        "sources": [
          {
            "type": "osm",
            "id": "node/9195844471",
            "retrievedAt": "2026-10-05"
          }
        ],
        "id": "osm-node-9195844471"
      },
      "geometry": {
        "type": "Point",
        "coordinates": [
          5.3278251,
          60.3972765
        ]
      }
    },
    {
      "type": "Feature",
      "properties": {
        "name": "Utkjent lekeplass",
        "source": "osm",
        "sourceId": "node/9227005877",
        "images": [],
        "age": {
          "min": 0,
          "max": 16
        },
        "opening": "",
        "equipment": [],
        "rating": {
          "average": 0,
          "count": 0
        },
        "accessibility": {
          "wheelchair": "unknown",
          "stroller": "unknown"
        },
        "fenced": false,
        "toilets": false,
        "parking": {
          "free": true,
          "paid": false
        },
        "dogs": {
          "allowed": true,
          "leash": false
        },
        "municipality": "",
        "verified": false,
        "lastVerified": "2026-10-05",
        "sources": [
          {
            "type": "osm",
            "id": "node/9227005877",
            "retrievedAt": "2026-10-05"
          }
        ],
        "id": "osm-node-9227005877"
      },
      "geometry": {
        "type": "Point",
        "coordinates": [
          5.7171752,
          58.9787666
        ]
      }
    },
    {
      "type": "Feature",
      "properties": {
        "name": "Utkjent lekeplass",
        "source": "osm",
        "sourceId": "way/1002815768",
        "images": [],
        "age": {
          "min": 0,
          "max": 16
        },
        "opening": "",
        "equipment": [],
        "rating": {
          "average": 0,
          "count": 0
        },
        "accessibility": {
          "wheelchair": "unknown",
          "stroller": "unknown"
        },
        "fenced": false,
        "toilets": false,
        "parking": {
          "free": true,
          "paid": false
        },
        "dogs": {
          "allowed": true,
          "leash": false
        },
        "municipality": "",
        "verified": false,
        "lastVerified": "2026-10-05",
        "sources": [
          {
            "type": "osm",
            "id": "way/1002815768",
            "retrievedAt": "2026-10-05"
          }
        ],
        "id": "osm-way-1002815768"
      },
      "geometry": {
        "type": "Point",
        "coordinates": [
          5.6036944,
          58.9546124
        ]
      }
    },
    {
      "type": "Feature",
      "properties": {
        "name": "Utkjent lekeplass",
        "source": "osm",
        "sourceId": "way/1007370533",
        "images": [],
        "age": {
          "min": 0,
          "max": 16
        },
        "opening": "",
        "equipment": [],
        "rating": {
          "average": 0,
          "count": 0
        },
        "accessibility": {
          "wheelchair": "unknown",
          "stroller": "unknown"
        },
        "fenced": false,
        "toilets": false,
        "parking": {
          "free": true,
          "paid": false
        },
        "dogs": {
          "allowed": true,
          "leash": false
        },
        "municipality": "",
        "verified": false,
        "lastVerified": "2026-10-05",
        "sources": [
          {
            "type": "osm",
            "id": "way/1007370533",
            "retrievedAt": "2026-10-05"
          }
        ],
        "id": "osm-way-1007370533"
      },
      "geometry": {
        "type": "Point",
        "coordinates": [
          5.3155509,
          60.3944932
        ]
      }
    },
    {
      "type": "Feature",
      "properties": {
        "name": "Utkjent lekeplass",
        "source": "osm",
        "sourceId": "way/1007370534",
        "images": [],
        "age": {
          "min": 0,
          "max": 16
        },
        "opening": "",
        "equipment": [],
        "rating": {
          "average": 0,
          "count": 0
        },
        "accessibility": {
          "wheelchair": "unknown",
          "stroller": "unknown"
        },
        "fenced": false,
        "toilets": false,
        "parking": {
          "free": true,
          "paid": false
        },
        "dogs": {
          "allowed": true,
          "leash": false
        },
        "municipality": "",
        "verified": false,
        "lastVerified": "2026-10-05",
        "sources": [
          {
            "type": "osm",
            "id": "way/1007370534",
            "retrievedAt": "2026-10-05"
          }
        ],
        "id": "osm-way-1007370534"
      },
      "geometry": {
        "type": "Point",
        "coordinates": [
          5.314868,
          60.3938215
        ]
      }
    },
    {
      "type": "Feature",
      "properties": {
        "name": "Ross-smauet lekeplass",
        "source": "osm",
        "sourceId": "way/1007370535",
        "images": [],
        "age": {
          "min": 0,
          "max": 16
        },
        "opening": "",
        "equipment": [],
        "rating": {
          "average": 0,
          "count": 0
        },
        "accessibility": {
          "wheelchair": "unknown",
          "stroller": "unknown"
        },
        "fenced": false,
        "toilets": false,
        "parking": {
          "free": true,
          "paid": false
        },
        "dogs": {
          "allowed": true,
          "leash": false
        },
        "municipality": "",
        "verified": true,
        "lastVerified": "2026-10-05",
        "sources": [
          {
            "type": "osm",
            "id": "way/1007370535",
            "retrievedAt": "2026-10-05"
          }
        ],
        "id": "osm-way-1007370535"
      },
      "geometry": {
        "type": "Point",
        "coordinates": [
          5.3156542,
          60.3933971
        ]
      }
    },
    {
      "type": "Feature",
      "properties": {
        "name": "Utkjent lekeplass",
        "source": "osm",
        "sourceId": "way/1007370536",
        "images": [],
        "age": {
          "min": 0,
          "max": 16
        },
        "opening": "",
        "equipment": [],
        "rating": {
          "average": 0,
          "count": 0
        },
        "accessibility": {
          "wheelchair": "unknown",
          "stroller": "unknown"
        },
        "fenced": false,
        "toilets": false,
        "parking": {
          "free": true,
          "paid": false
        },
        "dogs": {
          "allowed": true,
          "leash": false
        },
        "municipality": "",
        "verified": false,
        "lastVerified": "2026-10-05",
        "sources": [
          {
            "type": "osm",
            "id": "way/1007370536",
            "retrievedAt": "2026-10-05"
          }
        ],
        "id": "osm-way-1007370536"
      },
      "geometry": {
        "type": "Point",
        "coordinates": [
          5.3101225,
          60.3971902
        ]
      }
    },
    {
      "type": "Feature",
      "properties": {
        "name": "Utkjent lekeplass",
        "source": "osm",
        "sourceId": "way/1007381627",
        "images": [],
        "age": {
          "min": 0,
          "max": 16
        },
        "opening": "",
        "equipment": [],
        "rating": {
          "average": 0,
          "count": 0
        },
        "accessibility": {
          "wheelchair": "unknown",
          "stroller": "unknown"
        },
        "fenced": false,
        "toilets": false,
        "parking": {
          "free": true,
          "paid": false
        },
        "dogs": {
          "allowed": true,
          "leash": false
        },
        "municipality": "",
        "verified": false,
        "lastVerified": "2026-10-05",
        "sources": [
          {
            "type": "osm",
            "id": "way/1007381627",
            "retrievedAt": "2026-10-05"
          }
        ],
        "id": "osm-way-1007381627"
      },
      "geometry": {
        "type": "Point",
        "coordinates": [
          5.3072933,
          60.3976208
        ]
      }
    },
    {
      "type": "Feature",
      "properties": {
        "name": "Utkjent lekeplass",
        "source": "osm",
        "sourceId": "way/1007381628",
        "images": [],
        "age": {
          "min": 0,
          "max": 16
        },
        "opening": "",
        "equipment": [],
        "rating": {
          "average": 0,
          "count": 0
        },
        "accessibility": {
          "wheelchair": "unknown",
          "stroller": "unknown"
        },
        "fenced": false,
        "toilets": false,
        "parking": {
          "free": true,
          "paid": false
        },
        "dogs": {
          "allowed": true,
          "leash": false
        },
        "municipality": "",
        "verified": false,
        "lastVerified": "2026-10-05",
        "sources": [
          {
            "type": "osm",
            "id": "way/1007381628",
            "retrievedAt": "2026-10-05"
          }
        ],
        "id": "osm-way-1007381628"
      },
      "geometry": {
        "type": "Point",
        "coordinates": [
          5.3074236,
          60.3975934
        ]
      }
    },
    {
      "type": "Feature",
      "properties": {
        "name": "Utkjent lekeplass",
        "source": "osm",
        "sourceId": "way/1007381629",
        "images": [],
        "age": {
          "min": 0,
          "max": 16
        },
        "opening": "",
        "equipment": [],
        "rating": {
          "average": 0,
          "count": 0
        },
        "accessibility": {
          "wheelchair": "unknown",
          "stroller": "unknown"
        },
        "fenced": false,
        "toilets": false,
        "parking": {
          "free": true,
          "paid": false
        },
        "dogs": {
          "allowed": true,
          "leash": false
        },
        "municipality": "",
        "verified": false,
        "lastVerified": "2026-10-05",
        "sources": [
          {
            "type": "osm",
            "id": "way/1007381629",
            "retrievedAt": "2026-10-05"
          }
        ],
        "id": "osm-way-1007381629"
      },
      "geometry": {
        "type": "Point",
        "coordinates": [
          5.3073511,
          60.3976712
        ]
      }
    },
    {
      "type": "Feature",
      "properties": {
        "name": "Utkjent lekeplass",
        "source": "osm",
        "sourceId": "way/1007381630",
        "images": [],
        "age": {
          "min": 0,
          "max": 16
        },
        "opening": "",
        "equipment": [],
        "rating": {
          "average": 0,
          "count": 0
        },
        "accessibility": {
          "wheelchair": "unknown",
          "stroller": "unknown"
        },
        "fenced": false,
        "toilets": false,
        "parking": {
          "free": true,
          "paid": false
        },
        "dogs": {
          "allowed": true,
          "leash": false
        },
        "municipality": "",
        "verified": false,
        "lastVerified": "2026-10-05",
        "sources": [
          {
            "type": "osm",
            "id": "way/1007381630",
            "retrievedAt": "2026-10-05"
          }
        ],
        "id": "osm-way-1007381630"
      },
      "geometry": {
        "type": "Point",
        "coordinates": [
          5.3075862,
          60.3975836
        ]
      }
    },
    {
      "type": "Feature",
      "properties": {
        "name": "Utkjent lekeplass",
        "source": "osm",
        "sourceId": "way/1007381631",
        "images": [],
        "age": {
          "min": 0,
          "max": 16
        },
        "opening": "",
        "equipment": [],
        "rating": {
          "average": 0,
          "count": 0
        },
        "accessibility": {
          "wheelchair": "unknown",
          "stroller": "unknown"
        },
        "fenced": false,
        "toilets": false,
        "parking": {
          "free": true,
          "paid": false
        },
        "dogs": {
          "allowed": true,
          "leash": false
        },
        "municipality": "",
        "verified": false,
        "lastVerified": "2026-10-05",
        "sources": [
          {
            "type": "osm",
            "id": "way/1007381631",
            "retrievedAt": "2026-10-05"
          }
        ],
        "id": "osm-way-1007381631"
      },
      "geometry": {
        "type": "Point",
        "coordinates": [
          5.3078281,
          60.3974268
        ]
      }
    },
    {
      "type": "Feature",
      "properties": {
        "name": "Utkjent lekeplass",
        "source": "osm",
        "sourceId": "way/1007381632",
        "images": [],
        "age": {
          "min": 0,
          "max": 16
        },
        "opening": "",
        "equipment": [],
        "rating": {
          "average": 0,
          "count": 0
        },
        "accessibility": {
          "wheelchair": "unknown",
          "stroller": "unknown"
        },
        "fenced": false,
        "toilets": false,
        "parking": {
          "free": true,
          "paid": false
        },
        "dogs": {
          "allowed": true,
          "leash": false
        },
        "municipality": "",
        "verified": false,
        "lastVerified": "2026-10-05",
        "sources": [
          {
            "type": "osm",
            "id": "way/1007381632",
            "retrievedAt": "2026-10-05"
          }
        ],
        "id": "osm-way-1007381632"
      },
      "geometry": {
        "type": "Point",
        "coordinates": [
          5.3076616,
          60.3973061
        ]
      }
    },
    {
      "type": "Feature",
      "properties": {
        "name": "Utkjent lekeplass",
        "source": "osm",
        "sourceId": "way/1007381633",
        "images": [],
        "age": {
          "min": 0,
          "max": 16
        },
        "opening": "",
        "equipment": [],
        "rating": {
          "average": 0,
          "count": 0
        },
        "accessibility": {
          "wheelchair": "unknown",
          "stroller": "unknown"
        },
        "fenced": false,
        "toilets": false,
        "parking": {
          "free": true,
          "paid": false
        },
        "dogs": {
          "allowed": true,
          "leash": false
        },
        "municipality": "",
        "verified": false,
        "lastVerified": "2026-10-05",
        "sources": [
          {
            "type": "osm",
            "id": "way/1007381633",
            "retrievedAt": "2026-10-05"
          }
        ],
        "id": "osm-way-1007381633"
      },
      "geometry": {
        "type": "Point",
        "coordinates": [
          5.3075617,
          60.3973541
        ]
      }
    },
    {
      "type": "Feature",
      "properties": {
        "name": "Utkjent lekeplass",
        "source": "osm",
        "sourceId": "way/1007381635",
        "images": [],
        "age": {
          "min": 0,
          "max": 16
        },
        "opening": "",
        "equipment": [],
        "rating": {
          "average": 0,
          "count": 0
        },
        "accessibility": {
          "wheelchair": "unknown",
          "stroller": "unknown"
        },
        "fenced": false,
        "toilets": false,
        "parking": {
          "free": true,
          "paid": false
        },
        "dogs": {
          "allowed": true,
          "leash": false
        },
        "municipality": "",
        "verified": false,
        "lastVerified": "2026-10-05",
        "sources": [
          {
            "type": "osm",
            "id": "way/1007381635",
            "retrievedAt": "2026-10-05"
          }
        ],
        "id": "osm-way-1007381635"
      },
      "geometry": {
        "type": "Point",
        "coordinates": [
          5.3076637,
          60.3977108
        ]
      }
    },
    {
      "type": "Feature",
      "properties": {
        "name": "Utkjent lekeplass",
        "source": "osm",
        "sourceId": "way/1007419919",
        "images": [],
        "age": {
          "min": 0,
          "max": 16
        },
        "opening": "",
        "equipment": [],
        "rating": {
          "average": 0,
          "count": 0
        },
        "accessibility": {
          "wheelchair": "unknown",
          "stroller": "unknown"
        },
        "fenced": false,
        "toilets": false,
        "parking": {
          "free": true,
          "paid": false
        },
        "dogs": {
          "allowed": true,
          "leash": false
        },
        "municipality": "",
        "verified": false,
        "lastVerified": "2026-10-05",
        "sources": [
          {
            "type": "osm",
            "id": "way/1007419919",
            "retrievedAt": "2026-10-05"
          }
        ],
        "id": "osm-way-1007419919"
      },
      "geometry": {
        "type": "Point",
        "coordinates": [
          5.3390688,
          60.3855879
        ]
      }
    },
    {
      "type": "Feature",
      "properties": {
        "name": "Utkjent lekeplass",
        "source": "osm",
        "sourceId": "way/1013781685",
        "images": [],
        "age": {
          "min": 0,
          "max": 16
        },
        "opening": "",
        "equipment": [],
        "rating": {
          "average": 0,
          "count": 0
        },
        "accessibility": {
          "wheelchair": "unknown",
          "stroller": "unknown"
        },
        "fenced": false,
        "toilets": false,
        "parking": {
          "free": true,
          "paid": false
        },
        "dogs": {
          "allowed": true,
          "leash": false
        },
        "municipality": "",
        "verified": false,
        "lastVerified": "2026-10-05",
        "sources": [
          {
            "type": "osm",
            "id": "way/1013781685",
            "retrievedAt": "2026-10-05"
          }
        ],
        "id": "osm-way-1013781685"
      },
      "geometry": {
        "type": "Point",
        "coordinates": [
          5.6083454,
          58.9237435
        ]
      }
    },
    {
      "type": "Feature",
      "properties": {
        "name": "Utkjent lekeplass",
        "source": "osm",
        "sourceId": "way/1016900573",
        "images": [],
        "age": {
          "min": 0,
          "max": 16
        },
        "opening": "",
        "equipment": [],
        "rating": {
          "average": 0,
          "count": 0
        },
        "accessibility": {
          "wheelchair": "unknown",
          "stroller": "unknown"
        },
        "fenced": false,
        "toilets": false,
        "parking": {
          "free": true,
          "paid": false
        },
        "dogs": {
          "allowed": true,
          "leash": false
        },
        "municipality": "",
        "verified": false,
        "lastVerified": "2026-10-05",
        "sources": [
          {
            "type": "osm",
            "id": "way/1016900573",
            "retrievedAt": "2026-10-05"
          }
        ],
        "id": "osm-way-1016900573"
      },
      "geometry": {
        "type": "Point",
        "coordinates": [
          5.3322966,
          60.3930955
        ]
      }
    },
    {
      "type": "Feature",
      "properties": {
        "name": "Utkjent lekeplass",
        "source": "osm",
        "sourceId": "way/1016900574",
        "images": [],
        "age": {
          "min": 0,
          "max": 16
        },
        "opening": "",
        "equipment": [],
        "rating": {
          "average": 0,
          "count": 0
        },
        "accessibility": {
          "wheelchair": "unknown",
          "stroller": "unknown"
        },
        "fenced": false,
        "toilets": false,
        "parking": {
          "free": true,
          "paid": false
        },
        "dogs": {
          "allowed": true,
          "leash": false
        },
        "municipality": "",
        "verified": false,
        "lastVerified": "2026-10-05",
        "sources": [
          {
            "type": "osm",
            "id": "way/1016900574",
            "retrievedAt": "2026-10-05"
          }
        ],
        "id": "osm-way-1016900574"
      },
      "geometry": {
        "type": "Point",
        "coordinates": [
          5.3315861,
          60.3933441
        ]
      }
    },
    {
      "type": "Feature",
      "properties": {
        "name": "Utkjent lekeplass",
        "source": "osm",
        "sourceId": "way/1016923025",
        "images": [],
        "age": {
          "min": 0,
          "max": 16
        },
        "opening": "",
        "equipment": [],
        "rating": {
          "average": 0,
          "count": 0
        },
        "accessibility": {
          "wheelchair": "unknown",
          "stroller": "unknown"
        },
        "fenced": false,
        "toilets": false,
        "parking": {
          "free": true,
          "paid": false
        },
        "dogs": {
          "allowed": true,
          "leash": false
        },
        "municipality": "",
        "verified": false,
        "lastVerified": "2026-10-05",
        "sources": [
          {
            "type": "osm",
            "id": "way/1016923025",
            "retrievedAt": "2026-10-05"
          }
        ],
        "id": "osm-way-1016923025"
      },
      "geometry": {
        "type": "Point",
        "coordinates": [
          5.3264907,
          60.4053011
        ]
      }
    },
    {
      "type": "Feature",
      "properties": {
        "name": "Utkjent lekeplass",
        "source": "osm",
        "sourceId": "way/1016923038",
        "images": [],
        "age": {
          "min": 0,
          "max": 16
        },
        "opening": "",
        "equipment": [],
        "rating": {
          "average": 0,
          "count": 0
        },
        "accessibility": {
          "wheelchair": "unknown",
          "stroller": "unknown"
        },
        "fenced": false,
        "toilets": false,
        "parking": {
          "free": true,
          "paid": false
        },
        "dogs": {
          "allowed": true,
          "leash": false
        },
        "municipality": "",
        "verified": false,
        "lastVerified": "2026-10-05",
        "sources": [
          {
            "type": "osm",
            "id": "way/1016923038",
            "retrievedAt": "2026-10-05"
          }
        ],
        "id": "osm-way-1016923038"
      },
      "geometry": {
        "type": "Point",
        "coordinates": [
          5.3285273,
          60.4060252
        ]
      }
    },
    {
      "type": "Feature",
      "properties": {
        "name": "Utkjent lekeplass",
        "source": "osm",
        "sourceId": "way/1016923040",
        "images": [],
        "age": {
          "min": 0,
          "max": 16
        },
        "opening": "",
        "equipment": [],
        "rating": {
          "average": 0,
          "count": 0
        },
        "accessibility": {
          "wheelchair": "unknown",
          "stroller": "unknown"
        },
        "fenced": false,
        "toilets": false,
        "parking": {
          "free": true,
          "paid": false
        },
        "dogs": {
          "allowed": true,
          "leash": false
        },
        "municipality": "",
        "verified": false,
        "lastVerified": "2026-10-05",
        "sources": [
          {
            "type": "osm",
            "id": "way/1016923040",
            "retrievedAt": "2026-10-05"
          }
        ],
        "id": "osm-way-1016923040"
      },
      "geometry": {
        "type": "Point",
        "coordinates": [
          5.3245741,
          60.4073031
        ]
      }
    },
    {
      "type": "Feature",
      "properties": {
        "name": "Utkjent lekeplass",
        "source": "osm",
        "sourceId": "way/1016923069",
        "images": [],
        "age": {
          "min": 0,
          "max": 16
        },
        "opening": "",
        "equipment": [],
        "rating": {
          "average": 0,
          "count": 0
        },
        "accessibility": {
          "wheelchair": "unknown",
          "stroller": "unknown"
        },
        "fenced": false,
        "toilets": false,
        "parking": {
          "free": true,
          "paid": false
        },
        "dogs": {
          "allowed": true,
          "leash": false
        },
        "municipality": "",
        "verified": false,
        "lastVerified": "2026-10-05",
        "sources": [
          {
            "type": "osm",
            "id": "way/1016923069",
            "retrievedAt": "2026-10-05"
          }
        ],
        "id": "osm-way-1016923069"
      },
      "geometry": {
        "type": "Point",
        "coordinates": [
          5.3241575,
          60.4096272
        ]
      }
    },
    {
      "type": "Feature",
      "properties": {
        "name": "Utkjent lekeplass",
        "source": "osm",
        "sourceId": "way/1019439215",
        "images": [],
        "age": {
          "min": 0,
          "max": 16
        },
        "opening": "",
        "equipment": [],
        "rating": {
          "average": 0,
          "count": 0
        },
        "accessibility": {
          "wheelchair": "unknown",
          "stroller": "unknown"
        },
        "fenced": false,
        "toilets": false,
        "parking": {
          "free": true,
          "paid": false
        },
        "dogs": {
          "allowed": true,
          "leash": false
        },
        "municipality": "",
        "verified": false,
        "lastVerified": "2026-10-05",
        "sources": [
          {
            "type": "osm",
            "id": "way/1019439215",
            "retrievedAt": "2026-10-05"
          }
        ],
        "id": "osm-way-1019439215"
      },
      "geometry": {
        "type": "Point",
        "coordinates": [
          5.2649885,
          60.3686783
        ]
      }
    },
    {
      "type": "Feature",
      "properties": {
        "name": "Utkjent lekeplass",
        "source": "osm",
        "sourceId": "way/1019439224",
        "images": [],
        "age": {
          "min": 0,
          "max": 16
        },
        "opening": "",
        "equipment": [],
        "rating": {
          "average": 0,
          "count": 0
        },
        "accessibility": {
          "wheelchair": "unknown",
          "stroller": "unknown"
        },
        "fenced": false,
        "toilets": false,
        "parking": {
          "free": true,
          "paid": false
        },
        "dogs": {
          "allowed": true,
          "leash": false
        },
        "municipality": "",
        "verified": false,
        "lastVerified": "2026-10-05",
        "sources": [
          {
            "type": "osm",
            "id": "way/1019439224",
            "retrievedAt": "2026-10-05"
          }
        ],
        "id": "osm-way-1019439224"
      },
      "geometry": {
        "type": "Point",
        "coordinates": [
          5.2635698,
          60.3683062
        ]
      }
    },
    {
      "type": "Feature",
      "properties": {
        "name": "Utkjent lekeplass",
        "source": "osm",
        "sourceId": "way/1019439225",
        "images": [],
        "age": {
          "min": 0,
          "max": 16
        },
        "opening": "",
        "equipment": [],
        "rating": {
          "average": 0,
          "count": 0
        },
        "accessibility": {
          "wheelchair": "unknown",
          "stroller": "unknown"
        },
        "fenced": false,
        "toilets": false,
        "parking": {
          "free": true,
          "paid": false
        },
        "dogs": {
          "allowed": true,
          "leash": false
        },
        "municipality": "",
        "verified": false,
        "lastVerified": "2026-10-05",
        "sources": [
          {
            "type": "osm",
            "id": "way/1019439225",
            "retrievedAt": "2026-10-05"
          }
        ],
        "id": "osm-way-1019439225"
      },
      "geometry": {
        "type": "Point",
        "coordinates": [
          5.2636456,
          60.3690422
        ]
      }
    },
    {
      "type": "Feature",
      "properties": {
        "name": "Utkjent lekeplass",
        "source": "osm",
        "sourceId": "way/1019439228",
        "images": [],
        "age": {
          "min": 0,
          "max": 16
        },
        "opening": "",
        "equipment": [],
        "rating": {
          "average": 0,
          "count": 0
        },
        "accessibility": {
          "wheelchair": "unknown",
          "stroller": "unknown"
        },
        "fenced": false,
        "toilets": false,
        "parking": {
          "free": true,
          "paid": false
        },
        "dogs": {
          "allowed": true,
          "leash": false
        },
        "municipality": "",
        "verified": false,
        "lastVerified": "2026-10-05",
        "sources": [
          {
            "type": "osm",
            "id": "way/1019439228",
            "retrievedAt": "2026-10-05"
          }
        ],
        "id": "osm-way-1019439228"
      },
      "geometry": {
        "type": "Point",
        "coordinates": [
          5.264763,
          60.3699927
        ]
      }
    },
    {
      "type": "Feature",
      "properties": {
        "name": "Utkjent lekeplass",
        "source": "osm",
        "sourceId": "way/1019439229",
        "images": [],
        "age": {
          "min": 0,
          "max": 16
        },
        "opening": "",
        "equipment": [],
        "rating": {
          "average": 0,
          "count": 0
        },
        "accessibility": {
          "wheelchair": "unknown",
          "stroller": "unknown"
        },
        "fenced": false,
        "toilets": false,
        "parking": {
          "free": true,
          "paid": false
        },
        "dogs": {
          "allowed": true,
          "leash": false
        },
        "municipality": "",
        "verified": false,
        "lastVerified": "2026-10-05",
        "sources": [
          {
            "type": "osm",
            "id": "way/1019439229",
            "retrievedAt": "2026-10-05"
          }
        ],
        "id": "osm-way-1019439229"
      },
      "geometry": {
        "type": "Point",
        "coordinates": [
          5.2648655,
          60.3700382
        ]
      }
    },
    {
      "type": "Feature",
      "properties": {
        "name": "Utkjent lekeplass",
        "source": "osm",
        "sourceId": "way/1019439256",
        "images": [],
        "age": {
          "min": 0,
          "max": 16
        },
        "opening": "",
        "equipment": [],
        "rating": {
          "average": 0,
          "count": 0
        },
        "accessibility": {
          "wheelchair": "unknown",
          "stroller": "unknown"
        },
        "fenced": false,
        "toilets": false,
        "parking": {
          "free": true,
          "paid": false
        },
        "dogs": {
          "allowed": true,
          "leash": false
        },
        "municipality": "",
        "verified": false,
        "lastVerified": "2026-10-05",
        "sources": [
          {
            "type": "osm",
            "id": "way/1019439256",
            "retrievedAt": "2026-10-05"
          }
        ],
        "id": "osm-way-1019439256"
      },
      "geometry": {
        "type": "Point",
        "coordinates": [
          5.2653309,
          60.3734039
        ]
      }
    },
    {
      "type": "Feature",
      "properties": {
        "name": "Utkjent lekeplass",
        "source": "osm",
        "sourceId": "way/1019439261",
        "images": [],
        "age": {
          "min": 0,
          "max": 16
        },
        "opening": "",
        "equipment": [],
        "rating": {
          "average": 0,
          "count": 0
        },
        "accessibility": {
          "wheelchair": "unknown",
          "stroller": "unknown"
        },
        "fenced": false,
        "toilets": false,
        "parking": {
          "free": true,
          "paid": false
        },
        "dogs": {
          "allowed": true,
          "leash": false
        },
        "municipality": "",
        "verified": false,
        "lastVerified": "2026-10-05",
        "sources": [
          {
            "type": "osm",
            "id": "way/1019439261",
            "retrievedAt": "2026-10-05"
          }
        ],
        "id": "osm-way-1019439261"
      },
      "geometry": {
        "type": "Point",
        "coordinates": [
          5.2637798,
          60.3734925
        ]
      }
    },
    {
      "type": "Feature",
      "properties": {
        "name": "Utkjent lekeplass",
        "source": "osm",
        "sourceId": "way/1022627752",
        "images": [],
        "age": {
          "min": 0,
          "max": 16
        },
        "opening": "",
        "equipment": [],
        "rating": {
          "average": 0,
          "count": 0
        },
        "accessibility": {
          "wheelchair": "unknown",
          "stroller": "unknown"
        },
        "fenced": false,
        "toilets": false,
        "parking": {
          "free": true,
          "paid": false
        },
        "dogs": {
          "allowed": true,
          "leash": false
        },
        "municipality": "",
        "verified": false,
        "lastVerified": "2026-10-05",
        "sources": [
          {
            "type": "osm",
            "id": "way/1022627752",
            "retrievedAt": "2026-10-05"
          }
        ],
        "id": "osm-way-1022627752"
      },
      "geometry": {
        "type": "Point",
        "coordinates": [
          5.3231982,
          60.4481753
        ]
      }
    },
    {
      "type": "Feature",
      "properties": {
        "name": "Utkjent lekeplass",
        "source": "osm",
        "sourceId": "way/1022644065",
        "images": [],
        "age": {
          "min": 0,
          "max": 16
        },
        "opening": "",
        "equipment": [],
        "rating": {
          "average": 0,
          "count": 0
        },
        "accessibility": {
          "wheelchair": "unknown",
          "stroller": "unknown"
        },
        "fenced": false,
        "toilets": false,
        "parking": {
          "free": true,
          "paid": false
        },
        "dogs": {
          "allowed": true,
          "leash": false
        },
        "municipality": "",
        "verified": false,
        "lastVerified": "2026-10-05",
        "sources": [
          {
            "type": "osm",
            "id": "way/1022644065",
            "retrievedAt": "2026-10-05"
          }
        ],
        "id": "osm-way-1022644065"
      },
      "geometry": {
        "type": "Point",
        "coordinates": [
          5.3114036,
          60.3962144
        ]
      }
    },
    {
      "type": "Feature",
      "properties": {
        "name": "Utkjent lekeplass",
        "source": "osm",
        "sourceId": "way/1022644066",
        "images": [],
        "age": {
          "min": 0,
          "max": 16
        },
        "opening": "",
        "equipment": [],
        "rating": {
          "average": 0,
          "count": 0
        },
        "accessibility": {
          "wheelchair": "unknown",
          "stroller": "unknown"
        },
        "fenced": false,
        "toilets": false,
        "parking": {
          "free": true,
          "paid": false
        },
        "dogs": {
          "allowed": true,
          "leash": false
        },
        "municipality": "",
        "verified": false,
        "lastVerified": "2026-10-05",
        "sources": [
          {
            "type": "osm",
            "id": "way/1022644066",
            "retrievedAt": "2026-10-05"
          }
        ],
        "id": "osm-way-1022644066"
      },
      "geometry": {
        "type": "Point",
        "coordinates": [
          5.3115298,
          60.3963393
        ]
      }
    },
    {
      "type": "Feature",
      "properties": {
        "name": "Sydnesparken lekeplass",
        "source": "osm",
        "sourceId": "way/1022644078",
        "images": [],
        "age": {
          "min": 0,
          "max": 16
        },
        "opening": "",
        "equipment": [],
        "rating": {
          "average": 0,
          "count": 0
        },
        "accessibility": {
          "wheelchair": "unknown",
          "stroller": "unknown"
        },
        "fenced": false,
        "toilets": false,
        "parking": {
          "free": true,
          "paid": false
        },
        "dogs": {
          "allowed": true,
          "leash": false
        },
        "municipality": "",
        "verified": true,
        "lastVerified": "2026-10-05",
        "sources": [
          {
            "type": "osm",
            "id": "way/1022644078",
            "retrievedAt": "2026-10-05"
          }
        ],
        "id": "osm-way-1022644078"
      },
      "geometry": {
        "type": "Point",
        "coordinates": [
          5.3158717,
          60.3906405
        ]
      }
    },
    {
      "type": "Feature",
      "properties": {
        "name": "Utkjent lekeplass",
        "source": "osm",
        "sourceId": "way/1025508785",
        "images": [],
        "age": {
          "min": 0,
          "max": 16
        },
        "opening": "",
        "equipment": [],
        "rating": {
          "average": 0,
          "count": 0
        },
        "accessibility": {
          "wheelchair": "unknown",
          "stroller": "unknown"
        },
        "fenced": false,
        "toilets": false,
        "parking": {
          "free": true,
          "paid": false
        },
        "dogs": {
          "allowed": true,
          "leash": false
        },
        "municipality": "",
        "verified": false,
        "lastVerified": "2026-10-05",
        "sources": [
          {
            "type": "osm",
            "id": "way/1025508785",
            "retrievedAt": "2026-10-05"
          }
        ],
        "id": "osm-way-1025508785"
      },
      "geometry": {
        "type": "Point",
        "coordinates": [
          5.3150635,
          60.4173015
        ]
      }
    },
    {
      "type": "Feature",
      "properties": {
        "name": "Steinkjellergaten lekeplass",
        "source": "osm",
        "sourceId": "way/1025514808",
        "images": [],
        "age": {
          "min": 0,
          "max": 16
        },
        "opening": "",
        "equipment": [],
        "rating": {
          "average": 0,
          "count": 0
        },
        "accessibility": {
          "wheelchair": "unknown",
          "stroller": "unknown"
        },
        "fenced": false,
        "toilets": false,
        "parking": {
          "free": true,
          "paid": false
        },
        "dogs": {
          "allowed": true,
          "leash": false
        },
        "municipality": "",
        "verified": true,
        "lastVerified": "2026-10-05",
        "sources": [
          {
            "type": "osm",
            "id": "way/1025514808",
            "retrievedAt": "2026-10-05"
          }
        ],
        "id": "osm-way-1025514808"
      },
      "geometry": {
        "type": "Point",
        "coordinates": [
          5.3269645,
          60.3988095
        ]
      }
    },
    {
      "type": "Feature",
      "properties": {
        "name": "Koren Wibergs lekeplass",
        "source": "osm",
        "sourceId": "way/1025514811",
        "images": [],
        "age": {
          "min": 0,
          "max": 16
        },
        "opening": "",
        "equipment": [],
        "rating": {
          "average": 0,
          "count": 0
        },
        "accessibility": {
          "wheelchair": "unknown",
          "stroller": "unknown"
        },
        "fenced": false,
        "toilets": false,
        "parking": {
          "free": true,
          "paid": false
        },
        "dogs": {
          "allowed": true,
          "leash": false
        },
        "municipality": "",
        "verified": true,
        "lastVerified": "2026-10-05",
        "sources": [
          {
            "type": "osm",
            "id": "way/1025514811",
            "retrievedAt": "2026-10-05"
          }
        ],
        "id": "osm-way-1025514811"
      },
      "geometry": {
        "type": "Point",
        "coordinates": [
          5.3252549,
          60.398257
        ]
      }
    },
    {
      "type": "Feature",
      "properties": {
        "name": "Øvregaten lekeplass",
        "source": "osm",
        "sourceId": "way/1025514813",
        "images": [],
        "age": {
          "min": 0,
          "max": 16
        },
        "opening": "",
        "equipment": [],
        "rating": {
          "average": 0,
          "count": 0
        },
        "accessibility": {
          "wheelchair": "unknown",
          "stroller": "unknown"
        },
        "fenced": false,
        "toilets": false,
        "parking": {
          "free": true,
          "paid": false
        },
        "dogs": {
          "allowed": true,
          "leash": false
        },
        "municipality": "",
        "verified": true,
        "lastVerified": "2026-10-05",
        "sources": [
          {
            "type": "osm",
            "id": "way/1025514813",
            "retrievedAt": "2026-10-05"
          }
        ],
        "id": "osm-way-1025514813"
      },
      "geometry": {
        "type": "Point",
        "coordinates": [
          5.3243155,
          60.3991096
        ]
      }
    },
    {
      "type": "Feature",
      "properties": {
        "name": "Finnemanns plass lekeplass",
        "source": "osm",
        "sourceId": "way/1025514818",
        "images": [],
        "age": {
          "min": 0,
          "max": 16
        },
        "opening": "",
        "equipment": [],
        "rating": {
          "average": 0,
          "count": 0
        },
        "accessibility": {
          "wheelchair": "unknown",
          "stroller": "unknown"
        },
        "fenced": false,
        "toilets": false,
        "parking": {
          "free": true,
          "paid": false
        },
        "dogs": {
          "allowed": true,
          "leash": false
        },
        "municipality": "",
        "verified": true,
        "lastVerified": "2026-10-05",
        "sources": [
          {
            "type": "osm",
            "id": "way/1025514818",
            "retrievedAt": "2026-10-05"
          }
        ],
        "id": "osm-way-1025514818"
      },
      "geometry": {
        "type": "Point",
        "coordinates": [
          5.3272705,
          60.3993494
        ]
      }
    },
    {
      "type": "Feature",
      "properties": {
        "name": "Steinkjellerbakken lekeplass",
        "source": "osm",
        "sourceId": "way/1025514819",
        "images": [],
        "age": {
          "min": 0,
          "max": 16
        },
        "opening": "",
        "equipment": [],
        "rating": {
          "average": 0,
          "count": 0
        },
        "accessibility": {
          "wheelchair": "unknown",
          "stroller": "unknown"
        },
        "fenced": false,
        "toilets": false,
        "parking": {
          "free": true,
          "paid": false
        },
        "dogs": {
          "allowed": true,
          "leash": false
        },
        "municipality": "",
        "verified": true,
        "lastVerified": "2026-10-05",
        "sources": [
          {
            "type": "osm",
            "id": "way/1025514819",
            "retrievedAt": "2026-10-05"
          }
        ],
        "id": "osm-way-1025514819"
      },
      "geometry": {
        "type": "Point",
        "coordinates": [
          5.3275339,
          60.3980194
        ]
      }
    },
    {
      "type": "Feature",
      "properties": {
        "name": "Birkebeinergaten lekeplass",
        "source": "osm",
        "sourceId": "way/1025514826",
        "images": [],
        "age": {
          "min": 0,
          "max": 16
        },
        "opening": "",
        "equipment": [],
        "rating": {
          "average": 0,
          "count": 0
        },
        "accessibility": {
          "wheelchair": "unknown",
          "stroller": "unknown"
        },
        "fenced": false,
        "toilets": false,
        "parking": {
          "free": true,
          "paid": false
        },
        "dogs": {
          "allowed": true,
          "leash": false
        },
        "municipality": "",
        "verified": true,
        "lastVerified": "2026-10-05",
        "sources": [
          {
            "type": "osm",
            "id": "way/1025514826",
            "retrievedAt": "2026-10-05"
          }
        ],
        "id": "osm-way-1025514826"
      },
      "geometry": {
        "type": "Point",
        "coordinates": [
          5.323999,
          60.4001161
        ]
      }
    },
    {
      "type": "Feature",
      "properties": {
        "name": "Utkjent lekeplass",
        "source": "osm",
        "sourceId": "way/1025514831",
        "images": [],
        "age": {
          "min": 0,
          "max": 16
        },
        "opening": "",
        "equipment": [],
        "rating": {
          "average": 0,
          "count": 0
        },
        "accessibility": {
          "wheelchair": "unknown",
          "stroller": "unknown"
        },
        "fenced": false,
        "toilets": false,
        "parking": {
          "free": true,
          "paid": false
        },
        "dogs": {
          "allowed": true,
          "leash": false
        },
        "municipality": "",
        "verified": false,
        "lastVerified": "2026-10-05",
        "sources": [
          {
            "type": "osm",
            "id": "way/1025514831",
            "retrievedAt": "2026-10-05"
          }
        ],
        "id": "osm-way-1025514831"
      },
      "geometry": {
        "type": "Point",
        "coordinates": [
          5.3222562,
          60.4022965
        ]
      }
    },
    {
      "type": "Feature",
      "properties": {
        "name": "Utkjent lekeplass",
        "source": "osm",
        "sourceId": "way/1028138771",
        "images": [],
        "age": {
          "min": 0,
          "max": 16
        },
        "opening": "24/7",
        "equipment": [],
        "rating": {
          "average": 0,
          "count": 0
        },
        "accessibility": {
          "wheelchair": "unknown",
          "stroller": "unknown"
        },
        "fenced": false,
        "toilets": false,
        "parking": {
          "free": true,
          "paid": false
        },
        "dogs": {
          "allowed": true,
          "leash": false
        },
        "municipality": "",
        "verified": false,
        "lastVerified": "2026-10-05",
        "sources": [
          {
            "type": "osm",
            "id": "way/1028138771",
            "retrievedAt": "2026-10-05"
          }
        ],
        "id": "osm-way-1028138771"
      },
      "geometry": {
        "type": "Point",
        "coordinates": [
          5.2848118,
          60.3893324
        ]
      }
    },
    {
      "type": "Feature",
      "properties": {
        "name": "Utkjent lekeplass",
        "source": "osm",
        "sourceId": "way/1030506491",
        "images": [],
        "age": {
          "min": 0,
          "max": 16
        },
        "opening": "",
        "equipment": [],
        "rating": {
          "average": 0,
          "count": 0
        },
        "accessibility": {
          "wheelchair": "unknown",
          "stroller": "unknown"
        },
        "fenced": false,
        "toilets": false,
        "parking": {
          "free": true,
          "paid": false
        },
        "dogs": {
          "allowed": true,
          "leash": false
        },
        "municipality": "",
        "verified": false,
        "lastVerified": "2026-10-05",
        "sources": [
          {
            "type": "osm",
            "id": "way/1030506491",
            "retrievedAt": "2026-10-05"
          }
        ],
        "id": "osm-way-1030506491"
      },
      "geometry": {
        "type": "Point",
        "coordinates": [
          5.3658802,
          60.3668322
        ]
      }
    },
    {
      "type": "Feature",
      "properties": {
        "name": "Utkjent lekeplass",
        "source": "osm",
        "sourceId": "way/1036305830",
        "images": [],
        "age": {
          "min": 0,
          "max": 16
        },
        "opening": "",
        "equipment": [],
        "rating": {
          "average": 0,
          "count": 0
        },
        "accessibility": {
          "wheelchair": "unknown",
          "stroller": "unknown"
        },
        "fenced": false,
        "toilets": false,
        "parking": {
          "free": true,
          "paid": false
        },
        "dogs": {
          "allowed": true,
          "leash": false
        },
        "municipality": "",
        "verified": false,
        "lastVerified": "2026-10-05",
        "sources": [
          {
            "type": "osm",
            "id": "way/1036305830",
            "retrievedAt": "2026-10-05"
          }
        ],
        "id": "osm-way-1036305830"
      },
      "geometry": {
        "type": "Point",
        "coordinates": [
          5.6976285,
          58.9654665
        ]
      }
    },
    {
      "type": "Feature",
      "properties": {
        "name": "Utkjent lekeplass",
        "source": "osm",
        "sourceId": "way/1036305831",
        "images": [],
        "age": {
          "min": 0,
          "max": 16
        },
        "opening": "",
        "equipment": [],
        "rating": {
          "average": 0,
          "count": 0
        },
        "accessibility": {
          "wheelchair": "unknown",
          "stroller": "unknown"
        },
        "fenced": false,
        "toilets": false,
        "parking": {
          "free": true,
          "paid": false
        },
        "dogs": {
          "allowed": true,
          "leash": false
        },
        "municipality": "",
        "verified": false,
        "lastVerified": "2026-10-05",
        "sources": [
          {
            "type": "osm",
            "id": "way/1036305831",
            "retrievedAt": "2026-10-05"
          }
        ],
        "id": "osm-way-1036305831"
      },
      "geometry": {
        "type": "Point",
        "coordinates": [
          5.7028542,
          58.9658011
        ]
      }
    },
    {
      "type": "Feature",
      "properties": {
        "name": "Utkjent lekeplass",
        "source": "osm",
        "sourceId": "way/1036305833",
        "images": [],
        "age": {
          "min": 0,
          "max": 16
        },
        "opening": "",
        "equipment": [],
        "rating": {
          "average": 0,
          "count": 0
        },
        "accessibility": {
          "wheelchair": "unknown",
          "stroller": "unknown"
        },
        "fenced": false,
        "toilets": false,
        "parking": {
          "free": true,
          "paid": false
        },
        "dogs": {
          "allowed": true,
          "leash": false
        },
        "municipality": "",
        "verified": false,
        "lastVerified": "2026-10-05",
        "sources": [
          {
            "type": "osm",
            "id": "way/1036305833",
            "retrievedAt": "2026-10-05"
          }
        ],
        "id": "osm-way-1036305833"
      },
      "geometry": {
        "type": "Point",
        "coordinates": [
          5.7030684,
          58.9674903
        ]
      }
    },
    {
      "type": "Feature",
      "properties": {
        "name": "Utkjent lekeplass",
        "source": "osm",
        "sourceId": "way/1036305834",
        "images": [],
        "age": {
          "min": 0,
          "max": 16
        },
        "opening": "",
        "equipment": [],
        "rating": {
          "average": 0,
          "count": 0
        },
        "accessibility": {
          "wheelchair": "unknown",
          "stroller": "unknown"
        },
        "fenced": false,
        "toilets": false,
        "parking": {
          "free": true,
          "paid": false
        },
        "dogs": {
          "allowed": true,
          "leash": false
        },
        "municipality": "",
        "verified": false,
        "lastVerified": "2026-10-05",
        "sources": [
          {
            "type": "osm",
            "id": "way/1036305834",
            "retrievedAt": "2026-10-05"
          }
        ],
        "id": "osm-way-1036305834"
      },
      "geometry": {
        "type": "Point",
        "coordinates": [
          5.6986311,
          58.9619836
        ]
      }
    },
    {
      "type": "Feature",
      "properties": {
        "name": "Utkjent lekeplass",
        "source": "osm",
        "sourceId": "way/1036305836",
        "images": [],
        "age": {
          "min": 0,
          "max": 16
        },
        "opening": "",
        "equipment": [],
        "rating": {
          "average": 0,
          "count": 0
        },
        "accessibility": {
          "wheelchair": "unknown",
          "stroller": "unknown"
        },
        "fenced": false,
        "toilets": false,
        "parking": {
          "free": true,
          "paid": false
        },
        "dogs": {
          "allowed": true,
          "leash": false
        },
        "municipality": "",
        "verified": false,
        "lastVerified": "2026-10-05",
        "sources": [
          {
            "type": "osm",
            "id": "way/1036305836",
            "retrievedAt": "2026-10-05"
          }
        ],
        "id": "osm-way-1036305836"
      },
      "geometry": {
        "type": "Point",
        "coordinates": [
          5.704254,
          58.9622894
        ]
      }
    },
    {
      "type": "Feature",
      "properties": {
        "name": "Utkjent lekeplass",
        "source": "osm",
        "sourceId": "way/1036305837",
        "images": [],
        "age": {
          "min": 0,
          "max": 16
        },
        "opening": "",
        "equipment": [],
        "rating": {
          "average": 0,
          "count": 0
        },
        "accessibility": {
          "wheelchair": "unknown",
          "stroller": "unknown"
        },
        "fenced": false,
        "toilets": false,
        "parking": {
          "free": true,
          "paid": false
        },
        "dogs": {
          "allowed": true,
          "leash": false
        },
        "municipality": "",
        "verified": false,
        "lastVerified": "2026-10-05",
        "sources": [
          {
            "type": "osm",
            "id": "way/1036305837",
            "retrievedAt": "2026-10-05"
          }
        ],
        "id": "osm-way-1036305837"
      },
      "geometry": {
        "type": "Point",
        "coordinates": [
          5.7081951,
          58.9640166
        ]
      }
    },
    {
      "type": "Feature",
      "properties": {
        "name": "Aktivitetsområde",
        "source": "osm",
        "sourceId": "way/1039167160",
        "images": [],
        "age": {
          "min": 0,
          "max": 16
        },
        "opening": "24/7",
        "equipment": [],
        "rating": {
          "average": 0,
          "count": 0
        },
        "accessibility": {
          "wheelchair": "yes",
          "stroller": "unknown"
        },
        "fenced": false,
        "toilets": false,
        "parking": {
          "free": true,
          "paid": false
        },
        "dogs": {
          "allowed": true,
          "leash": false
        },
        "municipality": "",
        "verified": true,
        "lastVerified": "2026-10-05",
        "sources": [
          {
            "type": "osm",
            "id": "way/1039167160",
            "retrievedAt": "2026-10-05"
          }
        ],
        "id": "osm-way-1039167160"
      },
      "geometry": {
        "type": "Point",
        "coordinates": [
          5.2725349,
          60.3943503
        ]
      }
    },
    {
      "type": "Feature",
      "properties": {
        "name": "Strandlien lekeplass",
        "source": "osm",
        "sourceId": "way/1042371972",
        "images": [],
        "age": {
          "min": 0,
          "max": 16
        },
        "opening": "",
        "equipment": [],
        "rating": {
          "average": 0,
          "count": 0
        },
        "accessibility": {
          "wheelchair": "unknown",
          "stroller": "unknown"
        },
        "fenced": false,
        "toilets": false,
        "parking": {
          "free": true,
          "paid": false
        },
        "dogs": {
          "allowed": true,
          "leash": false
        },
        "municipality": "",
        "verified": true,
        "lastVerified": "2026-10-05",
        "sources": [
          {
            "type": "osm",
            "id": "way/1042371972",
            "retrievedAt": "2026-10-05"
          }
        ],
        "id": "osm-way-1042371972"
      },
      "geometry": {
        "type": "Point",
        "coordinates": [
          5.3198416,
          60.3793044
        ]
      }
    },
    {
      "type": "Feature",
      "properties": {
        "name": "Lien lekeplass",
        "source": "osm",
        "sourceId": "way/1042371989",
        "images": [],
        "age": {
          "min": 0,
          "max": 16
        },
        "opening": "",
        "equipment": [],
        "rating": {
          "average": 0,
          "count": 0
        },
        "accessibility": {
          "wheelchair": "unknown",
          "stroller": "unknown"
        },
        "fenced": false,
        "toilets": false,
        "parking": {
          "free": true,
          "paid": false
        },
        "dogs": {
          "allowed": true,
          "leash": false
        },
        "municipality": "",
        "verified": true,
        "lastVerified": "2026-10-05",
        "sources": [
          {
            "type": "osm",
            "id": "way/1042371989",
            "retrievedAt": "2026-10-05"
          }
        ],
        "id": "osm-way-1042371989"
      },
      "geometry": {
        "type": "Point",
        "coordinates": [
          5.3204443,
          60.3795406
        ]
      }
    },
    {
      "type": "Feature",
      "properties": {
        "name": "Frydenbølien lekeplass",
        "source": "osm",
        "sourceId": "way/1042371991",
        "images": [],
        "age": {
          "min": 0,
          "max": 16
        },
        "opening": "",
        "equipment": [],
        "rating": {
          "average": 0,
          "count": 0
        },
        "accessibility": {
          "wheelchair": "unknown",
          "stroller": "unknown"
        },
        "fenced": false,
        "toilets": false,
        "parking": {
          "free": true,
          "paid": false
        },
        "dogs": {
          "allowed": true,
          "leash": false
        },
        "municipality": "",
        "verified": true,
        "lastVerified": "2026-10-05",
        "sources": [
          {
            "type": "osm",
            "id": "way/1042371991",
            "retrievedAt": "2026-10-05"
          }
        ],
        "id": "osm-way-1042371991"
      },
      "geometry": {
        "type": "Point",
        "coordinates": [
          5.3118177,
          60.3820977
        ]
      }
    },
    {
      "type": "Feature",
      "properties": {
        "name": "Utkjent lekeplass",
        "source": "osm",
        "sourceId": "way/1042371992",
        "images": [],
        "age": {
          "min": 0,
          "max": 16
        },
        "opening": "",
        "equipment": [],
        "rating": {
          "average": 0,
          "count": 0
        },
        "accessibility": {
          "wheelchair": "unknown",
          "stroller": "unknown"
        },
        "fenced": false,
        "toilets": false,
        "parking": {
          "free": true,
          "paid": false
        },
        "dogs": {
          "allowed": true,
          "leash": false
        },
        "municipality": "",
        "verified": false,
        "lastVerified": "2026-10-05",
        "sources": [
          {
            "type": "osm",
            "id": "way/1042371992",
            "retrievedAt": "2026-10-05"
          }
        ],
        "id": "osm-way-1042371992"
      },
      "geometry": {
        "type": "Point",
        "coordinates": [
          5.3105696,
          60.3810584
        ]
      }
    },
    {
      "type": "Feature",
      "properties": {
        "name": "Frydenbøveien lekeplass",
        "source": "osm",
        "sourceId": "way/1042371993",
        "images": [],
        "age": {
          "min": 0,
          "max": 16
        },
        "opening": "",
        "equipment": [],
        "rating": {
          "average": 0,
          "count": 0
        },
        "accessibility": {
          "wheelchair": "unknown",
          "stroller": "unknown"
        },
        "fenced": false,
        "toilets": false,
        "parking": {
          "free": true,
          "paid": false
        },
        "dogs": {
          "allowed": true,
          "leash": false
        },
        "municipality": "",
        "verified": true,
        "lastVerified": "2026-10-05",
        "sources": [
          {
            "type": "osm",
            "id": "way/1042371993",
            "retrievedAt": "2026-10-05"
          }
        ],
        "id": "osm-way-1042371993"
      },
      "geometry": {
        "type": "Point",
        "coordinates": [
          5.3077348,
          60.3830948
        ]
      }
    },
    {
      "type": "Feature",
      "properties": {
        "name": "Utkjent lekeplass",
        "source": "osm",
        "sourceId": "way/1042371995",
        "images": [],
        "age": {
          "min": 0,
          "max": 16
        },
        "opening": "",
        "equipment": [],
        "rating": {
          "average": 0,
          "count": 0
        },
        "accessibility": {
          "wheelchair": "unknown",
          "stroller": "unknown"
        },
        "fenced": false,
        "toilets": false,
        "parking": {
          "free": true,
          "paid": false
        },
        "dogs": {
          "allowed": true,
          "leash": false
        },
        "municipality": "",
        "verified": false,
        "lastVerified": "2026-10-05",
        "sources": [
          {
            "type": "osm",
            "id": "way/1042371995",
            "retrievedAt": "2026-10-05"
          }
        ],
        "id": "osm-way-1042371995"
      },
      "geometry": {
        "type": "Point",
        "coordinates": [
          5.3012167,
          60.3843404
        ]
      }
    },
    {
      "type": "Feature",
      "properties": {
        "name": "Olderneset lekeplass",
        "source": "osm",
        "sourceId": "way/1042372005",
        "images": [],
        "age": {
          "min": 0,
          "max": 16
        },
        "opening": "",
        "equipment": [],
        "rating": {
          "average": 0,
          "count": 0
        },
        "accessibility": {
          "wheelchair": "unknown",
          "stroller": "unknown"
        },
        "fenced": false,
        "toilets": false,
        "parking": {
          "free": true,
          "paid": false
        },
        "dogs": {
          "allowed": true,
          "leash": false
        },
        "municipality": "",
        "verified": true,
        "lastVerified": "2026-10-05",
        "sources": [
          {
            "type": "osm",
            "id": "way/1042372005",
            "retrievedAt": "2026-10-05"
          }
        ],
        "id": "osm-way-1042372005"
      },
      "geometry": {
        "type": "Point",
        "coordinates": [
          5.279464,
          60.3926163
        ]
      }
    },
    {
      "type": "Feature",
      "properties": {
        "name": "Utkjent lekeplass",
        "source": "osm",
        "sourceId": "way/1042372011",
        "images": [],
        "age": {
          "min": 0,
          "max": 16
        },
        "opening": "",
        "equipment": [],
        "rating": {
          "average": 0,
          "count": 0
        },
        "accessibility": {
          "wheelchair": "unknown",
          "stroller": "unknown"
        },
        "fenced": false,
        "toilets": false,
        "parking": {
          "free": true,
          "paid": false
        },
        "dogs": {
          "allowed": true,
          "leash": false
        },
        "municipality": "",
        "verified": false,
        "lastVerified": "2026-10-05",
        "sources": [
          {
            "type": "osm",
            "id": "way/1042372011",
            "retrievedAt": "2026-10-05"
          }
        ],
        "id": "osm-way-1042372011"
      },
      "geometry": {
        "type": "Point",
        "coordinates": [
          5.2836246,
          60.3885799
        ]
      }
    },
    {
      "type": "Feature",
      "properties": {
        "name": "Utkjent lekeplass",
        "source": "osm",
        "sourceId": "way/1042372012",
        "images": [],
        "age": {
          "min": 0,
          "max": 16
        },
        "opening": "",
        "equipment": [],
        "rating": {
          "average": 0,
          "count": 0
        },
        "accessibility": {
          "wheelchair": "unknown",
          "stroller": "unknown"
        },
        "fenced": false,
        "toilets": false,
        "parking": {
          "free": true,
          "paid": false
        },
        "dogs": {
          "allowed": true,
          "leash": false
        },
        "municipality": "",
        "verified": false,
        "lastVerified": "2026-10-05",
        "sources": [
          {
            "type": "osm",
            "id": "way/1042372012",
            "retrievedAt": "2026-10-05"
          }
        ],
        "id": "osm-way-1042372012"
      },
      "geometry": {
        "type": "Point",
        "coordinates": [
          5.2878125,
          60.3881549
        ]
      }
    },
    {
      "type": "Feature",
      "properties": {
        "name": "Ungdommens hus lekeplass",
        "source": "osm",
        "sourceId": "way/1042372013",
        "images": [],
        "age": {
          "min": 0,
          "max": 16
        },
        "opening": "",
        "equipment": [],
        "rating": {
          "average": 0,
          "count": 0
        },
        "accessibility": {
          "wheelchair": "unknown",
          "stroller": "unknown"
        },
        "fenced": false,
        "toilets": false,
        "parking": {
          "free": true,
          "paid": false
        },
        "dogs": {
          "allowed": true,
          "leash": false
        },
        "municipality": "",
        "verified": true,
        "lastVerified": "2026-10-05",
        "sources": [
          {
            "type": "osm",
            "id": "way/1042372013",
            "retrievedAt": "2026-10-05"
          }
        ],
        "id": "osm-way-1042372013"
      },
      "geometry": {
        "type": "Point",
        "coordinates": [
          5.298894,
          60.3824195
        ]
      }
    },
    {
      "type": "Feature",
      "properties": {
        "name": "Utkjent lekeplass",
        "source": "osm",
        "sourceId": "way/1042372014",
        "images": [],
        "age": {
          "min": 0,
          "max": 16
        },
        "opening": "",
        "equipment": [],
        "rating": {
          "average": 0,
          "count": 0
        },
        "accessibility": {
          "wheelchair": "unknown",
          "stroller": "unknown"
        },
        "fenced": false,
        "toilets": false,
        "parking": {
          "free": true,
          "paid": false
        },
        "dogs": {
          "allowed": true,
          "leash": false
        },
        "municipality": "",
        "verified": false,
        "lastVerified": "2026-10-05",
        "sources": [
          {
            "type": "osm",
            "id": "way/1042372014",
            "retrievedAt": "2026-10-05"
          }
        ],
        "id": "osm-way-1042372014"
      },
      "geometry": {
        "type": "Point",
        "coordinates": [
          5.2988497,
          60.382049
        ]
      }
    },
    {
      "type": "Feature",
      "properties": {
        "name": "Utkjent lekeplass",
        "source": "osm",
        "sourceId": "way/1042372015",
        "images": [],
        "age": {
          "min": 0,
          "max": 16
        },
        "opening": "",
        "equipment": [],
        "rating": {
          "average": 0,
          "count": 0
        },
        "accessibility": {
          "wheelchair": "unknown",
          "stroller": "unknown"
        },
        "fenced": false,
        "toilets": false,
        "parking": {
          "free": true,
          "paid": false
        },
        "dogs": {
          "allowed": true,
          "leash": false
        },
        "municipality": "",
        "verified": false,
        "lastVerified": "2026-10-05",
        "sources": [
          {
            "type": "osm",
            "id": "way/1042372015",
            "retrievedAt": "2026-10-05"
          }
        ],
        "id": "osm-way-1042372015"
      },
      "geometry": {
        "type": "Point",
        "coordinates": [
          5.3048982,
          60.3763502
        ]
      }
    },
    {
      "type": "Feature",
      "properties": {
        "name": "Utkjent lekeplass",
        "source": "osm",
        "sourceId": "way/1042372016",
        "images": [],
        "age": {
          "min": 0,
          "max": 16
        },
        "opening": "",
        "equipment": [],
        "rating": {
          "average": 0,
          "count": 0
        },
        "accessibility": {
          "wheelchair": "unknown",
          "stroller": "unknown"
        },
        "fenced": false,
        "toilets": false,
        "parking": {
          "free": true,
          "paid": false
        },
        "dogs": {
          "allowed": true,
          "leash": false
        },
        "municipality": "",
        "verified": false,
        "lastVerified": "2026-10-05",
        "sources": [
          {
            "type": "osm",
            "id": "way/1042372016",
            "retrievedAt": "2026-10-05"
          }
        ],
        "id": "osm-way-1042372016"
      },
      "geometry": {
        "type": "Point",
        "coordinates": [
          5.3052205,
          60.3761921
        ]
      }
    },
    {
      "type": "Feature",
      "properties": {
        "name": "Utkjent lekeplass",
        "source": "osm",
        "sourceId": "way/1042372017",
        "images": [],
        "age": {
          "min": 0,
          "max": 16
        },
        "opening": "",
        "equipment": [],
        "rating": {
          "average": 0,
          "count": 0
        },
        "accessibility": {
          "wheelchair": "unknown",
          "stroller": "unknown"
        },
        "fenced": false,
        "toilets": false,
        "parking": {
          "free": true,
          "paid": false
        },
        "dogs": {
          "allowed": true,
          "leash": false
        },
        "municipality": "",
        "verified": false,
        "lastVerified": "2026-10-05",
        "sources": [
          {
            "type": "osm",
            "id": "way/1042372017",
            "retrievedAt": "2026-10-05"
          }
        ],
        "id": "osm-way-1042372017"
      },
      "geometry": {
        "type": "Point",
        "coordinates": [
          5.3048686,
          60.3762185
        ]
      }
    },
    {
      "type": "Feature",
      "properties": {
        "name": "Arne Abrahamsens vei lekeplass",
        "source": "osm",
        "sourceId": "way/1042372018",
        "images": [],
        "age": {
          "min": 0,
          "max": 16
        },
        "opening": "",
        "equipment": [],
        "rating": {
          "average": 0,
          "count": 0
        },
        "accessibility": {
          "wheelchair": "unknown",
          "stroller": "unknown"
        },
        "fenced": false,
        "toilets": false,
        "parking": {
          "free": true,
          "paid": false
        },
        "dogs": {
          "allowed": true,
          "leash": false
        },
        "municipality": "",
        "verified": true,
        "lastVerified": "2026-10-05",
        "sources": [
          {
            "type": "osm",
            "id": "way/1042372018",
            "retrievedAt": "2026-10-05"
          }
        ],
        "id": "osm-way-1042372018"
      },
      "geometry": {
        "type": "Point",
        "coordinates": [
          5.3059193,
          60.3754931
        ]
      }
    },
    {
      "type": "Feature",
      "properties": {
        "name": "Utkjent lekeplass",
        "source": "osm",
        "sourceId": "way/1042372019",
        "images": [],
        "age": {
          "min": 0,
          "max": 16
        },
        "opening": "",
        "equipment": [],
        "rating": {
          "average": 0,
          "count": 0
        },
        "accessibility": {
          "wheelchair": "unknown",
          "stroller": "unknown"
        },
        "fenced": false,
        "toilets": false,
        "parking": {
          "free": true,
          "paid": false
        },
        "dogs": {
          "allowed": true,
          "leash": false
        },
        "municipality": "",
        "verified": false,
        "lastVerified": "2026-10-05",
        "sources": [
          {
            "type": "osm",
            "id": "way/1042372019",
            "retrievedAt": "2026-10-05"
          }
        ],
        "id": "osm-way-1042372019"
      },
      "geometry": {
        "type": "Point",
        "coordinates": [
          5.3032642,
          60.3772625
        ]
      }
    },
    {
      "type": "Feature",
      "properties": {
        "name": "Utkjent lekeplass",
        "source": "osm",
        "sourceId": "way/1042397943",
        "images": [],
        "age": {
          "min": 0,
          "max": 16
        },
        "opening": "",
        "equipment": [],
        "rating": {
          "average": 0,
          "count": 0
        },
        "accessibility": {
          "wheelchair": "unknown",
          "stroller": "unknown"
        },
        "fenced": false,
        "toilets": false,
        "parking": {
          "free": true,
          "paid": false
        },
        "dogs": {
          "allowed": true,
          "leash": false
        },
        "municipality": "",
        "verified": false,
        "lastVerified": "2026-10-05",
        "sources": [
          {
            "type": "osm",
            "id": "way/1042397943",
            "retrievedAt": "2026-10-05"
          }
        ],
        "id": "osm-way-1042397943"
      },
      "geometry": {
        "type": "Point",
        "coordinates": [
          5.3009385,
          60.3853245
        ]
      }
    },
    {
      "type": "Feature",
      "properties": {
        "name": "Utkjent lekeplass",
        "source": "osm",
        "sourceId": "way/1042401996",
        "images": [],
        "age": {
          "min": 0,
          "max": 16
        },
        "opening": "",
        "equipment": [],
        "rating": {
          "average": 0,
          "count": 0
        },
        "accessibility": {
          "wheelchair": "unknown",
          "stroller": "unknown"
        },
        "fenced": false,
        "toilets": false,
        "parking": {
          "free": true,
          "paid": false
        },
        "dogs": {
          "allowed": true,
          "leash": false
        },
        "municipality": "",
        "verified": false,
        "lastVerified": "2026-10-05",
        "sources": [
          {
            "type": "osm",
            "id": "way/1042401996",
            "retrievedAt": "2026-10-05"
          }
        ],
        "id": "osm-way-1042401996"
      },
      "geometry": {
        "type": "Point",
        "coordinates": [
          5.3015763,
          60.3860744
        ]
      }
    },
    {
      "type": "Feature",
      "properties": {
        "name": "Utkjent lekeplass",
        "source": "osm",
        "sourceId": "way/1042401997",
        "images": [],
        "age": {
          "min": 0,
          "max": 16
        },
        "opening": "",
        "equipment": [],
        "rating": {
          "average": 0,
          "count": 0
        },
        "accessibility": {
          "wheelchair": "unknown",
          "stroller": "unknown"
        },
        "fenced": false,
        "toilets": false,
        "parking": {
          "free": true,
          "paid": false
        },
        "dogs": {
          "allowed": true,
          "leash": false
        },
        "municipality": "",
        "verified": false,
        "lastVerified": "2026-10-05",
        "sources": [
          {
            "type": "osm",
            "id": "way/1042401997",
            "retrievedAt": "2026-10-05"
          }
        ],
        "id": "osm-way-1042401997"
      },
      "geometry": {
        "type": "Point",
        "coordinates": [
          5.2995764,
          60.386748
        ]
      }
    },
    {
      "type": "Feature",
      "properties": {
        "name": "Utkjent lekeplass",
        "source": "osm",
        "sourceId": "way/1044177412",
        "images": [],
        "age": {
          "min": 0,
          "max": 16
        },
        "opening": "",
        "equipment": [],
        "rating": {
          "average": 0,
          "count": 0
        },
        "accessibility": {
          "wheelchair": "unknown",
          "stroller": "unknown"
        },
        "fenced": false,
        "toilets": false,
        "parking": {
          "free": true,
          "paid": false
        },
        "dogs": {
          "allowed": true,
          "leash": false
        },
        "municipality": "",
        "verified": false,
        "lastVerified": "2026-10-05",
        "sources": [
          {
            "type": "osm",
            "id": "way/1044177412",
            "retrievedAt": "2026-10-05"
          }
        ],
        "id": "osm-way-1044177412"
      },
      "geometry": {
        "type": "Point",
        "coordinates": [
          5.354891,
          60.3708887
        ]
      }
    },
    {
      "type": "Feature",
      "properties": {
        "name": "Utkjent lekeplass",
        "source": "osm",
        "sourceId": "way/1044252664",
        "images": [],
        "age": {
          "min": 0,
          "max": 16
        },
        "opening": "",
        "equipment": [],
        "rating": {
          "average": 0,
          "count": 0
        },
        "accessibility": {
          "wheelchair": "unknown",
          "stroller": "unknown"
        },
        "fenced": false,
        "toilets": false,
        "parking": {
          "free": true,
          "paid": false
        },
        "dogs": {
          "allowed": true,
          "leash": false
        },
        "municipality": "",
        "verified": false,
        "lastVerified": "2026-10-05",
        "sources": [
          {
            "type": "osm",
            "id": "way/1044252664",
            "retrievedAt": "2026-10-05"
          }
        ],
        "id": "osm-way-1044252664"
      },
      "geometry": {
        "type": "Point",
        "coordinates": [
          5.3505875,
          60.3760005
        ]
      }
    },
    {
      "type": "Feature",
      "properties": {
        "name": "Utkjent lekeplass",
        "source": "osm",
        "sourceId": "way/1044266803",
        "images": [],
        "age": {
          "min": 0,
          "max": 16
        },
        "opening": "",
        "equipment": [],
        "rating": {
          "average": 0,
          "count": 0
        },
        "accessibility": {
          "wheelchair": "unknown",
          "stroller": "unknown"
        },
        "fenced": false,
        "toilets": false,
        "parking": {
          "free": true,
          "paid": false
        },
        "dogs": {
          "allowed": true,
          "leash": false
        },
        "municipality": "",
        "verified": false,
        "lastVerified": "2026-10-05",
        "sources": [
          {
            "type": "osm",
            "id": "way/1044266803",
            "retrievedAt": "2026-10-05"
          }
        ],
        "id": "osm-way-1044266803"
      },
      "geometry": {
        "type": "Point",
        "coordinates": [
          5.3779189,
          60.35007
        ]
      }
    },
    {
      "type": "Feature",
      "properties": {
        "name": "Utkjent lekeplass",
        "source": "osm",
        "sourceId": "way/1044266829",
        "images": [],
        "age": {
          "min": 0,
          "max": 16
        },
        "opening": "",
        "equipment": [],
        "rating": {
          "average": 0,
          "count": 0
        },
        "accessibility": {
          "wheelchair": "unknown",
          "stroller": "unknown"
        },
        "fenced": false,
        "toilets": false,
        "parking": {
          "free": true,
          "paid": false
        },
        "dogs": {
          "allowed": true,
          "leash": false
        },
        "municipality": "",
        "verified": false,
        "lastVerified": "2026-10-05",
        "sources": [
          {
            "type": "osm",
            "id": "way/1044266829",
            "retrievedAt": "2026-10-05"
          }
        ],
        "id": "osm-way-1044266829"
      },
      "geometry": {
        "type": "Point",
        "coordinates": [
          5.3584277,
          60.3505234
        ]
      }
    },
    {
      "type": "Feature",
      "properties": {
        "name": "Utkjent lekeplass",
        "source": "osm",
        "sourceId": "way/1044266836",
        "images": [],
        "age": {
          "min": 0,
          "max": 16
        },
        "opening": "",
        "equipment": [],
        "rating": {
          "average": 0,
          "count": 0
        },
        "accessibility": {
          "wheelchair": "unknown",
          "stroller": "unknown"
        },
        "fenced": false,
        "toilets": false,
        "parking": {
          "free": true,
          "paid": false
        },
        "dogs": {
          "allowed": true,
          "leash": false
        },
        "municipality": "",
        "verified": false,
        "lastVerified": "2026-10-05",
        "sources": [
          {
            "type": "osm",
            "id": "way/1044266836",
            "retrievedAt": "2026-10-05"
          }
        ],
        "id": "osm-way-1044266836"
      },
      "geometry": {
        "type": "Point",
        "coordinates": [
          5.3514918,
          60.3513962
        ]
      }
    },
    {
      "type": "Feature",
      "properties": {
        "name": "Utkjent lekeplass",
        "source": "osm",
        "sourceId": "way/1044266837",
        "images": [],
        "age": {
          "min": 0,
          "max": 16
        },
        "opening": "",
        "equipment": [],
        "rating": {
          "average": 0,
          "count": 0
        },
        "accessibility": {
          "wheelchair": "unknown",
          "stroller": "unknown"
        },
        "fenced": false,
        "toilets": false,
        "parking": {
          "free": true,
          "paid": false
        },
        "dogs": {
          "allowed": true,
          "leash": false
        },
        "municipality": "",
        "verified": false,
        "lastVerified": "2026-10-05",
        "sources": [
          {
            "type": "osm",
            "id": "way/1044266837",
            "retrievedAt": "2026-10-05"
          }
        ],
        "id": "osm-way-1044266837"
      },
      "geometry": {
        "type": "Point",
        "coordinates": [
          5.3595238,
          60.355255
        ]
      }
    },
    {
      "type": "Feature",
      "properties": {
        "name": "Utkjent lekeplass",
        "source": "osm",
        "sourceId": "way/1044266838",
        "images": [],
        "age": {
          "min": 0,
          "max": 16
        },
        "opening": "",
        "equipment": [],
        "rating": {
          "average": 0,
          "count": 0
        },
        "accessibility": {
          "wheelchair": "unknown",
          "stroller": "unknown"
        },
        "fenced": false,
        "toilets": false,
        "parking": {
          "free": true,
          "paid": false
        },
        "dogs": {
          "allowed": true,
          "leash": false
        },
        "municipality": "",
        "verified": false,
        "lastVerified": "2026-10-05",
        "sources": [
          {
            "type": "osm",
            "id": "way/1044266838",
            "retrievedAt": "2026-10-05"
          }
        ],
        "id": "osm-way-1044266838"
      },
      "geometry": {
        "type": "Point",
        "coordinates": [
          5.361892,
          60.3549919
        ]
      }
    },
    {
      "type": "Feature",
      "properties": {
        "name": "Utkjent lekeplass",
        "source": "osm",
        "sourceId": "way/1044266839",
        "images": [],
        "age": {
          "min": 0,
          "max": 16
        },
        "opening": "",
        "equipment": [],
        "rating": {
          "average": 0,
          "count": 0
        },
        "accessibility": {
          "wheelchair": "unknown",
          "stroller": "unknown"
        },
        "fenced": false,
        "toilets": false,
        "parking": {
          "free": true,
          "paid": false
        },
        "dogs": {
          "allowed": true,
          "leash": false
        },
        "municipality": "",
        "verified": false,
        "lastVerified": "2026-10-05",
        "sources": [
          {
            "type": "osm",
            "id": "way/1044266839",
            "retrievedAt": "2026-10-05"
          }
        ],
        "id": "osm-way-1044266839"
      },
      "geometry": {
        "type": "Point",
        "coordinates": [
          5.3661972,
          60.3563825
        ]
      }
    },
    {
      "type": "Feature",
      "properties": {
        "name": "Utkjent lekeplass",
        "source": "osm",
        "sourceId": "way/1044266840",
        "images": [],
        "age": {
          "min": 0,
          "max": 16
        },
        "opening": "",
        "equipment": [],
        "rating": {
          "average": 0,
          "count": 0
        },
        "accessibility": {
          "wheelchair": "unknown",
          "stroller": "unknown"
        },
        "fenced": false,
        "toilets": false,
        "parking": {
          "free": true,
          "paid": false
        },
        "dogs": {
          "allowed": true,
          "leash": false
        },
        "municipality": "",
        "verified": false,
        "lastVerified": "2026-10-05",
        "sources": [
          {
            "type": "osm",
            "id": "way/1044266840",
            "retrievedAt": "2026-10-05"
          }
        ],
        "id": "osm-way-1044266840"
      },
      "geometry": {
        "type": "Point",
        "coordinates": [
          5.37013,
          60.3594861
        ]
      }
    },
    {
      "type": "Feature",
      "properties": {
        "name": "Utkjent lekeplass",
        "source": "osm",
        "sourceId": "way/1044266841",
        "images": [],
        "age": {
          "min": 0,
          "max": 16
        },
        "opening": "",
        "equipment": [],
        "rating": {
          "average": 0,
          "count": 0
        },
        "accessibility": {
          "wheelchair": "unknown",
          "stroller": "unknown"
        },
        "fenced": false,
        "toilets": false,
        "parking": {
          "free": true,
          "paid": false
        },
        "dogs": {
          "allowed": true,
          "leash": false
        },
        "municipality": "",
        "verified": false,
        "lastVerified": "2026-10-05",
        "sources": [
          {
            "type": "osm",
            "id": "way/1044266841",
            "retrievedAt": "2026-10-05"
          }
        ],
        "id": "osm-way-1044266841"
      },
      "geometry": {
        "type": "Point",
        "coordinates": [
          5.3669178,
          60.3597484
        ]
      }
    },
    {
      "type": "Feature",
      "properties": {
        "name": "Utkjent lekeplass",
        "source": "osm",
        "sourceId": "way/1044266842",
        "images": [],
        "age": {
          "min": 0,
          "max": 16
        },
        "opening": "",
        "equipment": [],
        "rating": {
          "average": 0,
          "count": 0
        },
        "accessibility": {
          "wheelchair": "unknown",
          "stroller": "unknown"
        },
        "fenced": false,
        "toilets": false,
        "parking": {
          "free": true,
          "paid": false
        },
        "dogs": {
          "allowed": true,
          "leash": false
        },
        "municipality": "",
        "verified": false,
        "lastVerified": "2026-10-05",
        "sources": [
          {
            "type": "osm",
            "id": "way/1044266842",
            "retrievedAt": "2026-10-05"
          }
        ],
        "id": "osm-way-1044266842"
      },
      "geometry": {
        "type": "Point",
        "coordinates": [
          5.3691483,
          60.360084
        ]
      }
    },
    {
      "type": "Feature",
      "properties": {
        "name": "Utkjent lekeplass",
        "source": "osm",
        "sourceId": "way/1044266843",
        "images": [],
        "age": {
          "min": 0,
          "max": 16
        },
        "opening": "",
        "equipment": [],
        "rating": {
          "average": 0,
          "count": 0
        },
        "accessibility": {
          "wheelchair": "unknown",
          "stroller": "unknown"
        },
        "fenced": false,
        "toilets": false,
        "parking": {
          "free": true,
          "paid": false
        },
        "dogs": {
          "allowed": true,
          "leash": false
        },
        "municipality": "",
        "verified": false,
        "lastVerified": "2026-10-05",
        "sources": [
          {
            "type": "osm",
            "id": "way/1044266843",
            "retrievedAt": "2026-10-05"
          }
        ],
        "id": "osm-way-1044266843"
      },
      "geometry": {
        "type": "Point",
        "coordinates": [
          5.3703496,
          60.3604777
        ]
      }
    },
    {
      "type": "Feature",
      "properties": {
        "name": "Utkjent lekeplass",
        "source": "osm",
        "sourceId": "way/1044266844",
        "images": [],
        "age": {
          "min": 0,
          "max": 16
        },
        "opening": "",
        "equipment": [],
        "rating": {
          "average": 0,
          "count": 0
        },
        "accessibility": {
          "wheelchair": "unknown",
          "stroller": "unknown"
        },
        "fenced": false,
        "toilets": false,
        "parking": {
          "free": true,
          "paid": false
        },
        "dogs": {
          "allowed": true,
          "leash": false
        },
        "municipality": "",
        "verified": false,
        "lastVerified": "2026-10-05",
        "sources": [
          {
            "type": "osm",
            "id": "way/1044266844",
            "retrievedAt": "2026-10-05"
          }
        ],
        "id": "osm-way-1044266844"
      },
      "geometry": {
        "type": "Point",
        "coordinates": [
          5.3696868,
          60.3610855
        ]
      }
    },
    {
      "type": "Feature",
      "properties": {
        "name": "Utkjent lekeplass",
        "source": "osm",
        "sourceId": "way/1044266845",
        "images": [],
        "age": {
          "min": 0,
          "max": 16
        },
        "opening": "",
        "equipment": [],
        "rating": {
          "average": 0,
          "count": 0
        },
        "accessibility": {
          "wheelchair": "unknown",
          "stroller": "unknown"
        },
        "fenced": false,
        "toilets": false,
        "parking": {
          "free": true,
          "paid": false
        },
        "dogs": {
          "allowed": true,
          "leash": false
        },
        "municipality": "",
        "verified": false,
        "lastVerified": "2026-10-05",
        "sources": [
          {
            "type": "osm",
            "id": "way/1044266845",
            "retrievedAt": "2026-10-05"
          }
        ],
        "id": "osm-way-1044266845"
      },
      "geometry": {
        "type": "Point",
        "coordinates": [
          5.3710812,
          60.361571
        ]
      }
    },
    {
      "type": "Feature",
      "properties": {
        "name": "Utkjent lekeplass",
        "source": "osm",
        "sourceId": "way/1044266846",
        "images": [],
        "age": {
          "min": 0,
          "max": 16
        },
        "opening": "",
        "equipment": [],
        "rating": {
          "average": 0,
          "count": 0
        },
        "accessibility": {
          "wheelchair": "unknown",
          "stroller": "unknown"
        },
        "fenced": false,
        "toilets": false,
        "parking": {
          "free": true,
          "paid": false
        },
        "dogs": {
          "allowed": true,
          "leash": false
        },
        "municipality": "",
        "verified": false,
        "lastVerified": "2026-10-05",
        "sources": [
          {
            "type": "osm",
            "id": "way/1044266846",
            "retrievedAt": "2026-10-05"
          }
        ],
        "id": "osm-way-1044266846"
      },
      "geometry": {
        "type": "Point",
        "coordinates": [
          5.369674,
          60.3589034
        ]
      }
    },
    {
      "type": "Feature",
      "properties": {
        "name": "Utkjent lekeplass",
        "source": "osm",
        "sourceId": "way/1044266847",
        "images": [],
        "age": {
          "min": 0,
          "max": 16
        },
        "opening": "",
        "equipment": [],
        "rating": {
          "average": 0,
          "count": 0
        },
        "accessibility": {
          "wheelchair": "unknown",
          "stroller": "unknown"
        },
        "fenced": false,
        "toilets": false,
        "parking": {
          "free": true,
          "paid": false
        },
        "dogs": {
          "allowed": true,
          "leash": false
        },
        "municipality": "",
        "verified": false,
        "lastVerified": "2026-10-05",
        "sources": [
          {
            "type": "osm",
            "id": "way/1044266847",
            "retrievedAt": "2026-10-05"
          }
        ],
        "id": "osm-way-1044266847"
      },
      "geometry": {
        "type": "Point",
        "coordinates": [
          5.3722735,
          60.3624269
        ]
      }
    },
    {
      "type": "Feature",
      "properties": {
        "name": "Utkjent lekeplass",
        "source": "osm",
        "sourceId": "way/1044266848",
        "images": [],
        "age": {
          "min": 0,
          "max": 16
        },
        "opening": "",
        "equipment": [],
        "rating": {
          "average": 0,
          "count": 0
        },
        "accessibility": {
          "wheelchair": "unknown",
          "stroller": "unknown"
        },
        "fenced": false,
        "toilets": false,
        "parking": {
          "free": true,
          "paid": false
        },
        "dogs": {
          "allowed": true,
          "leash": false
        },
        "municipality": "",
        "verified": false,
        "lastVerified": "2026-10-05",
        "sources": [
          {
            "type": "osm",
            "id": "way/1044266848",
            "retrievedAt": "2026-10-05"
          }
        ],
        "id": "osm-way-1044266848"
      },
      "geometry": {
        "type": "Point",
        "coordinates": [
          5.374662,
          60.3631728
        ]
      }
    },
    {
      "type": "Feature",
      "properties": {
        "name": "Utkjent lekeplass",
        "source": "osm",
        "sourceId": "way/1044266849",
        "images": [],
        "age": {
          "min": 0,
          "max": 16
        },
        "opening": "",
        "equipment": [],
        "rating": {
          "average": 0,
          "count": 0
        },
        "accessibility": {
          "wheelchair": "unknown",
          "stroller": "unknown"
        },
        "fenced": false,
        "toilets": false,
        "parking": {
          "free": true,
          "paid": false
        },
        "dogs": {
          "allowed": true,
          "leash": false
        },
        "municipality": "",
        "verified": false,
        "lastVerified": "2026-10-05",
        "sources": [
          {
            "type": "osm",
            "id": "way/1044266849",
            "retrievedAt": "2026-10-05"
          }
        ],
        "id": "osm-way-1044266849"
      },
      "geometry": {
        "type": "Point",
        "coordinates": [
          5.3757747,
          60.3656212
        ]
      }
    },
    {
      "type": "Feature",
      "properties": {
        "name": "Kanonhaugen lekeplass",
        "source": "osm",
        "sourceId": "way/1044266850",
        "images": [],
        "age": {
          "min": 0,
          "max": 16
        },
        "opening": "",
        "equipment": [],
        "rating": {
          "average": 0,
          "count": 0
        },
        "accessibility": {
          "wheelchair": "unknown",
          "stroller": "unknown"
        },
        "fenced": false,
        "toilets": false,
        "parking": {
          "free": true,
          "paid": false
        },
        "dogs": {
          "allowed": true,
          "leash": false
        },
        "municipality": "",
        "verified": true,
        "lastVerified": "2026-10-05",
        "sources": [
          {
            "type": "osm",
            "id": "way/1044266850",
            "retrievedAt": "2026-10-05"
          }
        ],
        "id": "osm-way-1044266850"
      },
      "geometry": {
        "type": "Point",
        "coordinates": [
          5.3712472,
          60.364907
        ]
      }
    },
    {
      "type": "Feature",
      "properties": {
        "name": "Utkjent lekeplass",
        "source": "osm",
        "sourceId": "way/1044266851",
        "images": [],
        "age": {
          "min": 0,
          "max": 16
        },
        "opening": "",
        "equipment": [],
        "rating": {
          "average": 0,
          "count": 0
        },
        "accessibility": {
          "wheelchair": "unknown",
          "stroller": "unknown"
        },
        "fenced": false,
        "toilets": false,
        "parking": {
          "free": true,
          "paid": false
        },
        "dogs": {
          "allowed": true,
          "leash": false
        },
        "municipality": "",
        "verified": false,
        "lastVerified": "2026-10-05",
        "sources": [
          {
            "type": "osm",
            "id": "way/1044266851",
            "retrievedAt": "2026-10-05"
          }
        ],
        "id": "osm-way-1044266851"
      },
      "geometry": {
        "type": "Point",
        "coordinates": [
          5.3665879,
          60.3639089
        ]
      }
    },
    {
      "type": "Feature",
      "properties": {
        "name": "Utkjent lekeplass",
        "source": "osm",
        "sourceId": "way/1044266852",
        "images": [],
        "age": {
          "min": 0,
          "max": 16
        },
        "opening": "",
        "equipment": [],
        "rating": {
          "average": 0,
          "count": 0
        },
        "accessibility": {
          "wheelchair": "unknown",
          "stroller": "unknown"
        },
        "fenced": false,
        "toilets": false,
        "parking": {
          "free": true,
          "paid": false
        },
        "dogs": {
          "allowed": true,
          "leash": false
        },
        "municipality": "",
        "verified": false,
        "lastVerified": "2026-10-05",
        "sources": [
          {
            "type": "osm",
            "id": "way/1044266852",
            "retrievedAt": "2026-10-05"
          }
        ],
        "id": "osm-way-1044266852"
      },
      "geometry": {
        "type": "Point",
        "coordinates": [
          5.3671356,
          60.3627326
        ]
      }
    },
    {
      "type": "Feature",
      "properties": {
        "name": "Utkjent lekeplass",
        "source": "osm",
        "sourceId": "way/1044266853",
        "images": [],
        "age": {
          "min": 0,
          "max": 16
        },
        "opening": "",
        "equipment": [],
        "rating": {
          "average": 0,
          "count": 0
        },
        "accessibility": {
          "wheelchair": "unknown",
          "stroller": "unknown"
        },
        "fenced": false,
        "toilets": false,
        "parking": {
          "free": true,
          "paid": false
        },
        "dogs": {
          "allowed": true,
          "leash": false
        },
        "municipality": "",
        "verified": false,
        "lastVerified": "2026-10-05",
        "sources": [
          {
            "type": "osm",
            "id": "way/1044266853",
            "retrievedAt": "2026-10-05"
          }
        ],
        "id": "osm-way-1044266853"
      },
      "geometry": {
        "type": "Point",
        "coordinates": [
          5.3679514,
          60.3624502
        ]
      }
    },
    {
      "type": "Feature",
      "properties": {
        "name": "Utkjent lekeplass",
        "source": "osm",
        "sourceId": "way/1044266854",
        "images": [],
        "age": {
          "min": 0,
          "max": 16
        },
        "opening": "",
        "equipment": [],
        "rating": {
          "average": 0,
          "count": 0
        },
        "accessibility": {
          "wheelchair": "unknown",
          "stroller": "unknown"
        },
        "fenced": false,
        "toilets": false,
        "parking": {
          "free": true,
          "paid": false
        },
        "dogs": {
          "allowed": true,
          "leash": false
        },
        "municipality": "",
        "verified": false,
        "lastVerified": "2026-10-05",
        "sources": [
          {
            "type": "osm",
            "id": "way/1044266854",
            "retrievedAt": "2026-10-05"
          }
        ],
        "id": "osm-way-1044266854"
      },
      "geometry": {
        "type": "Point",
        "coordinates": [
          5.3651798,
          60.3624497
        ]
      }
    },
    {
      "type": "Feature",
      "properties": {
        "name": "Utkjent lekeplass",
        "source": "osm",
        "sourceId": "way/1044266855",
        "images": [],
        "age": {
          "min": 0,
          "max": 16
        },
        "opening": "",
        "equipment": [],
        "rating": {
          "average": 0,
          "count": 0
        },
        "accessibility": {
          "wheelchair": "unknown",
          "stroller": "unknown"
        },
        "fenced": false,
        "toilets": false,
        "parking": {
          "free": true,
          "paid": false
        },
        "dogs": {
          "allowed": true,
          "leash": false
        },
        "municipality": "",
        "verified": false,
        "lastVerified": "2026-10-05",
        "sources": [
          {
            "type": "osm",
            "id": "way/1044266855",
            "retrievedAt": "2026-10-05"
          }
        ],
        "id": "osm-way-1044266855"
      },
      "geometry": {
        "type": "Point",
        "coordinates": [
          5.3633617,
          60.3619094
        ]
      }
    },
    {
      "type": "Feature",
      "properties": {
        "name": "Utkjent lekeplass",
        "source": "osm",
        "sourceId": "way/1044266856",
        "images": [],
        "age": {
          "min": 0,
          "max": 16
        },
        "opening": "",
        "equipment": [],
        "rating": {
          "average": 0,
          "count": 0
        },
        "accessibility": {
          "wheelchair": "unknown",
          "stroller": "unknown"
        },
        "fenced": false,
        "toilets": false,
        "parking": {
          "free": true,
          "paid": false
        },
        "dogs": {
          "allowed": true,
          "leash": false
        },
        "municipality": "",
        "verified": false,
        "lastVerified": "2026-10-05",
        "sources": [
          {
            "type": "osm",
            "id": "way/1044266856",
            "retrievedAt": "2026-10-05"
          }
        ],
        "id": "osm-way-1044266856"
      },
      "geometry": {
        "type": "Point",
        "coordinates": [
          5.3614074,
          60.3634148
        ]
      }
    },
    {
      "type": "Feature",
      "properties": {
        "name": "Birkeveien lekeplass",
        "source": "osm",
        "sourceId": "way/1044266857",
        "images": [],
        "age": {
          "min": 0,
          "max": 16
        },
        "opening": "",
        "equipment": [],
        "rating": {
          "average": 0,
          "count": 0
        },
        "accessibility": {
          "wheelchair": "unknown",
          "stroller": "unknown"
        },
        "fenced": false,
        "toilets": false,
        "parking": {
          "free": true,
          "paid": false
        },
        "dogs": {
          "allowed": true,
          "leash": false
        },
        "municipality": "",
        "verified": true,
        "lastVerified": "2026-10-05",
        "sources": [
          {
            "type": "osm",
            "id": "way/1044266857",
            "retrievedAt": "2026-10-05"
          }
        ],
        "id": "osm-way-1044266857"
      },
      "geometry": {
        "type": "Point",
        "coordinates": [
          5.3611114,
          60.3639143
        ]
      }
    },
    {
      "type": "Feature",
      "properties": {
        "name": "Utkjent lekeplass",
        "source": "osm",
        "sourceId": "way/1044266858",
        "images": [],
        "age": {
          "min": 0,
          "max": 16
        },
        "opening": "",
        "equipment": [],
        "rating": {
          "average": 0,
          "count": 0
        },
        "accessibility": {
          "wheelchair": "unknown",
          "stroller": "unknown"
        },
        "fenced": false,
        "toilets": false,
        "parking": {
          "free": true,
          "paid": false
        },
        "dogs": {
          "allowed": true,
          "leash": false
        },
        "municipality": "",
        "verified": false,
        "lastVerified": "2026-10-05",
        "sources": [
          {
            "type": "osm",
            "id": "way/1044266858",
            "retrievedAt": "2026-10-05"
          }
        ],
        "id": "osm-way-1044266858"
      },
      "geometry": {
        "type": "Point",
        "coordinates": [
          5.3534964,
          60.3642974
        ]
      }
    },
    {
      "type": "Feature",
      "properties": {
        "name": "Jacob Aalls vei lekeplass",
        "source": "osm",
        "sourceId": "way/1044266862",
        "images": [],
        "age": {
          "min": 0,
          "max": 16
        },
        "opening": "",
        "equipment": [],
        "rating": {
          "average": 0,
          "count": 0
        },
        "accessibility": {
          "wheelchair": "unknown",
          "stroller": "unknown"
        },
        "fenced": false,
        "toilets": false,
        "parking": {
          "free": true,
          "paid": false
        },
        "dogs": {
          "allowed": true,
          "leash": false
        },
        "municipality": "",
        "verified": true,
        "lastVerified": "2026-10-05",
        "sources": [
          {
            "type": "osm",
            "id": "way/1044266862",
            "retrievedAt": "2026-10-05"
          }
        ],
        "id": "osm-way-1044266862"
      },
      "geometry": {
        "type": "Point",
        "coordinates": [
          5.3505281,
          60.3650797
        ]
      }
    },
    {
      "type": "Feature",
      "properties": {
        "name": "Utkjent lekeplass",
        "source": "osm",
        "sourceId": "way/1044266863",
        "images": [],
        "age": {
          "min": 0,
          "max": 16
        },
        "opening": "",
        "equipment": [],
        "rating": {
          "average": 0,
          "count": 0
        },
        "accessibility": {
          "wheelchair": "unknown",
          "stroller": "unknown"
        },
        "fenced": false,
        "toilets": false,
        "parking": {
          "free": true,
          "paid": false
        },
        "dogs": {
          "allowed": true,
          "leash": false
        },
        "municipality": "",
        "verified": false,
        "lastVerified": "2026-10-05",
        "sources": [
          {
            "type": "osm",
            "id": "way/1044266863",
            "retrievedAt": "2026-10-05"
          }
        ],
        "id": "osm-way-1044266863"
      },
      "geometry": {
        "type": "Point",
        "coordinates": [
          5.3668661,
          60.3667624
        ]
      }
    },
    {
      "type": "Feature",
      "properties": {
        "name": "Nicolaysens vei lekeplass",
        "source": "osm",
        "sourceId": "way/1044266864",
        "images": [],
        "age": {
          "min": 0,
          "max": 16
        },
        "opening": "",
        "equipment": [],
        "rating": {
          "average": 0,
          "count": 0
        },
        "accessibility": {
          "wheelchair": "unknown",
          "stroller": "unknown"
        },
        "fenced": false,
        "toilets": false,
        "parking": {
          "free": true,
          "paid": false
        },
        "dogs": {
          "allowed": true,
          "leash": false
        },
        "municipality": "",
        "verified": true,
        "lastVerified": "2026-10-05",
        "sources": [
          {
            "type": "osm",
            "id": "way/1044266864",
            "retrievedAt": "2026-10-05"
          }
        ],
        "id": "osm-way-1044266864"
      },
      "geometry": {
        "type": "Point",
        "coordinates": [
          5.3527024,
          60.3628213
        ]
      }
    },
    {
      "type": "Feature",
      "properties": {
        "name": "Utkjent lekeplass",
        "source": "osm",
        "sourceId": "way/1044266865",
        "images": [],
        "age": {
          "min": 0,
          "max": 16
        },
        "opening": "",
        "equipment": [],
        "rating": {
          "average": 0,
          "count": 0
        },
        "accessibility": {
          "wheelchair": "unknown",
          "stroller": "unknown"
        },
        "fenced": false,
        "toilets": false,
        "parking": {
          "free": true,
          "paid": false
        },
        "dogs": {
          "allowed": true,
          "leash": false
        },
        "municipality": "",
        "verified": false,
        "lastVerified": "2026-10-05",
        "sources": [
          {
            "type": "osm",
            "id": "way/1044266865",
            "retrievedAt": "2026-10-05"
          }
        ],
        "id": "osm-way-1044266865"
      },
      "geometry": {
        "type": "Point",
        "coordinates": [
          5.362065,
          60.3700312
        ]
      }
    },
    {
      "type": "Feature",
      "properties": {
        "name": "Utkjent lekeplass",
        "source": "osm",
        "sourceId": "way/1044266866",
        "images": [],
        "age": {
          "min": 0,
          "max": 16
        },
        "opening": "",
        "equipment": [],
        "rating": {
          "average": 0,
          "count": 0
        },
        "accessibility": {
          "wheelchair": "unknown",
          "stroller": "unknown"
        },
        "fenced": false,
        "toilets": false,
        "parking": {
          "free": true,
          "paid": false
        },
        "dogs": {
          "allowed": true,
          "leash": false
        },
        "municipality": "",
        "verified": false,
        "lastVerified": "2026-10-05",
        "sources": [
          {
            "type": "osm",
            "id": "way/1044266866",
            "retrievedAt": "2026-10-05"
          }
        ],
        "id": "osm-way-1044266866"
      },
      "geometry": {
        "type": "Point",
        "coordinates": [
          5.3473018,
          60.3706252
        ]
      }
    },
    {
      "type": "Feature",
      "properties": {
        "name": "Camilla Colletts gate lekeplass",
        "source": "osm",
        "sourceId": "way/1044266867",
        "images": [],
        "age": {
          "min": 0,
          "max": 16
        },
        "opening": "",
        "equipment": [],
        "rating": {
          "average": 0,
          "count": 0
        },
        "accessibility": {
          "wheelchair": "unknown",
          "stroller": "unknown"
        },
        "fenced": false,
        "toilets": false,
        "parking": {
          "free": true,
          "paid": false
        },
        "dogs": {
          "allowed": true,
          "leash": false
        },
        "municipality": "",
        "verified": true,
        "lastVerified": "2026-10-05",
        "sources": [
          {
            "type": "osm",
            "id": "way/1044266867",
            "retrievedAt": "2026-10-05"
          }
        ],
        "id": "osm-way-1044266867"
      },
      "geometry": {
        "type": "Point",
        "coordinates": [
          5.3474053,
          60.372695
        ]
      }
    },
    {
      "type": "Feature",
      "properties": {
        "name": "Utkjent lekeplass",
        "source": "osm",
        "sourceId": "way/1044266868",
        "images": [],
        "age": {
          "min": 0,
          "max": 16
        },
        "opening": "",
        "equipment": [],
        "rating": {
          "average": 0,
          "count": 0
        },
        "accessibility": {
          "wheelchair": "unknown",
          "stroller": "unknown"
        },
        "fenced": false,
        "toilets": false,
        "parking": {
          "free": true,
          "paid": false
        },
        "dogs": {
          "allowed": true,
          "leash": false
        },
        "municipality": "",
        "verified": false,
        "lastVerified": "2026-10-05",
        "sources": [
          {
            "type": "osm",
            "id": "way/1044266868",
            "retrievedAt": "2026-10-05"
          }
        ],
        "id": "osm-way-1044266868"
      },
      "geometry": {
        "type": "Point",
        "coordinates": [
          5.3445377,
          60.3735436
        ]
      }
    },
    {
      "type": "Feature",
      "properties": {
        "name": "Hunstadsvingen lekeplass",
        "source": "osm",
        "sourceId": "way/1044266873",
        "images": [],
        "age": {
          "min": 0,
          "max": 16
        },
        "opening": "",
        "equipment": [],
        "rating": {
          "average": 0,
          "count": 0
        },
        "accessibility": {
          "wheelchair": "unknown",
          "stroller": "unknown"
        },
        "fenced": false,
        "toilets": false,
        "parking": {
          "free": true,
          "paid": false
        },
        "dogs": {
          "allowed": true,
          "leash": false
        },
        "municipality": "",
        "verified": true,
        "lastVerified": "2026-10-05",
        "sources": [
          {
            "type": "osm",
            "id": "way/1044266873",
            "retrievedAt": "2026-10-05"
          }
        ],
        "id": "osm-way-1044266873"
      },
      "geometry": {
        "type": "Point",
        "coordinates": [
          5.3466288,
          60.3745283
        ]
      }
    },
    {
      "type": "Feature",
      "properties": {
        "name": "Utkjent lekeplass",
        "source": "osm",
        "sourceId": "way/1044266875",
        "images": [],
        "age": {
          "min": 0,
          "max": 16
        },
        "opening": "",
        "equipment": [],
        "rating": {
          "average": 0,
          "count": 0
        },
        "accessibility": {
          "wheelchair": "unknown",
          "stroller": "unknown"
        },
        "fenced": false,
        "toilets": false,
        "parking": {
          "free": true,
          "paid": false
        },
        "dogs": {
          "allowed": true,
          "leash": false
        },
        "municipality": "",
        "verified": false,
        "lastVerified": "2026-10-05",
        "sources": [
          {
            "type": "osm",
            "id": "way/1044266875",
            "retrievedAt": "2026-10-05"
          }
        ],
        "id": "osm-way-1044266875"
      },
      "geometry": {
        "type": "Point",
        "coordinates": [
          5.3457304,
          60.3760003
        ]
      }
    },
    {
      "type": "Feature",
      "properties": {
        "name": "Utkjent lekeplass",
        "source": "osm",
        "sourceId": "way/1044266876",
        "images": [],
        "age": {
          "min": 0,
          "max": 16
        },
        "opening": "",
        "equipment": [],
        "rating": {
          "average": 0,
          "count": 0
        },
        "accessibility": {
          "wheelchair": "unknown",
          "stroller": "unknown"
        },
        "fenced": false,
        "toilets": false,
        "parking": {
          "free": true,
          "paid": false
        },
        "dogs": {
          "allowed": true,
          "leash": false
        },
        "municipality": "",
        "verified": false,
        "lastVerified": "2026-10-05",
        "sources": [
          {
            "type": "osm",
            "id": "way/1044266876",
            "retrievedAt": "2026-10-05"
          }
        ],
        "id": "osm-way-1044266876"
      },
      "geometry": {
        "type": "Point",
        "coordinates": [
          5.3457868,
          60.3764175
        ]
      }
    },
    {
      "type": "Feature",
      "properties": {
        "name": "Utkjent lekeplass",
        "source": "osm",
        "sourceId": "way/1044266877",
        "images": [],
        "age": {
          "min": 0,
          "max": 16
        },
        "opening": "",
        "equipment": [],
        "rating": {
          "average": 0,
          "count": 0
        },
        "accessibility": {
          "wheelchair": "unknown",
          "stroller": "unknown"
        },
        "fenced": false,
        "toilets": false,
        "parking": {
          "free": true,
          "paid": false
        },
        "dogs": {
          "allowed": true,
          "leash": false
        },
        "municipality": "",
        "verified": false,
        "lastVerified": "2026-10-05",
        "sources": [
          {
            "type": "osm",
            "id": "way/1044266877",
            "retrievedAt": "2026-10-05"
          }
        ],
        "id": "osm-way-1044266877"
      },
      "geometry": {
        "type": "Point",
        "coordinates": [
          5.3399485,
          60.3778332
        ]
      }
    },
    {
      "type": "Feature",
      "properties": {
        "name": "Utkjent lekeplass",
        "source": "osm",
        "sourceId": "way/1046598137",
        "images": [],
        "age": {
          "min": 0,
          "max": 16
        },
        "opening": "",
        "equipment": [],
        "rating": {
          "average": 0,
          "count": 0
        },
        "accessibility": {
          "wheelchair": "unknown",
          "stroller": "unknown"
        },
        "fenced": false,
        "toilets": false,
        "parking": {
          "free": true,
          "paid": false
        },
        "dogs": {
          "allowed": true,
          "leash": false
        },
        "municipality": "",
        "verified": false,
        "lastVerified": "2026-10-05",
        "sources": [
          {
            "type": "osm",
            "id": "way/1046598137",
            "retrievedAt": "2026-10-05"
          }
        ],
        "id": "osm-way-1046598137"
      },
      "geometry": {
        "type": "Point",
        "coordinates": [
          5.3169197,
          60.3825773
        ]
      }
    },
    {
      "type": "Feature",
      "properties": {
        "name": "Utkjent lekeplass",
        "source": "osm",
        "sourceId": "way/1046598138",
        "images": [],
        "age": {
          "min": 0,
          "max": 16
        },
        "opening": "",
        "equipment": [],
        "rating": {
          "average": 0,
          "count": 0
        },
        "accessibility": {
          "wheelchair": "unknown",
          "stroller": "unknown"
        },
        "fenced": false,
        "toilets": false,
        "parking": {
          "free": true,
          "paid": false
        },
        "dogs": {
          "allowed": true,
          "leash": false
        },
        "municipality": "",
        "verified": false,
        "lastVerified": "2026-10-05",
        "sources": [
          {
            "type": "osm",
            "id": "way/1046598138",
            "retrievedAt": "2026-10-05"
          }
        ],
        "id": "osm-way-1046598138"
      },
      "geometry": {
        "type": "Point",
        "coordinates": [
          5.3171732,
          60.3825075
        ]
      }
    },
    {
      "type": "Feature",
      "properties": {
        "name": "Utkjent lekeplass",
        "source": "osm",
        "sourceId": "way/1046598139",
        "images": [],
        "age": {
          "min": 0,
          "max": 16
        },
        "opening": "",
        "equipment": [],
        "rating": {
          "average": 0,
          "count": 0
        },
        "accessibility": {
          "wheelchair": "unknown",
          "stroller": "unknown"
        },
        "fenced": false,
        "toilets": false,
        "parking": {
          "free": true,
          "paid": false
        },
        "dogs": {
          "allowed": true,
          "leash": false
        },
        "municipality": "",
        "verified": false,
        "lastVerified": "2026-10-05",
        "sources": [
          {
            "type": "osm",
            "id": "way/1046598139",
            "retrievedAt": "2026-10-05"
          }
        ],
        "id": "osm-way-1046598139"
      },
      "geometry": {
        "type": "Point",
        "coordinates": [
          5.316312,
          60.3827322
        ]
      }
    },
    {
      "type": "Feature",
      "properties": {
        "name": "Utkjent lekeplass",
        "source": "osm",
        "sourceId": "way/1046598140",
        "images": [],
        "age": {
          "min": 0,
          "max": 16
        },
        "opening": "",
        "equipment": [],
        "rating": {
          "average": 0,
          "count": 0
        },
        "accessibility": {
          "wheelchair": "unknown",
          "stroller": "unknown"
        },
        "fenced": false,
        "toilets": false,
        "parking": {
          "free": true,
          "paid": false
        },
        "dogs": {
          "allowed": true,
          "leash": false
        },
        "municipality": "",
        "verified": false,
        "lastVerified": "2026-10-05",
        "sources": [
          {
            "type": "osm",
            "id": "way/1046598140",
            "retrievedAt": "2026-10-05"
          }
        ],
        "id": "osm-way-1046598140"
      },
      "geometry": {
        "type": "Point",
        "coordinates": [
          5.316617,
          60.3826428
        ]
      }
    },
    {
      "type": "Feature",
      "properties": {
        "name": "Utkjent lekeplass",
        "source": "osm",
        "sourceId": "way/1055621887",
        "images": [],
        "age": {
          "min": 0,
          "max": 16
        },
        "opening": "",
        "equipment": [],
        "rating": {
          "average": 0,
          "count": 0
        },
        "accessibility": {
          "wheelchair": "unknown",
          "stroller": "unknown"
        },
        "fenced": false,
        "toilets": false,
        "parking": {
          "free": true,
          "paid": false
        },
        "dogs": {
          "allowed": true,
          "leash": false
        },
        "municipality": "",
        "verified": false,
        "lastVerified": "2026-10-05",
        "sources": [
          {
            "type": "osm",
            "id": "way/1055621887",
            "retrievedAt": "2026-10-05"
          }
        ],
        "id": "osm-way-1055621887"
      },
      "geometry": {
        "type": "Point",
        "coordinates": [
          5.3231731,
          60.3832465
        ]
      }
    },
    {
      "type": "Feature",
      "properties": {
        "name": "Utkjent lekeplass",
        "source": "osm",
        "sourceId": "way/1058222073",
        "images": [],
        "age": {
          "min": 0,
          "max": 16
        },
        "opening": "",
        "equipment": [],
        "rating": {
          "average": 0,
          "count": 0
        },
        "accessibility": {
          "wheelchair": "unknown",
          "stroller": "unknown"
        },
        "fenced": false,
        "toilets": false,
        "parking": {
          "free": true,
          "paid": false
        },
        "dogs": {
          "allowed": true,
          "leash": false
        },
        "municipality": "",
        "verified": false,
        "lastVerified": "2026-10-05",
        "sources": [
          {
            "type": "osm",
            "id": "way/1058222073",
            "retrievedAt": "2026-10-05"
          }
        ],
        "id": "osm-way-1058222073"
      },
      "geometry": {
        "type": "Point",
        "coordinates": [
          5.5723151,
          58.9457712
        ]
      }
    },
    {
      "type": "Feature",
      "properties": {
        "name": "Utkjent lekeplass",
        "source": "osm",
        "sourceId": "way/1077930305",
        "images": [],
        "age": {
          "min": 0,
          "max": 16
        },
        "opening": "",
        "equipment": [],
        "rating": {
          "average": 0,
          "count": 0
        },
        "accessibility": {
          "wheelchair": "unknown",
          "stroller": "unknown"
        },
        "fenced": false,
        "toilets": false,
        "parking": {
          "free": true,
          "paid": false
        },
        "dogs": {
          "allowed": true,
          "leash": false
        },
        "municipality": "",
        "verified": false,
        "lastVerified": "2026-10-05",
        "sources": [
          {
            "type": "osm",
            "id": "way/1077930305",
            "retrievedAt": "2026-10-05"
          }
        ],
        "id": "osm-way-1077930305"
      },
      "geometry": {
        "type": "Point",
        "coordinates": [
          5.6094403,
          58.9636701
        ]
      }
    },
    {
      "type": "Feature",
      "properties": {
        "name": "Utkjent lekeplass",
        "source": "osm",
        "sourceId": "way/1077930306",
        "images": [],
        "age": {
          "min": 0,
          "max": 16
        },
        "opening": "",
        "equipment": [],
        "rating": {
          "average": 0,
          "count": 0
        },
        "accessibility": {
          "wheelchair": "unknown",
          "stroller": "unknown"
        },
        "fenced": false,
        "toilets": false,
        "parking": {
          "free": true,
          "paid": false
        },
        "dogs": {
          "allowed": true,
          "leash": false
        },
        "municipality": "",
        "verified": false,
        "lastVerified": "2026-10-05",
        "sources": [
          {
            "type": "osm",
            "id": "way/1077930306",
            "retrievedAt": "2026-10-05"
          }
        ],
        "id": "osm-way-1077930306"
      },
      "geometry": {
        "type": "Point",
        "coordinates": [
          5.6115196,
          58.9640005
        ]
      }
    },
    {
      "type": "Feature",
      "properties": {
        "name": "Utkjent lekeplass",
        "source": "osm",
        "sourceId": "way/1077930307",
        "images": [],
        "age": {
          "min": 0,
          "max": 16
        },
        "opening": "",
        "equipment": [],
        "rating": {
          "average": 0,
          "count": 0
        },
        "accessibility": {
          "wheelchair": "unknown",
          "stroller": "unknown"
        },
        "fenced": false,
        "toilets": false,
        "parking": {
          "free": true,
          "paid": false
        },
        "dogs": {
          "allowed": true,
          "leash": false
        },
        "municipality": "",
        "verified": false,
        "lastVerified": "2026-10-05",
        "sources": [
          {
            "type": "osm",
            "id": "way/1077930307",
            "retrievedAt": "2026-10-05"
          }
        ],
        "id": "osm-way-1077930307"
      },
      "geometry": {
        "type": "Point",
        "coordinates": [
          5.612521,
          58.9637182
        ]
      }
    },
    {
      "type": "Feature",
      "properties": {
        "name": "Utkjent lekeplass",
        "source": "osm",
        "sourceId": "way/1077930353",
        "images": [],
        "age": {
          "min": 0,
          "max": 16
        },
        "opening": "",
        "equipment": [],
        "rating": {
          "average": 0,
          "count": 0
        },
        "accessibility": {
          "wheelchair": "unknown",
          "stroller": "unknown"
        },
        "fenced": false,
        "toilets": false,
        "parking": {
          "free": true,
          "paid": false
        },
        "dogs": {
          "allowed": true,
          "leash": false
        },
        "municipality": "",
        "verified": false,
        "lastVerified": "2026-10-05",
        "sources": [
          {
            "type": "osm",
            "id": "way/1077930353",
            "retrievedAt": "2026-10-05"
          }
        ],
        "id": "osm-way-1077930353"
      },
      "geometry": {
        "type": "Point",
        "coordinates": [
          5.6154953,
          58.965701
        ]
      }
    },
    {
      "type": "Feature",
      "properties": {
        "name": "Utkjent lekeplass",
        "source": "osm",
        "sourceId": "way/1079248009",
        "images": [],
        "age": {
          "min": 0,
          "max": 16
        },
        "opening": "",
        "equipment": [],
        "rating": {
          "average": 0,
          "count": 0
        },
        "accessibility": {
          "wheelchair": "unknown",
          "stroller": "unknown"
        },
        "fenced": false,
        "toilets": false,
        "parking": {
          "free": true,
          "paid": false
        },
        "dogs": {
          "allowed": true,
          "leash": false
        },
        "municipality": "",
        "verified": false,
        "lastVerified": "2026-10-05",
        "sources": [
          {
            "type": "osm",
            "id": "way/1079248009",
            "retrievedAt": "2026-10-05"
          }
        ],
        "id": "osm-way-1079248009"
      },
      "geometry": {
        "type": "Point",
        "coordinates": [
          5.3174377,
          60.3781104
        ]
      }
    },
    {
      "type": "Feature",
      "properties": {
        "name": "Utkjent lekeplass",
        "source": "osm",
        "sourceId": "way/1079509214",
        "images": [],
        "age": {
          "min": 0,
          "max": 16
        },
        "opening": "",
        "equipment": [],
        "rating": {
          "average": 0,
          "count": 0
        },
        "accessibility": {
          "wheelchair": "unknown",
          "stroller": "unknown"
        },
        "fenced": false,
        "toilets": false,
        "parking": {
          "free": true,
          "paid": false
        },
        "dogs": {
          "allowed": true,
          "leash": false
        },
        "municipality": "",
        "verified": false,
        "lastVerified": "2026-10-05",
        "sources": [
          {
            "type": "osm",
            "id": "way/1079509214",
            "retrievedAt": "2026-10-05"
          }
        ],
        "id": "osm-way-1079509214"
      },
      "geometry": {
        "type": "Point",
        "coordinates": [
          5.3278241,
          60.3756689
        ]
      }
    },
    {
      "type": "Feature",
      "properties": {
        "name": "Utkjent lekeplass",
        "source": "osm",
        "sourceId": "way/1082203331",
        "images": [],
        "age": {
          "min": 0,
          "max": 16
        },
        "opening": "",
        "equipment": [],
        "rating": {
          "average": 0,
          "count": 0
        },
        "accessibility": {
          "wheelchair": "unknown",
          "stroller": "unknown"
        },
        "fenced": false,
        "toilets": false,
        "parking": {
          "free": true,
          "paid": false
        },
        "dogs": {
          "allowed": true,
          "leash": false
        },
        "municipality": "",
        "verified": false,
        "lastVerified": "2026-10-05",
        "sources": [
          {
            "type": "osm",
            "id": "way/1082203331",
            "retrievedAt": "2026-10-05"
          }
        ],
        "id": "osm-way-1082203331"
      },
      "geometry": {
        "type": "Point",
        "coordinates": [
          5.6072773,
          58.9552879
        ]
      }
    },
    {
      "type": "Feature",
      "properties": {
        "name": "Utkjent lekeplass",
        "source": "osm",
        "sourceId": "way/1082203352",
        "images": [],
        "age": {
          "min": 0,
          "max": 16
        },
        "opening": "",
        "equipment": [],
        "rating": {
          "average": 0,
          "count": 0
        },
        "accessibility": {
          "wheelchair": "unknown",
          "stroller": "unknown"
        },
        "fenced": false,
        "toilets": false,
        "parking": {
          "free": true,
          "paid": false
        },
        "dogs": {
          "allowed": true,
          "leash": false
        },
        "municipality": "",
        "verified": false,
        "lastVerified": "2026-10-05",
        "sources": [
          {
            "type": "osm",
            "id": "way/1082203352",
            "retrievedAt": "2026-10-05"
          }
        ],
        "id": "osm-way-1082203352"
      },
      "geometry": {
        "type": "Point",
        "coordinates": [
          5.5990275,
          58.9538717
        ]
      }
    },
    {
      "type": "Feature",
      "properties": {
        "name": "Utkjent lekeplass",
        "source": "osm",
        "sourceId": "way/1082203356",
        "images": [],
        "age": {
          "min": 0,
          "max": 16
        },
        "opening": "",
        "equipment": [],
        "rating": {
          "average": 0,
          "count": 0
        },
        "accessibility": {
          "wheelchair": "unknown",
          "stroller": "unknown"
        },
        "fenced": false,
        "toilets": false,
        "parking": {
          "free": true,
          "paid": false
        },
        "dogs": {
          "allowed": true,
          "leash": false
        },
        "municipality": "",
        "verified": false,
        "lastVerified": "2026-10-05",
        "sources": [
          {
            "type": "osm",
            "id": "way/1082203356",
            "retrievedAt": "2026-10-05"
          }
        ],
        "id": "osm-way-1082203356"
      },
      "geometry": {
        "type": "Point",
        "coordinates": [
          5.600144,
          58.9535604
        ]
      }
    },
    {
      "type": "Feature",
      "properties": {
        "name": "Utkjent lekeplass",
        "source": "osm",
        "sourceId": "way/1082203377",
        "images": [],
        "age": {
          "min": 0,
          "max": 16
        },
        "opening": "",
        "equipment": [],
        "rating": {
          "average": 0,
          "count": 0
        },
        "accessibility": {
          "wheelchair": "unknown",
          "stroller": "unknown"
        },
        "fenced": false,
        "toilets": false,
        "parking": {
          "free": true,
          "paid": false
        },
        "dogs": {
          "allowed": true,
          "leash": false
        },
        "municipality": "",
        "verified": false,
        "lastVerified": "2026-10-05",
        "sources": [
          {
            "type": "osm",
            "id": "way/1082203377",
            "retrievedAt": "2026-10-05"
          }
        ],
        "id": "osm-way-1082203377"
      },
      "geometry": {
        "type": "Point",
        "coordinates": [
          5.6046528,
          58.9564421
        ]
      }
    },
    {
      "type": "Feature",
      "properties": {
        "name": "Utkjent lekeplass",
        "source": "osm",
        "sourceId": "way/1089665129",
        "images": [],
        "age": {
          "min": 0,
          "max": 16
        },
        "opening": "",
        "equipment": [],
        "rating": {
          "average": 0,
          "count": 0
        },
        "accessibility": {
          "wheelchair": "unknown",
          "stroller": "unknown"
        },
        "fenced": false,
        "toilets": false,
        "parking": {
          "free": true,
          "paid": false
        },
        "dogs": {
          "allowed": true,
          "leash": false
        },
        "municipality": "",
        "verified": false,
        "lastVerified": "2026-10-05",
        "sources": [
          {
            "type": "osm",
            "id": "way/1089665129",
            "retrievedAt": "2026-10-05"
          }
        ],
        "id": "osm-way-1089665129"
      },
      "geometry": {
        "type": "Point",
        "coordinates": [
          5.691505,
          58.9763224
        ]
      }
    },
    {
      "type": "Feature",
      "properties": {
        "name": "Utkjent lekeplass",
        "source": "osm",
        "sourceId": "way/1092290019",
        "images": [],
        "age": {
          "min": 0,
          "max": 16
        },
        "opening": "",
        "equipment": [],
        "rating": {
          "average": 0,
          "count": 0
        },
        "accessibility": {
          "wheelchair": "unknown",
          "stroller": "unknown"
        },
        "fenced": false,
        "toilets": false,
        "parking": {
          "free": true,
          "paid": false
        },
        "dogs": {
          "allowed": true,
          "leash": false
        },
        "municipality": "",
        "verified": false,
        "lastVerified": "2026-10-05",
        "sources": [
          {
            "type": "osm",
            "id": "way/1092290019",
            "retrievedAt": "2026-10-05"
          }
        ],
        "id": "osm-way-1092290019"
      },
      "geometry": {
        "type": "Point",
        "coordinates": [
          5.7181339,
          58.9018976
        ]
      }
    },
    {
      "type": "Feature",
      "properties": {
        "name": "Utkjent lekeplass",
        "source": "osm",
        "sourceId": "way/110580356",
        "images": [],
        "age": {
          "min": 0,
          "max": 16
        },
        "opening": "",
        "equipment": [],
        "rating": {
          "average": 0,
          "count": 0
        },
        "accessibility": {
          "wheelchair": "unknown",
          "stroller": "unknown"
        },
        "fenced": false,
        "toilets": false,
        "parking": {
          "free": true,
          "paid": false
        },
        "dogs": {
          "allowed": true,
          "leash": false
        },
        "municipality": "",
        "verified": false,
        "lastVerified": "2026-10-05",
        "sources": [
          {
            "type": "osm",
            "id": "way/110580356",
            "retrievedAt": "2026-10-05"
          }
        ],
        "id": "osm-way-110580356"
      },
      "geometry": {
        "type": "Point",
        "coordinates": [
          5.6896435,
          58.9556084
        ]
      }
    },
    {
      "type": "Feature",
      "properties": {
        "name": "Utkjent lekeplass",
        "source": "osm",
        "sourceId": "way/1105971828",
        "images": [],
        "age": {
          "min": 0,
          "max": 16
        },
        "opening": "",
        "equipment": [],
        "rating": {
          "average": 0,
          "count": 0
        },
        "accessibility": {
          "wheelchair": "unknown",
          "stroller": "unknown"
        },
        "fenced": false,
        "toilets": false,
        "parking": {
          "free": true,
          "paid": false
        },
        "dogs": {
          "allowed": true,
          "leash": false
        },
        "municipality": "",
        "verified": false,
        "lastVerified": "2026-10-05",
        "sources": [
          {
            "type": "osm",
            "id": "way/1105971828",
            "retrievedAt": "2026-10-05"
          }
        ],
        "id": "osm-way-1105971828"
      },
      "geometry": {
        "type": "Point",
        "coordinates": [
          5.3582751,
          60.3781762
        ]
      }
    },
    {
      "type": "Feature",
      "properties": {
        "name": "Utkjent lekeplass",
        "source": "osm",
        "sourceId": "way/1112495231",
        "images": [],
        "age": {
          "min": 0,
          "max": 16
        },
        "opening": "",
        "equipment": [],
        "rating": {
          "average": 0,
          "count": 0
        },
        "accessibility": {
          "wheelchair": "no",
          "stroller": "unknown"
        },
        "fenced": false,
        "toilets": false,
        "parking": {
          "free": true,
          "paid": false
        },
        "dogs": {
          "allowed": true,
          "leash": false
        },
        "municipality": "",
        "verified": false,
        "lastVerified": "2026-10-05",
        "sources": [
          {
            "type": "osm",
            "id": "way/1112495231",
            "retrievedAt": "2026-10-05"
          }
        ],
        "id": "osm-way-1112495231"
      },
      "geometry": {
        "type": "Point",
        "coordinates": [
          5.3248559,
          60.385094
        ]
      }
    },
    {
      "type": "Feature",
      "properties": {
        "name": "Utkjent lekeplass",
        "source": "osm",
        "sourceId": "way/1125474536",
        "images": [],
        "age": {
          "min": 0,
          "max": 16
        },
        "opening": "",
        "equipment": [],
        "rating": {
          "average": 0,
          "count": 0
        },
        "accessibility": {
          "wheelchair": "unknown",
          "stroller": "unknown"
        },
        "fenced": false,
        "toilets": false,
        "parking": {
          "free": true,
          "paid": false
        },
        "dogs": {
          "allowed": true,
          "leash": false
        },
        "municipality": "",
        "verified": false,
        "lastVerified": "2026-10-05",
        "sources": [
          {
            "type": "osm",
            "id": "way/1125474536",
            "retrievedAt": "2026-10-05"
          }
        ],
        "id": "osm-way-1125474536"
      },
      "geometry": {
        "type": "Point",
        "coordinates": [
          5.3042676,
          60.4200394
        ]
      }
    },
    {
      "type": "Feature",
      "properties": {
        "name": "Utkjent lekeplass",
        "source": "osm",
        "sourceId": "way/1125474537",
        "images": [],
        "age": {
          "min": 0,
          "max": 16
        },
        "opening": "",
        "equipment": [],
        "rating": {
          "average": 0,
          "count": 0
        },
        "accessibility": {
          "wheelchair": "unknown",
          "stroller": "unknown"
        },
        "fenced": false,
        "toilets": false,
        "parking": {
          "free": true,
          "paid": false
        },
        "dogs": {
          "allowed": true,
          "leash": false
        },
        "municipality": "",
        "verified": false,
        "lastVerified": "2026-10-05",
        "sources": [
          {
            "type": "osm",
            "id": "way/1125474537",
            "retrievedAt": "2026-10-05"
          }
        ],
        "id": "osm-way-1125474537"
      },
      "geometry": {
        "type": "Point",
        "coordinates": [
          5.3042837,
          60.4201443
        ]
      }
    },
    {
      "type": "Feature",
      "properties": {
        "name": "Utkjent lekeplass",
        "source": "osm",
        "sourceId": "way/112748909",
        "images": [],
        "age": {
          "min": 0,
          "max": 16
        },
        "opening": "",
        "equipment": [],
        "rating": {
          "average": 0,
          "count": 0
        },
        "accessibility": {
          "wheelchair": "unknown",
          "stroller": "unknown"
        },
        "fenced": false,
        "toilets": false,
        "parking": {
          "free": true,
          "paid": false
        },
        "dogs": {
          "allowed": true,
          "leash": false
        },
        "municipality": "",
        "verified": false,
        "lastVerified": "2026-10-05",
        "sources": [
          {
            "type": "osm",
            "id": "way/112748909",
            "retrievedAt": "2026-10-05"
          }
        ],
        "id": "osm-way-112748909"
      },
      "geometry": {
        "type": "Point",
        "coordinates": [
          5.6532583,
          58.9523362
        ]
      }
    },
    {
      "type": "Feature",
      "properties": {
        "name": "Utkjent lekeplass",
        "source": "osm",
        "sourceId": "way/112748915",
        "images": [],
        "age": {
          "min": 0,
          "max": 16
        },
        "opening": "",
        "equipment": [],
        "rating": {
          "average": 0,
          "count": 0
        },
        "accessibility": {
          "wheelchair": "unknown",
          "stroller": "unknown"
        },
        "fenced": false,
        "toilets": false,
        "parking": {
          "free": true,
          "paid": false
        },
        "dogs": {
          "allowed": true,
          "leash": false
        },
        "municipality": "",
        "verified": false,
        "lastVerified": "2026-10-05",
        "sources": [
          {
            "type": "osm",
            "id": "way/112748915",
            "retrievedAt": "2026-10-05"
          }
        ],
        "id": "osm-way-112748915"
      },
      "geometry": {
        "type": "Point",
        "coordinates": [
          5.6541954,
          58.9526671
        ]
      }
    },
    {
      "type": "Feature",
      "properties": {
        "name": "Utkjent lekeplass",
        "source": "osm",
        "sourceId": "way/1144673547",
        "images": [],
        "age": {
          "min": 0,
          "max": 16
        },
        "opening": "",
        "equipment": [],
        "rating": {
          "average": 0,
          "count": 0
        },
        "accessibility": {
          "wheelchair": "unknown",
          "stroller": "unknown"
        },
        "fenced": false,
        "toilets": false,
        "parking": {
          "free": true,
          "paid": false
        },
        "dogs": {
          "allowed": true,
          "leash": false
        },
        "municipality": "",
        "verified": false,
        "lastVerified": "2026-10-05",
        "sources": [
          {
            "type": "osm",
            "id": "way/1144673547",
            "retrievedAt": "2026-10-05"
          }
        ],
        "id": "osm-way-1144673547"
      },
      "geometry": {
        "type": "Point",
        "coordinates": [
          5.7045003,
          58.9650781
        ]
      }
    },
    {
      "type": "Feature",
      "properties": {
        "name": "Utkjent lekeplass",
        "source": "osm",
        "sourceId": "way/1144675828",
        "images": [],
        "age": {
          "min": 0,
          "max": 16
        },
        "opening": "",
        "equipment": [],
        "rating": {
          "average": 0,
          "count": 0
        },
        "accessibility": {
          "wheelchair": "unknown",
          "stroller": "unknown"
        },
        "fenced": false,
        "toilets": false,
        "parking": {
          "free": true,
          "paid": false
        },
        "dogs": {
          "allowed": true,
          "leash": false
        },
        "municipality": "",
        "verified": false,
        "lastVerified": "2026-10-05",
        "sources": [
          {
            "type": "osm",
            "id": "way/1144675828",
            "retrievedAt": "2026-10-05"
          }
        ],
        "id": "osm-way-1144675828"
      },
      "geometry": {
        "type": "Point",
        "coordinates": [
          5.7097444,
          58.9667919
        ]
      }
    },
    {
      "type": "Feature",
      "properties": {
        "name": "Utkjent lekeplass",
        "source": "osm",
        "sourceId": "way/1144794776",
        "images": [],
        "age": {
          "min": 0,
          "max": 16
        },
        "opening": "",
        "equipment": [],
        "rating": {
          "average": 0,
          "count": 0
        },
        "accessibility": {
          "wheelchair": "unknown",
          "stroller": "unknown"
        },
        "fenced": false,
        "toilets": false,
        "parking": {
          "free": true,
          "paid": false
        },
        "dogs": {
          "allowed": true,
          "leash": false
        },
        "municipality": "",
        "verified": false,
        "lastVerified": "2026-10-05",
        "sources": [
          {
            "type": "osm",
            "id": "way/1144794776",
            "retrievedAt": "2026-10-05"
          }
        ],
        "id": "osm-way-1144794776"
      },
      "geometry": {
        "type": "Point",
        "coordinates": [
          5.7180972,
          58.9666113
        ]
      }
    },
    {
      "type": "Feature",
      "properties": {
        "name": "Utkjent lekeplass",
        "source": "osm",
        "sourceId": "way/1145593085",
        "images": [],
        "age": {
          "min": 0,
          "max": 16
        },
        "opening": "",
        "equipment": [],
        "rating": {
          "average": 0,
          "count": 0
        },
        "accessibility": {
          "wheelchair": "unknown",
          "stroller": "unknown"
        },
        "fenced": false,
        "toilets": false,
        "parking": {
          "free": true,
          "paid": false
        },
        "dogs": {
          "allowed": true,
          "leash": false
        },
        "municipality": "",
        "verified": false,
        "lastVerified": "2026-10-05",
        "sources": [
          {
            "type": "osm",
            "id": "way/1145593085",
            "retrievedAt": "2026-10-05"
          }
        ],
        "id": "osm-way-1145593085"
      },
      "geometry": {
        "type": "Point",
        "coordinates": [
          5.2998284,
          60.421846
        ]
      }
    },
    {
      "type": "Feature",
      "properties": {
        "name": "Utkjent lekeplass",
        "source": "osm",
        "sourceId": "way/1148552908",
        "images": [],
        "age": {
          "min": 0,
          "max": 16
        },
        "opening": "",
        "equipment": [],
        "rating": {
          "average": 0,
          "count": 0
        },
        "accessibility": {
          "wheelchair": "unknown",
          "stroller": "unknown"
        },
        "fenced": false,
        "toilets": false,
        "parking": {
          "free": true,
          "paid": false
        },
        "dogs": {
          "allowed": true,
          "leash": false
        },
        "municipality": "",
        "verified": false,
        "lastVerified": "2026-10-05",
        "sources": [
          {
            "type": "osm",
            "id": "way/1148552908",
            "retrievedAt": "2026-10-05"
          }
        ],
        "id": "osm-way-1148552908"
      },
      "geometry": {
        "type": "Point",
        "coordinates": [
          5.2995745,
          60.3513208
        ]
      }
    },
    {
      "type": "Feature",
      "properties": {
        "name": "Utkjent lekeplass",
        "source": "osm",
        "sourceId": "way/1149871421",
        "images": [],
        "age": {
          "min": 0,
          "max": 16
        },
        "opening": "",
        "equipment": [],
        "rating": {
          "average": 0,
          "count": 0
        },
        "accessibility": {
          "wheelchair": "unknown",
          "stroller": "unknown"
        },
        "fenced": false,
        "toilets": false,
        "parking": {
          "free": true,
          "paid": false
        },
        "dogs": {
          "allowed": true,
          "leash": false
        },
        "municipality": "",
        "verified": false,
        "lastVerified": "2026-10-05",
        "sources": [
          {
            "type": "osm",
            "id": "way/1149871421",
            "retrievedAt": "2026-10-05"
          }
        ],
        "id": "osm-way-1149871421"
      },
      "geometry": {
        "type": "Point",
        "coordinates": [
          5.7198741,
          58.9150949
        ]
      }
    },
    {
      "type": "Feature",
      "properties": {
        "name": "Utkjent lekeplass",
        "source": "osm",
        "sourceId": "way/1150706756",
        "images": [],
        "age": {
          "min": 0,
          "max": 16
        },
        "opening": "",
        "equipment": [],
        "rating": {
          "average": 0,
          "count": 0
        },
        "accessibility": {
          "wheelchair": "unknown",
          "stroller": "unknown"
        },
        "fenced": false,
        "toilets": false,
        "parking": {
          "free": true,
          "paid": false
        },
        "dogs": {
          "allowed": true,
          "leash": false
        },
        "municipality": "",
        "verified": false,
        "lastVerified": "2026-10-05",
        "sources": [
          {
            "type": "osm",
            "id": "way/1150706756",
            "retrievedAt": "2026-10-05"
          }
        ],
        "id": "osm-way-1150706756"
      },
      "geometry": {
        "type": "Point",
        "coordinates": [
          5.3195312,
          60.4489921
        ]
      }
    },
    {
      "type": "Feature",
      "properties": {
        "name": "Utkjent lekeplass",
        "source": "osm",
        "sourceId": "way/1154038780",
        "images": [],
        "age": {
          "min": 0,
          "max": 16
        },
        "opening": "",
        "equipment": [],
        "rating": {
          "average": 0,
          "count": 0
        },
        "accessibility": {
          "wheelchair": "unknown",
          "stroller": "unknown"
        },
        "fenced": false,
        "toilets": false,
        "parking": {
          "free": true,
          "paid": false
        },
        "dogs": {
          "allowed": true,
          "leash": false
        },
        "municipality": "",
        "verified": false,
        "lastVerified": "2026-10-05",
        "sources": [
          {
            "type": "osm",
            "id": "way/1154038780",
            "retrievedAt": "2026-10-05"
          }
        ],
        "id": "osm-way-1154038780"
      },
      "geometry": {
        "type": "Point",
        "coordinates": [
          5.7134656,
          58.9028563
        ]
      }
    },
    {
      "type": "Feature",
      "properties": {
        "name": "Utkjent lekeplass",
        "source": "osm",
        "sourceId": "way/1155734675",
        "images": [],
        "age": {
          "min": 0,
          "max": 16
        },
        "opening": "",
        "equipment": [],
        "rating": {
          "average": 0,
          "count": 0
        },
        "accessibility": {
          "wheelchair": "unknown",
          "stroller": "unknown"
        },
        "fenced": false,
        "toilets": false,
        "parking": {
          "free": true,
          "paid": false
        },
        "dogs": {
          "allowed": true,
          "leash": false
        },
        "municipality": "",
        "verified": false,
        "lastVerified": "2026-10-05",
        "sources": [
          {
            "type": "osm",
            "id": "way/1155734675",
            "retrievedAt": "2026-10-05"
          }
        ],
        "id": "osm-way-1155734675"
      },
      "geometry": {
        "type": "Point",
        "coordinates": [
          5.2889875,
          60.4353027
        ]
      }
    },
    {
      "type": "Feature",
      "properties": {
        "name": "Utkjent lekeplass",
        "source": "osm",
        "sourceId": "way/1155973090",
        "images": [],
        "age": {
          "min": 0,
          "max": 16
        },
        "opening": "",
        "equipment": [],
        "rating": {
          "average": 0,
          "count": 0
        },
        "accessibility": {
          "wheelchair": "unknown",
          "stroller": "unknown"
        },
        "fenced": false,
        "toilets": false,
        "parking": {
          "free": true,
          "paid": false
        },
        "dogs": {
          "allowed": true,
          "leash": false
        },
        "municipality": "",
        "verified": false,
        "lastVerified": "2026-10-05",
        "sources": [
          {
            "type": "osm",
            "id": "way/1155973090",
            "retrievedAt": "2026-10-05"
          }
        ],
        "id": "osm-way-1155973090"
      },
      "geometry": {
        "type": "Point",
        "coordinates": [
          5.7169558,
          58.971977
        ]
      }
    },
    {
      "type": "Feature",
      "properties": {
        "name": "Utkjent lekeplass",
        "source": "osm",
        "sourceId": "way/1155977264",
        "images": [],
        "age": {
          "min": 0,
          "max": 16
        },
        "opening": "",
        "equipment": [],
        "rating": {
          "average": 0,
          "count": 0
        },
        "accessibility": {
          "wheelchair": "unknown",
          "stroller": "unknown"
        },
        "fenced": false,
        "toilets": false,
        "parking": {
          "free": true,
          "paid": false
        },
        "dogs": {
          "allowed": true,
          "leash": false
        },
        "municipality": "",
        "verified": false,
        "lastVerified": "2026-10-05",
        "sources": [
          {
            "type": "osm",
            "id": "way/1155977264",
            "retrievedAt": "2026-10-05"
          }
        ],
        "id": "osm-way-1155977264"
      },
      "geometry": {
        "type": "Point",
        "coordinates": [
          5.2923186,
          60.4365557
        ]
      }
    },
    {
      "type": "Feature",
      "properties": {
        "name": "Utkjent lekeplass",
        "source": "osm",
        "sourceId": "way/1155981457",
        "images": [],
        "age": {
          "min": 0,
          "max": 16
        },
        "opening": "",
        "equipment": [],
        "rating": {
          "average": 0,
          "count": 0
        },
        "accessibility": {
          "wheelchair": "unknown",
          "stroller": "unknown"
        },
        "fenced": false,
        "toilets": false,
        "parking": {
          "free": true,
          "paid": false
        },
        "dogs": {
          "allowed": true,
          "leash": false
        },
        "municipality": "",
        "verified": false,
        "lastVerified": "2026-10-05",
        "sources": [
          {
            "type": "osm",
            "id": "way/1155981457",
            "retrievedAt": "2026-10-05"
          }
        ],
        "id": "osm-way-1155981457"
      },
      "geometry": {
        "type": "Point",
        "coordinates": [
          5.2890252,
          60.4372887
        ]
      }
    },
    {
      "type": "Feature",
      "properties": {
        "name": "Utkjent lekeplass",
        "source": "osm",
        "sourceId": "way/1156239628",
        "images": [],
        "age": {
          "min": 0,
          "max": 16
        },
        "opening": "",
        "equipment": [],
        "rating": {
          "average": 0,
          "count": 0
        },
        "accessibility": {
          "wheelchair": "unknown",
          "stroller": "unknown"
        },
        "fenced": false,
        "toilets": false,
        "parking": {
          "free": true,
          "paid": false
        },
        "dogs": {
          "allowed": true,
          "leash": false
        },
        "municipality": "",
        "verified": false,
        "lastVerified": "2026-10-05",
        "sources": [
          {
            "type": "osm",
            "id": "way/1156239628",
            "retrievedAt": "2026-10-05"
          }
        ],
        "id": "osm-way-1156239628"
      },
      "geometry": {
        "type": "Point",
        "coordinates": [
          5.2870398,
          60.3869443
        ]
      }
    },
    {
      "type": "Feature",
      "properties": {
        "name": "Utkjent lekeplass",
        "source": "osm",
        "sourceId": "way/1157870408",
        "images": [],
        "age": {
          "min": 0,
          "max": 16
        },
        "opening": "",
        "equipment": [],
        "rating": {
          "average": 0,
          "count": 0
        },
        "accessibility": {
          "wheelchair": "unknown",
          "stroller": "unknown"
        },
        "fenced": false,
        "toilets": false,
        "parking": {
          "free": true,
          "paid": false
        },
        "dogs": {
          "allowed": true,
          "leash": false
        },
        "municipality": "",
        "verified": false,
        "lastVerified": "2026-10-05",
        "sources": [
          {
            "type": "osm",
            "id": "way/1157870408",
            "retrievedAt": "2026-10-05"
          }
        ],
        "id": "osm-way-1157870408"
      },
      "geometry": {
        "type": "Point",
        "coordinates": [
          5.3196667,
          60.3785259
        ]
      }
    },
    {
      "type": "Feature",
      "properties": {
        "name": "Utkjent lekeplass",
        "source": "osm",
        "sourceId": "way/1162257007",
        "images": [],
        "age": {
          "min": 0,
          "max": 16
        },
        "opening": "",
        "equipment": [],
        "rating": {
          "average": 0,
          "count": 0
        },
        "accessibility": {
          "wheelchair": "unknown",
          "stroller": "unknown"
        },
        "fenced": false,
        "toilets": false,
        "parking": {
          "free": true,
          "paid": false
        },
        "dogs": {
          "allowed": true,
          "leash": false
        },
        "municipality": "",
        "verified": false,
        "lastVerified": "2026-10-05",
        "sources": [
          {
            "type": "osm",
            "id": "way/1162257007",
            "retrievedAt": "2026-10-05"
          }
        ],
        "id": "osm-way-1162257007"
      },
      "geometry": {
        "type": "Point",
        "coordinates": [
          5.7060395,
          58.9527058
        ]
      }
    },
    {
      "type": "Feature",
      "properties": {
        "name": "Utkjent lekeplass",
        "source": "osm",
        "sourceId": "way/1162272666",
        "images": [],
        "age": {
          "min": 0,
          "max": 16
        },
        "opening": "",
        "equipment": [],
        "rating": {
          "average": 0,
          "count": 0
        },
        "accessibility": {
          "wheelchair": "unknown",
          "stroller": "unknown"
        },
        "fenced": false,
        "toilets": false,
        "parking": {
          "free": true,
          "paid": false
        },
        "dogs": {
          "allowed": true,
          "leash": false
        },
        "municipality": "",
        "verified": false,
        "lastVerified": "2026-10-05",
        "sources": [
          {
            "type": "osm",
            "id": "way/1162272666",
            "retrievedAt": "2026-10-05"
          }
        ],
        "id": "osm-way-1162272666"
      },
      "geometry": {
        "type": "Point",
        "coordinates": [
          5.292592,
          60.3536675
        ]
      }
    },
    {
      "type": "Feature",
      "properties": {
        "name": "Soleiveien lekeplass",
        "source": "osm",
        "sourceId": "way/1163711137",
        "images": [],
        "age": {
          "min": 0,
          "max": 16
        },
        "opening": "",
        "equipment": [],
        "rating": {
          "average": 0,
          "count": 0
        },
        "accessibility": {
          "wheelchair": "unknown",
          "stroller": "unknown"
        },
        "fenced": false,
        "toilets": false,
        "parking": {
          "free": true,
          "paid": false
        },
        "dogs": {
          "allowed": true,
          "leash": false
        },
        "municipality": "",
        "verified": true,
        "lastVerified": "2026-10-05",
        "sources": [
          {
            "type": "osm",
            "id": "way/1163711137",
            "retrievedAt": "2026-10-05"
          }
        ],
        "id": "osm-way-1163711137"
      },
      "geometry": {
        "type": "Point",
        "coordinates": [
          5.3644708,
          60.3672138
        ]
      }
    },
    {
      "type": "Feature",
      "properties": {
        "name": "Utkjent lekeplass",
        "source": "osm",
        "sourceId": "way/1163991117",
        "images": [],
        "age": {
          "min": 0,
          "max": 16
        },
        "opening": "",
        "equipment": [],
        "rating": {
          "average": 0,
          "count": 0
        },
        "accessibility": {
          "wheelchair": "unknown",
          "stroller": "unknown"
        },
        "fenced": false,
        "toilets": false,
        "parking": {
          "free": true,
          "paid": false
        },
        "dogs": {
          "allowed": true,
          "leash": false
        },
        "municipality": "",
        "verified": false,
        "lastVerified": "2026-10-05",
        "sources": [
          {
            "type": "osm",
            "id": "way/1163991117",
            "retrievedAt": "2026-10-05"
          }
        ],
        "id": "osm-way-1163991117"
      },
      "geometry": {
        "type": "Point",
        "coordinates": [
          5.7172516,
          58.9787472
        ]
      }
    },
    {
      "type": "Feature",
      "properties": {
        "name": "Utkjent lekeplass",
        "source": "osm",
        "sourceId": "way/1163992475",
        "images": [],
        "age": {
          "min": 0,
          "max": 16
        },
        "opening": "",
        "equipment": [],
        "rating": {
          "average": 0,
          "count": 0
        },
        "accessibility": {
          "wheelchair": "unknown",
          "stroller": "unknown"
        },
        "fenced": false,
        "toilets": false,
        "parking": {
          "free": true,
          "paid": false
        },
        "dogs": {
          "allowed": true,
          "leash": false
        },
        "municipality": "",
        "verified": false,
        "lastVerified": "2026-10-05",
        "sources": [
          {
            "type": "osm",
            "id": "way/1163992475",
            "retrievedAt": "2026-10-05"
          }
        ],
        "id": "osm-way-1163992475"
      },
      "geometry": {
        "type": "Point",
        "coordinates": [
          5.7191721,
          58.9789078
        ]
      }
    },
    {
      "type": "Feature",
      "properties": {
        "name": "Utkjent lekeplass",
        "source": "osm",
        "sourceId": "way/1170504857",
        "images": [],
        "age": {
          "min": 0,
          "max": 16
        },
        "opening": "",
        "equipment": [],
        "rating": {
          "average": 0,
          "count": 0
        },
        "accessibility": {
          "wheelchair": "unknown",
          "stroller": "unknown"
        },
        "fenced": false,
        "toilets": false,
        "parking": {
          "free": true,
          "paid": false
        },
        "dogs": {
          "allowed": true,
          "leash": false
        },
        "municipality": "",
        "verified": false,
        "lastVerified": "2026-10-05",
        "sources": [
          {
            "type": "osm",
            "id": "way/1170504857",
            "retrievedAt": "2026-10-05"
          }
        ],
        "id": "osm-way-1170504857"
      },
      "geometry": {
        "type": "Point",
        "coordinates": [
          5.6658862,
          58.9526867
        ]
      }
    },
    {
      "type": "Feature",
      "properties": {
        "name": "Utkjent lekeplass",
        "source": "osm",
        "sourceId": "way/1170504861",
        "images": [],
        "age": {
          "min": 0,
          "max": 16
        },
        "opening": "",
        "equipment": [],
        "rating": {
          "average": 0,
          "count": 0
        },
        "accessibility": {
          "wheelchair": "unknown",
          "stroller": "unknown"
        },
        "fenced": false,
        "toilets": false,
        "parking": {
          "free": true,
          "paid": false
        },
        "dogs": {
          "allowed": true,
          "leash": false
        },
        "municipality": "",
        "verified": false,
        "lastVerified": "2026-10-05",
        "sources": [
          {
            "type": "osm",
            "id": "way/1170504861",
            "retrievedAt": "2026-10-05"
          }
        ],
        "id": "osm-way-1170504861"
      },
      "geometry": {
        "type": "Point",
        "coordinates": [
          5.6591455,
          58.953217
        ]
      }
    },
    {
      "type": "Feature",
      "properties": {
        "name": "Utkjent lekeplass",
        "source": "osm",
        "sourceId": "way/1170525083",
        "images": [],
        "age": {
          "min": 0,
          "max": 16
        },
        "opening": "",
        "equipment": [],
        "rating": {
          "average": 0,
          "count": 0
        },
        "accessibility": {
          "wheelchair": "unknown",
          "stroller": "unknown"
        },
        "fenced": false,
        "toilets": false,
        "parking": {
          "free": true,
          "paid": false
        },
        "dogs": {
          "allowed": true,
          "leash": false
        },
        "municipality": "",
        "verified": false,
        "lastVerified": "2026-10-05",
        "sources": [
          {
            "type": "osm",
            "id": "way/1170525083",
            "retrievedAt": "2026-10-05"
          }
        ],
        "id": "osm-way-1170525083"
      },
      "geometry": {
        "type": "Point",
        "coordinates": [
          5.6729673,
          58.9498879
        ]
      }
    },
    {
      "type": "Feature",
      "properties": {
        "name": "Utkjent lekeplass",
        "source": "osm",
        "sourceId": "way/1170532854",
        "images": [],
        "age": {
          "min": 0,
          "max": 16
        },
        "opening": "",
        "equipment": [],
        "rating": {
          "average": 0,
          "count": 0
        },
        "accessibility": {
          "wheelchair": "unknown",
          "stroller": "unknown"
        },
        "fenced": false,
        "toilets": false,
        "parking": {
          "free": true,
          "paid": false
        },
        "dogs": {
          "allowed": true,
          "leash": false
        },
        "municipality": "",
        "verified": false,
        "lastVerified": "2026-10-05",
        "sources": [
          {
            "type": "osm",
            "id": "way/1170532854",
            "retrievedAt": "2026-10-05"
          }
        ],
        "id": "osm-way-1170532854"
      },
      "geometry": {
        "type": "Point",
        "coordinates": [
          5.6685594,
          58.9530036
        ]
      }
    },
    {
      "type": "Feature",
      "properties": {
        "name": "Utkjent lekeplass",
        "source": "osm",
        "sourceId": "way/1172707135",
        "images": [],
        "age": {
          "min": 0,
          "max": 16
        },
        "opening": "",
        "equipment": [],
        "rating": {
          "average": 0,
          "count": 0
        },
        "accessibility": {
          "wheelchair": "unknown",
          "stroller": "unknown"
        },
        "fenced": false,
        "toilets": false,
        "parking": {
          "free": true,
          "paid": false
        },
        "dogs": {
          "allowed": true,
          "leash": false
        },
        "municipality": "",
        "verified": false,
        "lastVerified": "2026-10-05",
        "sources": [
          {
            "type": "osm",
            "id": "way/1172707135",
            "retrievedAt": "2026-10-05"
          }
        ],
        "id": "osm-way-1172707135"
      },
      "geometry": {
        "type": "Point",
        "coordinates": [
          5.6793419,
          58.9420164
        ]
      }
    },
    {
      "type": "Feature",
      "properties": {
        "name": "Utkjent lekeplass",
        "source": "osm",
        "sourceId": "way/1173021480",
        "images": [],
        "age": {
          "min": 0,
          "max": 16
        },
        "opening": "",
        "equipment": [],
        "rating": {
          "average": 0,
          "count": 0
        },
        "accessibility": {
          "wheelchair": "unknown",
          "stroller": "unknown"
        },
        "fenced": false,
        "toilets": false,
        "parking": {
          "free": true,
          "paid": false
        },
        "dogs": {
          "allowed": true,
          "leash": false
        },
        "municipality": "",
        "verified": false,
        "lastVerified": "2026-10-05",
        "sources": [
          {
            "type": "osm",
            "id": "way/1173021480",
            "retrievedAt": "2026-10-05"
          }
        ],
        "id": "osm-way-1173021480"
      },
      "geometry": {
        "type": "Point",
        "coordinates": [
          5.6963917,
          58.9666448
        ]
      }
    },
    {
      "type": "Feature",
      "properties": {
        "name": "Aktiv Tollbodkai",
        "source": "osm",
        "sourceId": "way/1195230346",
        "images": [],
        "age": {
          "min": 0,
          "max": 16
        },
        "opening": "",
        "equipment": [],
        "rating": {
          "average": 0,
          "count": 0
        },
        "accessibility": {
          "wheelchair": "unknown",
          "stroller": "unknown"
        },
        "fenced": false,
        "toilets": false,
        "parking": {
          "free": true,
          "paid": false
        },
        "dogs": {
          "allowed": true,
          "leash": false
        },
        "municipality": "",
        "verified": true,
        "lastVerified": "2026-10-05",
        "sources": [
          {
            "type": "osm",
            "id": "way/1195230346",
            "retrievedAt": "2026-10-05"
          }
        ],
        "id": "osm-way-1195230346"
      },
      "geometry": {
        "type": "Point",
        "coordinates": [
          5.3100154,
          60.3993342
        ]
      }
    },
    {
      "type": "Feature",
      "properties": {
        "name": "Utkjent lekeplass",
        "source": "osm",
        "sourceId": "way/1208350343",
        "images": [],
        "age": {
          "min": 0,
          "max": 16
        },
        "opening": "",
        "equipment": [],
        "rating": {
          "average": 0,
          "count": 0
        },
        "accessibility": {
          "wheelchair": "unknown",
          "stroller": "unknown"
        },
        "fenced": false,
        "toilets": false,
        "parking": {
          "free": true,
          "paid": false
        },
        "dogs": {
          "allowed": true,
          "leash": false
        },
        "municipality": "",
        "verified": false,
        "lastVerified": "2026-10-05",
        "sources": [
          {
            "type": "osm",
            "id": "way/1208350343",
            "retrievedAt": "2026-10-05"
          }
        ],
        "id": "osm-way-1208350343"
      },
      "geometry": {
        "type": "Point",
        "coordinates": [
          5.3592597,
          60.3615956
        ]
      }
    },
    {
      "type": "Feature",
      "properties": {
        "name": "Utkjent lekeplass",
        "source": "osm",
        "sourceId": "way/121166185",
        "images": [],
        "age": {
          "min": 0,
          "max": 16
        },
        "opening": "",
        "equipment": [],
        "rating": {
          "average": 0,
          "count": 0
        },
        "accessibility": {
          "wheelchair": "unknown",
          "stroller": "unknown"
        },
        "fenced": false,
        "toilets": false,
        "parking": {
          "free": true,
          "paid": false
        },
        "dogs": {
          "allowed": true,
          "leash": false
        },
        "municipality": "",
        "verified": false,
        "lastVerified": "2026-10-05",
        "sources": [
          {
            "type": "osm",
            "id": "way/121166185",
            "retrievedAt": "2026-10-05"
          }
        ],
        "id": "osm-way-121166185"
      },
      "geometry": {
        "type": "Point",
        "coordinates": [
          5.7107938,
          58.9498604
        ]
      }
    },
    {
      "type": "Feature",
      "properties": {
        "name": "Utkjent lekeplass",
        "source": "osm",
        "sourceId": "way/1212556560",
        "images": [],
        "age": {
          "min": 0,
          "max": 16
        },
        "opening": "",
        "equipment": [],
        "rating": {
          "average": 0,
          "count": 0
        },
        "accessibility": {
          "wheelchair": "unknown",
          "stroller": "unknown"
        },
        "fenced": false,
        "toilets": false,
        "parking": {
          "free": true,
          "paid": false
        },
        "dogs": {
          "allowed": true,
          "leash": false
        },
        "municipality": "",
        "verified": false,
        "lastVerified": "2026-10-05",
        "sources": [
          {
            "type": "osm",
            "id": "way/1212556560",
            "retrievedAt": "2026-10-05"
          }
        ],
        "id": "osm-way-1212556560"
      },
      "geometry": {
        "type": "Point",
        "coordinates": [
          5.609291,
          58.9700866
        ]
      }
    },
    {
      "type": "Feature",
      "properties": {
        "name": "Utkjent lekeplass",
        "source": "osm",
        "sourceId": "way/1212556569",
        "images": [],
        "age": {
          "min": 0,
          "max": 16
        },
        "opening": "",
        "equipment": [],
        "rating": {
          "average": 0,
          "count": 0
        },
        "accessibility": {
          "wheelchair": "unknown",
          "stroller": "unknown"
        },
        "fenced": false,
        "toilets": false,
        "parking": {
          "free": true,
          "paid": false
        },
        "dogs": {
          "allowed": true,
          "leash": false
        },
        "municipality": "",
        "verified": false,
        "lastVerified": "2026-10-05",
        "sources": [
          {
            "type": "osm",
            "id": "way/1212556569",
            "retrievedAt": "2026-10-05"
          }
        ],
        "id": "osm-way-1212556569"
      },
      "geometry": {
        "type": "Point",
        "coordinates": [
          5.6103374,
          58.9716014
        ]
      }
    },
    {
      "type": "Feature",
      "properties": {
        "name": "Utkjent lekeplass",
        "source": "osm",
        "sourceId": "way/1213247790",
        "images": [],
        "age": {
          "min": 0,
          "max": 16
        },
        "opening": "",
        "equipment": [],
        "rating": {
          "average": 0,
          "count": 0
        },
        "accessibility": {
          "wheelchair": "unknown",
          "stroller": "unknown"
        },
        "fenced": false,
        "toilets": false,
        "parking": {
          "free": true,
          "paid": false
        },
        "dogs": {
          "allowed": true,
          "leash": false
        },
        "municipality": "",
        "verified": false,
        "lastVerified": "2026-10-05",
        "sources": [
          {
            "type": "osm",
            "id": "way/1213247790",
            "retrievedAt": "2026-10-05"
          }
        ],
        "id": "osm-way-1213247790"
      },
      "geometry": {
        "type": "Point",
        "coordinates": [
          5.6984455,
          58.943624
        ]
      }
    },
    {
      "type": "Feature",
      "properties": {
        "name": "Utkjent lekeplass",
        "source": "osm",
        "sourceId": "way/1214841793",
        "images": [],
        "age": {
          "min": 0,
          "max": 16
        },
        "opening": "",
        "equipment": [],
        "rating": {
          "average": 0,
          "count": 0
        },
        "accessibility": {
          "wheelchair": "unknown",
          "stroller": "unknown"
        },
        "fenced": false,
        "toilets": false,
        "parking": {
          "free": true,
          "paid": false
        },
        "dogs": {
          "allowed": true,
          "leash": false
        },
        "municipality": "",
        "verified": false,
        "lastVerified": "2026-10-05",
        "sources": [
          {
            "type": "osm",
            "id": "way/1214841793",
            "retrievedAt": "2026-10-05"
          }
        ],
        "id": "osm-way-1214841793"
      },
      "geometry": {
        "type": "Point",
        "coordinates": [
          5.6279226,
          58.9616414
        ]
      }
    },
    {
      "type": "Feature",
      "properties": {
        "name": "Utkjent lekeplass",
        "source": "osm",
        "sourceId": "way/1219768036",
        "images": [],
        "age": {
          "min": 0,
          "max": 16
        },
        "opening": "",
        "equipment": [],
        "rating": {
          "average": 0,
          "count": 0
        },
        "accessibility": {
          "wheelchair": "unknown",
          "stroller": "unknown"
        },
        "fenced": false,
        "toilets": false,
        "parking": {
          "free": true,
          "paid": false
        },
        "dogs": {
          "allowed": true,
          "leash": false
        },
        "municipality": "",
        "verified": false,
        "lastVerified": "2026-10-05",
        "sources": [
          {
            "type": "osm",
            "id": "way/1219768036",
            "retrievedAt": "2026-10-05"
          }
        ],
        "id": "osm-way-1219768036"
      },
      "geometry": {
        "type": "Point",
        "coordinates": [
          5.2894236,
          60.4365413
        ]
      }
    },
    {
      "type": "Feature",
      "properties": {
        "name": "Utkjent lekeplass",
        "source": "osm",
        "sourceId": "way/1225867862",
        "images": [],
        "age": {
          "min": 0,
          "max": 16
        },
        "opening": "",
        "equipment": [],
        "rating": {
          "average": 0,
          "count": 0
        },
        "accessibility": {
          "wheelchair": "unknown",
          "stroller": "unknown"
        },
        "fenced": false,
        "toilets": false,
        "parking": {
          "free": true,
          "paid": false
        },
        "dogs": {
          "allowed": true,
          "leash": false
        },
        "municipality": "",
        "verified": false,
        "lastVerified": "2026-10-05",
        "sources": [
          {
            "type": "osm",
            "id": "way/1225867862",
            "retrievedAt": "2026-10-05"
          }
        ],
        "id": "osm-way-1225867862"
      },
      "geometry": {
        "type": "Point",
        "coordinates": [
          5.3448729,
          60.3712095
        ]
      }
    },
    {
      "type": "Feature",
      "properties": {
        "name": "Utkjent lekeplass",
        "source": "osm",
        "sourceId": "way/1227814131",
        "images": [],
        "age": {
          "min": 0,
          "max": 16
        },
        "opening": "",
        "equipment": [],
        "rating": {
          "average": 0,
          "count": 0
        },
        "accessibility": {
          "wheelchair": "unknown",
          "stroller": "unknown"
        },
        "fenced": false,
        "toilets": false,
        "parking": {
          "free": true,
          "paid": false
        },
        "dogs": {
          "allowed": true,
          "leash": false
        },
        "municipality": "",
        "verified": false,
        "lastVerified": "2026-10-05",
        "sources": [
          {
            "type": "osm",
            "id": "way/1227814131",
            "retrievedAt": "2026-10-05"
          }
        ],
        "id": "osm-way-1227814131"
      },
      "geometry": {
        "type": "Point",
        "coordinates": [
          5.6082851,
          58.9228523
        ]
      }
    },
    {
      "type": "Feature",
      "properties": {
        "name": "Utkjent lekeplass",
        "source": "osm",
        "sourceId": "way/1227814132",
        "images": [],
        "age": {
          "min": 0,
          "max": 16
        },
        "opening": "",
        "equipment": [],
        "rating": {
          "average": 0,
          "count": 0
        },
        "accessibility": {
          "wheelchair": "unknown",
          "stroller": "unknown"
        },
        "fenced": false,
        "toilets": false,
        "parking": {
          "free": true,
          "paid": false
        },
        "dogs": {
          "allowed": true,
          "leash": false
        },
        "municipality": "",
        "verified": false,
        "lastVerified": "2026-10-05",
        "sources": [
          {
            "type": "osm",
            "id": "way/1227814132",
            "retrievedAt": "2026-10-05"
          }
        ],
        "id": "osm-way-1227814132"
      },
      "geometry": {
        "type": "Point",
        "coordinates": [
          5.6089449,
          58.9230831
        ]
      }
    },
    {
      "type": "Feature",
      "properties": {
        "name": "Utkjent lekeplass",
        "source": "osm",
        "sourceId": "way/1230396649",
        "images": [],
        "age": {
          "min": 0,
          "max": 16
        },
        "opening": "",
        "equipment": [],
        "rating": {
          "average": 0,
          "count": 0
        },
        "accessibility": {
          "wheelchair": "unknown",
          "stroller": "unknown"
        },
        "fenced": false,
        "toilets": false,
        "parking": {
          "free": true,
          "paid": false
        },
        "dogs": {
          "allowed": true,
          "leash": false
        },
        "municipality": "",
        "verified": false,
        "lastVerified": "2026-10-05",
        "sources": [
          {
            "type": "osm",
            "id": "way/1230396649",
            "retrievedAt": "2026-10-05"
          }
        ],
        "id": "osm-way-1230396649"
      },
      "geometry": {
        "type": "Point",
        "coordinates": [
          5.3046374,
          60.3682998
        ]
      }
    },
    {
      "type": "Feature",
      "properties": {
        "name": "Utkjent lekeplass",
        "source": "osm",
        "sourceId": "way/1231436443",
        "images": [],
        "age": {
          "min": 0,
          "max": 16
        },
        "opening": "",
        "equipment": [],
        "rating": {
          "average": 0,
          "count": 0
        },
        "accessibility": {
          "wheelchair": "unknown",
          "stroller": "unknown"
        },
        "fenced": false,
        "toilets": false,
        "parking": {
          "free": true,
          "paid": false
        },
        "dogs": {
          "allowed": true,
          "leash": false
        },
        "municipality": "",
        "verified": false,
        "lastVerified": "2026-10-05",
        "sources": [
          {
            "type": "osm",
            "id": "way/1231436443",
            "retrievedAt": "2026-10-05"
          }
        ],
        "id": "osm-way-1231436443"
      },
      "geometry": {
        "type": "Point",
        "coordinates": [
          5.7183426,
          58.9021417
        ]
      }
    },
    {
      "type": "Feature",
      "properties": {
        "name": "Utkjent lekeplass",
        "source": "osm",
        "sourceId": "way/1235191433",
        "images": [],
        "age": {
          "min": 0,
          "max": 16
        },
        "opening": "",
        "equipment": [],
        "rating": {
          "average": 0,
          "count": 0
        },
        "accessibility": {
          "wheelchair": "unknown",
          "stroller": "unknown"
        },
        "fenced": false,
        "toilets": false,
        "parking": {
          "free": true,
          "paid": false
        },
        "dogs": {
          "allowed": true,
          "leash": false
        },
        "municipality": "",
        "verified": false,
        "lastVerified": "2026-10-05",
        "sources": [
          {
            "type": "osm",
            "id": "way/1235191433",
            "retrievedAt": "2026-10-05"
          }
        ],
        "id": "osm-way-1235191433"
      },
      "geometry": {
        "type": "Point",
        "coordinates": [
          5.5793092,
          58.9482552
        ]
      }
    },
    {
      "type": "Feature",
      "properties": {
        "name": "Utkjent lekeplass",
        "source": "osm",
        "sourceId": "way/1239090069",
        "images": [],
        "age": {
          "min": 0,
          "max": 16
        },
        "opening": "",
        "equipment": [],
        "rating": {
          "average": 0,
          "count": 0
        },
        "accessibility": {
          "wheelchair": "unknown",
          "stroller": "unknown"
        },
        "fenced": false,
        "toilets": false,
        "parking": {
          "free": true,
          "paid": false
        },
        "dogs": {
          "allowed": true,
          "leash": false
        },
        "municipality": "",
        "verified": false,
        "lastVerified": "2026-10-05",
        "sources": [
          {
            "type": "osm",
            "id": "way/1239090069",
            "retrievedAt": "2026-10-05"
          }
        ],
        "id": "osm-way-1239090069"
      },
      "geometry": {
        "type": "Point",
        "coordinates": [
          5.310637,
          60.3804494
        ]
      }
    },
    {
      "type": "Feature",
      "properties": {
        "name": "Utkjent lekeplass",
        "source": "osm",
        "sourceId": "way/1240403452",
        "images": [],
        "age": {
          "min": 0,
          "max": 16
        },
        "opening": "",
        "equipment": [],
        "rating": {
          "average": 0,
          "count": 0
        },
        "accessibility": {
          "wheelchair": "unknown",
          "stroller": "unknown"
        },
        "fenced": false,
        "toilets": false,
        "parking": {
          "free": true,
          "paid": false
        },
        "dogs": {
          "allowed": true,
          "leash": false
        },
        "municipality": "",
        "verified": false,
        "lastVerified": "2026-10-05",
        "sources": [
          {
            "type": "osm",
            "id": "way/1240403452",
            "retrievedAt": "2026-10-05"
          }
        ],
        "id": "osm-way-1240403452"
      },
      "geometry": {
        "type": "Point",
        "coordinates": [
          5.6894223,
          58.9349494
        ]
      }
    },
    {
      "type": "Feature",
      "properties": {
        "name": "Løvstakklien lekeplass",
        "source": "osm",
        "sourceId": "way/1242484278",
        "images": [],
        "age": {
          "min": 0,
          "max": 16
        },
        "opening": "",
        "equipment": [],
        "rating": {
          "average": 0,
          "count": 0
        },
        "accessibility": {
          "wheelchair": "unknown",
          "stroller": "unknown"
        },
        "fenced": false,
        "toilets": false,
        "parking": {
          "free": true,
          "paid": false
        },
        "dogs": {
          "allowed": true,
          "leash": false
        },
        "municipality": "",
        "verified": true,
        "lastVerified": "2026-10-05",
        "sources": [
          {
            "type": "osm",
            "id": "way/1242484278",
            "retrievedAt": "2026-10-05"
          }
        ],
        "id": "osm-way-1242484278"
      },
      "geometry": {
        "type": "Point",
        "coordinates": [
          5.3328005,
          60.3718515
        ]
      }
    },
    {
      "type": "Feature",
      "properties": {
        "name": "Utkjent lekeplass",
        "source": "osm",
        "sourceId": "way/1243305659",
        "images": [],
        "age": {
          "min": 0,
          "max": 16
        },
        "opening": "",
        "equipment": [],
        "rating": {
          "average": 0,
          "count": 0
        },
        "accessibility": {
          "wheelchair": "no",
          "stroller": "unknown"
        },
        "fenced": false,
        "toilets": false,
        "parking": {
          "free": true,
          "paid": false
        },
        "dogs": {
          "allowed": true,
          "leash": false
        },
        "municipality": "",
        "verified": false,
        "lastVerified": "2026-10-05",
        "sources": [
          {
            "type": "osm",
            "id": "way/1243305659",
            "retrievedAt": "2026-10-05"
          }
        ],
        "id": "osm-way-1243305659"
      },
      "geometry": {
        "type": "Point",
        "coordinates": [
          5.327844,
          60.3832206
        ]
      }
    },
    {
      "type": "Feature",
      "properties": {
        "name": "Utkjent lekeplass",
        "source": "osm",
        "sourceId": "way/1245549105",
        "images": [],
        "age": {
          "min": 0,
          "max": 16
        },
        "opening": "",
        "equipment": [],
        "rating": {
          "average": 0,
          "count": 0
        },
        "accessibility": {
          "wheelchair": "unknown",
          "stroller": "unknown"
        },
        "fenced": false,
        "toilets": false,
        "parking": {
          "free": true,
          "paid": false
        },
        "dogs": {
          "allowed": true,
          "leash": false
        },
        "municipality": "",
        "verified": false,
        "lastVerified": "2026-10-05",
        "sources": [
          {
            "type": "osm",
            "id": "way/1245549105",
            "retrievedAt": "2026-10-05"
          }
        ],
        "id": "osm-way-1245549105"
      },
      "geometry": {
        "type": "Point",
        "coordinates": [
          5.6715376,
          58.948842
        ]
      }
    },
    {
      "type": "Feature",
      "properties": {
        "name": "Utkjent lekeplass",
        "source": "osm",
        "sourceId": "way/1249721451",
        "images": [],
        "age": {
          "min": 0,
          "max": 16
        },
        "opening": "",
        "equipment": [],
        "rating": {
          "average": 0,
          "count": 0
        },
        "accessibility": {
          "wheelchair": "unknown",
          "stroller": "unknown"
        },
        "fenced": false,
        "toilets": false,
        "parking": {
          "free": true,
          "paid": false
        },
        "dogs": {
          "allowed": true,
          "leash": false
        },
        "municipality": "",
        "verified": false,
        "lastVerified": "2026-10-05",
        "sources": [
          {
            "type": "osm",
            "id": "way/1249721451",
            "retrievedAt": "2026-10-05"
          }
        ],
        "id": "osm-way-1249721451"
      },
      "geometry": {
        "type": "Point",
        "coordinates": [
          5.7175174,
          58.9640712
        ]
      }
    },
    {
      "type": "Feature",
      "properties": {
        "name": "Utkjent lekeplass",
        "source": "osm",
        "sourceId": "way/1280357227",
        "images": [],
        "age": {
          "min": 0,
          "max": 16
        },
        "opening": "",
        "equipment": [],
        "rating": {
          "average": 0,
          "count": 0
        },
        "accessibility": {
          "wheelchair": "unknown",
          "stroller": "unknown"
        },
        "fenced": false,
        "toilets": false,
        "parking": {
          "free": true,
          "paid": false
        },
        "dogs": {
          "allowed": true,
          "leash": false
        },
        "municipality": "",
        "verified": false,
        "lastVerified": "2026-10-05",
        "sources": [
          {
            "type": "osm",
            "id": "way/1280357227",
            "retrievedAt": "2026-10-05"
          }
        ],
        "id": "osm-way-1280357227"
      },
      "geometry": {
        "type": "Point",
        "coordinates": [
          5.6905572,
          58.9790744
        ]
      }
    },
    {
      "type": "Feature",
      "properties": {
        "name": "Utkjent lekeplass",
        "source": "osm",
        "sourceId": "way/1283582660",
        "images": [],
        "age": {
          "min": 0,
          "max": 16
        },
        "opening": "",
        "equipment": [],
        "rating": {
          "average": 0,
          "count": 0
        },
        "accessibility": {
          "wheelchair": "unknown",
          "stroller": "unknown"
        },
        "fenced": false,
        "toilets": false,
        "parking": {
          "free": true,
          "paid": false
        },
        "dogs": {
          "allowed": true,
          "leash": false
        },
        "municipality": "",
        "verified": false,
        "lastVerified": "2026-10-05",
        "sources": [
          {
            "type": "osm",
            "id": "way/1283582660",
            "retrievedAt": "2026-10-05"
          }
        ],
        "id": "osm-way-1283582660"
      },
      "geometry": {
        "type": "Point",
        "coordinates": [
          5.7000288,
          58.9752488
        ]
      }
    },
    {
      "type": "Feature",
      "properties": {
        "name": "Utkjent lekeplass",
        "source": "osm",
        "sourceId": "way/1284465089",
        "images": [],
        "age": {
          "min": 0,
          "max": 16
        },
        "opening": "",
        "equipment": [],
        "rating": {
          "average": 0,
          "count": 0
        },
        "accessibility": {
          "wheelchair": "unknown",
          "stroller": "unknown"
        },
        "fenced": false,
        "toilets": false,
        "parking": {
          "free": true,
          "paid": false
        },
        "dogs": {
          "allowed": true,
          "leash": false
        },
        "municipality": "",
        "verified": false,
        "lastVerified": "2026-10-05",
        "sources": [
          {
            "type": "osm",
            "id": "way/1284465089",
            "retrievedAt": "2026-10-05"
          }
        ],
        "id": "osm-way-1284465089"
      },
      "geometry": {
        "type": "Point",
        "coordinates": [
          5.7163396,
          58.9750044
        ]
      }
    },
    {
      "type": "Feature",
      "properties": {
        "name": "Utkjent lekeplass",
        "source": "osm",
        "sourceId": "way/1284465098",
        "images": [],
        "age": {
          "min": 0,
          "max": 16
        },
        "opening": "",
        "equipment": [],
        "rating": {
          "average": 0,
          "count": 0
        },
        "accessibility": {
          "wheelchair": "unknown",
          "stroller": "unknown"
        },
        "fenced": false,
        "toilets": false,
        "parking": {
          "free": true,
          "paid": false
        },
        "dogs": {
          "allowed": true,
          "leash": false
        },
        "municipality": "",
        "verified": false,
        "lastVerified": "2026-10-05",
        "sources": [
          {
            "type": "osm",
            "id": "way/1284465098",
            "retrievedAt": "2026-10-05"
          }
        ],
        "id": "osm-way-1284465098"
      },
      "geometry": {
        "type": "Point",
        "coordinates": [
          5.7075391,
          58.9780328
        ]
      }
    },
    {
      "type": "Feature",
      "properties": {
        "name": "Utkjent lekeplass",
        "source": "osm",
        "sourceId": "way/1284465099",
        "images": [],
        "age": {
          "min": 0,
          "max": 16
        },
        "opening": "",
        "equipment": [],
        "rating": {
          "average": 0,
          "count": 0
        },
        "accessibility": {
          "wheelchair": "unknown",
          "stroller": "unknown"
        },
        "fenced": false,
        "toilets": false,
        "parking": {
          "free": true,
          "paid": false
        },
        "dogs": {
          "allowed": true,
          "leash": false
        },
        "municipality": "",
        "verified": false,
        "lastVerified": "2026-10-05",
        "sources": [
          {
            "type": "osm",
            "id": "way/1284465099",
            "retrievedAt": "2026-10-05"
          }
        ],
        "id": "osm-way-1284465099"
      },
      "geometry": {
        "type": "Point",
        "coordinates": [
          5.7074156,
          58.9779674
        ]
      }
    },
    {
      "type": "Feature",
      "properties": {
        "name": "Utkjent lekeplass",
        "source": "osm",
        "sourceId": "way/1284465102",
        "images": [],
        "age": {
          "min": 0,
          "max": 16
        },
        "opening": "",
        "equipment": [],
        "rating": {
          "average": 0,
          "count": 0
        },
        "accessibility": {
          "wheelchair": "unknown",
          "stroller": "unknown"
        },
        "fenced": false,
        "toilets": false,
        "parking": {
          "free": true,
          "paid": false
        },
        "dogs": {
          "allowed": true,
          "leash": false
        },
        "municipality": "",
        "verified": false,
        "lastVerified": "2026-10-05",
        "sources": [
          {
            "type": "osm",
            "id": "way/1284465102",
            "retrievedAt": "2026-10-05"
          }
        ],
        "id": "osm-way-1284465102"
      },
      "geometry": {
        "type": "Point",
        "coordinates": [
          5.7078517,
          58.976299
        ]
      }
    },
    {
      "type": "Feature",
      "properties": {
        "name": "Utkjent lekeplass",
        "source": "osm",
        "sourceId": "way/1291294407",
        "images": [],
        "age": {
          "min": 0,
          "max": 16
        },
        "opening": "",
        "equipment": [],
        "rating": {
          "average": 0,
          "count": 0
        },
        "accessibility": {
          "wheelchair": "unknown",
          "stroller": "unknown"
        },
        "fenced": false,
        "toilets": false,
        "parking": {
          "free": true,
          "paid": false
        },
        "dogs": {
          "allowed": true,
          "leash": false
        },
        "municipality": "",
        "verified": false,
        "lastVerified": "2026-10-05",
        "sources": [
          {
            "type": "osm",
            "id": "way/1291294407",
            "retrievedAt": "2026-10-05"
          }
        ],
        "id": "osm-way-1291294407"
      },
      "geometry": {
        "type": "Point",
        "coordinates": [
          5.3348939,
          60.3748163
        ]
      }
    },
    {
      "type": "Feature",
      "properties": {
        "name": "Utkjent lekeplass",
        "source": "osm",
        "sourceId": "way/1297334891",
        "images": [],
        "age": {
          "min": 0,
          "max": 16
        },
        "opening": "",
        "equipment": [],
        "rating": {
          "average": 0,
          "count": 0
        },
        "accessibility": {
          "wheelchair": "unknown",
          "stroller": "unknown"
        },
        "fenced": false,
        "toilets": false,
        "parking": {
          "free": true,
          "paid": false
        },
        "dogs": {
          "allowed": true,
          "leash": false
        },
        "municipality": "",
        "verified": false,
        "lastVerified": "2026-10-05",
        "sources": [
          {
            "type": "osm",
            "id": "way/1297334891",
            "retrievedAt": "2026-10-05"
          }
        ],
        "id": "osm-way-1297334891"
      },
      "geometry": {
        "type": "Point",
        "coordinates": [
          5.6775362,
          58.9502832
        ]
      }
    },
    {
      "type": "Feature",
      "properties": {
        "name": "Utkjent lekeplass",
        "source": "osm",
        "sourceId": "way/1297334899",
        "images": [],
        "age": {
          "min": 0,
          "max": 16
        },
        "opening": "",
        "equipment": [],
        "rating": {
          "average": 0,
          "count": 0
        },
        "accessibility": {
          "wheelchair": "unknown",
          "stroller": "unknown"
        },
        "fenced": false,
        "toilets": false,
        "parking": {
          "free": true,
          "paid": false
        },
        "dogs": {
          "allowed": true,
          "leash": false
        },
        "municipality": "",
        "verified": false,
        "lastVerified": "2026-10-05",
        "sources": [
          {
            "type": "osm",
            "id": "way/1297334899",
            "retrievedAt": "2026-10-05"
          }
        ],
        "id": "osm-way-1297334899"
      },
      "geometry": {
        "type": "Point",
        "coordinates": [
          5.6775316,
          58.94981
        ]
      }
    },
    {
      "type": "Feature",
      "properties": {
        "name": "Utkjent lekeplass",
        "source": "osm",
        "sourceId": "way/1297334900",
        "images": [],
        "age": {
          "min": 0,
          "max": 16
        },
        "opening": "",
        "equipment": [],
        "rating": {
          "average": 0,
          "count": 0
        },
        "accessibility": {
          "wheelchair": "unknown",
          "stroller": "unknown"
        },
        "fenced": false,
        "toilets": false,
        "parking": {
          "free": true,
          "paid": false
        },
        "dogs": {
          "allowed": true,
          "leash": false
        },
        "municipality": "",
        "verified": false,
        "lastVerified": "2026-10-05",
        "sources": [
          {
            "type": "osm",
            "id": "way/1297334900",
            "retrievedAt": "2026-10-05"
          }
        ],
        "id": "osm-way-1297334900"
      },
      "geometry": {
        "type": "Point",
        "coordinates": [
          5.6781182,
          58.9498202
        ]
      }
    },
    {
      "type": "Feature",
      "properties": {
        "name": "Utkjent lekeplass",
        "source": "osm",
        "sourceId": "way/1297334901",
        "images": [],
        "age": {
          "min": 0,
          "max": 16
        },
        "opening": "",
        "equipment": [],
        "rating": {
          "average": 0,
          "count": 0
        },
        "accessibility": {
          "wheelchair": "unknown",
          "stroller": "unknown"
        },
        "fenced": false,
        "toilets": false,
        "parking": {
          "free": true,
          "paid": false
        },
        "dogs": {
          "allowed": true,
          "leash": false
        },
        "municipality": "",
        "verified": false,
        "lastVerified": "2026-10-05",
        "sources": [
          {
            "type": "osm",
            "id": "way/1297334901",
            "retrievedAt": "2026-10-05"
          }
        ],
        "id": "osm-way-1297334901"
      },
      "geometry": {
        "type": "Point",
        "coordinates": [
          5.677867,
          58.9495735
        ]
      }
    },
    {
      "type": "Feature",
      "properties": {
        "name": "Utkjent lekeplass",
        "source": "osm",
        "sourceId": "way/1297343299",
        "images": [],
        "age": {
          "min": 0,
          "max": 16
        },
        "opening": "",
        "equipment": [],
        "rating": {
          "average": 0,
          "count": 0
        },
        "accessibility": {
          "wheelchair": "unknown",
          "stroller": "unknown"
        },
        "fenced": false,
        "toilets": false,
        "parking": {
          "free": true,
          "paid": false
        },
        "dogs": {
          "allowed": true,
          "leash": false
        },
        "municipality": "",
        "verified": false,
        "lastVerified": "2026-10-05",
        "sources": [
          {
            "type": "osm",
            "id": "way/1297343299",
            "retrievedAt": "2026-10-05"
          }
        ],
        "id": "osm-way-1297343299"
      },
      "geometry": {
        "type": "Point",
        "coordinates": [
          5.6772294,
          58.9492329
        ]
      }
    },
    {
      "type": "Feature",
      "properties": {
        "name": "Utkjent lekeplass",
        "source": "osm",
        "sourceId": "way/1298751835",
        "images": [],
        "age": {
          "min": 0,
          "max": 16
        },
        "opening": "",
        "equipment": [],
        "rating": {
          "average": 0,
          "count": 0
        },
        "accessibility": {
          "wheelchair": "unknown",
          "stroller": "unknown"
        },
        "fenced": false,
        "toilets": false,
        "parking": {
          "free": true,
          "paid": false
        },
        "dogs": {
          "allowed": true,
          "leash": false
        },
        "municipality": "",
        "verified": false,
        "lastVerified": "2026-10-05",
        "sources": [
          {
            "type": "osm",
            "id": "way/1298751835",
            "retrievedAt": "2026-10-05"
          }
        ],
        "id": "osm-way-1298751835"
      },
      "geometry": {
        "type": "Point",
        "coordinates": [
          5.7200055,
          58.9205986
        ]
      }
    },
    {
      "type": "Feature",
      "properties": {
        "name": "Utkjent lekeplass",
        "source": "osm",
        "sourceId": "way/1298751851",
        "images": [],
        "age": {
          "min": 0,
          "max": 16
        },
        "opening": "",
        "equipment": [],
        "rating": {
          "average": 0,
          "count": 0
        },
        "accessibility": {
          "wheelchair": "unknown",
          "stroller": "unknown"
        },
        "fenced": false,
        "toilets": false,
        "parking": {
          "free": true,
          "paid": false
        },
        "dogs": {
          "allowed": true,
          "leash": false
        },
        "municipality": "",
        "verified": false,
        "lastVerified": "2026-10-05",
        "sources": [
          {
            "type": "osm",
            "id": "way/1298751851",
            "retrievedAt": "2026-10-05"
          }
        ],
        "id": "osm-way-1298751851"
      },
      "geometry": {
        "type": "Point",
        "coordinates": [
          5.7190052,
          58.9216526
        ]
      }
    },
    {
      "type": "Feature",
      "properties": {
        "name": "Utkjent lekeplass",
        "source": "osm",
        "sourceId": "way/1298751857",
        "images": [],
        "age": {
          "min": 0,
          "max": 16
        },
        "opening": "",
        "equipment": [],
        "rating": {
          "average": 0,
          "count": 0
        },
        "accessibility": {
          "wheelchair": "unknown",
          "stroller": "unknown"
        },
        "fenced": false,
        "toilets": false,
        "parking": {
          "free": true,
          "paid": false
        },
        "dogs": {
          "allowed": true,
          "leash": false
        },
        "municipality": "",
        "verified": false,
        "lastVerified": "2026-10-05",
        "sources": [
          {
            "type": "osm",
            "id": "way/1298751857",
            "retrievedAt": "2026-10-05"
          }
        ],
        "id": "osm-way-1298751857"
      },
      "geometry": {
        "type": "Point",
        "coordinates": [
          5.7179791,
          58.920804
        ]
      }
    },
    {
      "type": "Feature",
      "properties": {
        "name": "Utkjent lekeplass",
        "source": "osm",
        "sourceId": "way/1301727529",
        "images": [],
        "age": {
          "min": 0,
          "max": 16
        },
        "opening": "",
        "equipment": [],
        "rating": {
          "average": 0,
          "count": 0
        },
        "accessibility": {
          "wheelchair": "unknown",
          "stroller": "unknown"
        },
        "fenced": false,
        "toilets": false,
        "parking": {
          "free": true,
          "paid": false
        },
        "dogs": {
          "allowed": true,
          "leash": false
        },
        "municipality": "",
        "verified": false,
        "lastVerified": "2026-10-05",
        "sources": [
          {
            "type": "osm",
            "id": "way/1301727529",
            "retrievedAt": "2026-10-05"
          }
        ],
        "id": "osm-way-1301727529"
      },
      "geometry": {
        "type": "Point",
        "coordinates": [
          5.3394119,
          60.3631563
        ]
      }
    },
    {
      "type": "Feature",
      "properties": {
        "name": "Utkjent lekeplass",
        "source": "osm",
        "sourceId": "way/1301729325",
        "images": [],
        "age": {
          "min": 0,
          "max": 16
        },
        "opening": "",
        "equipment": [],
        "rating": {
          "average": 0,
          "count": 0
        },
        "accessibility": {
          "wheelchair": "unknown",
          "stroller": "unknown"
        },
        "fenced": false,
        "toilets": false,
        "parking": {
          "free": true,
          "paid": false
        },
        "dogs": {
          "allowed": true,
          "leash": false
        },
        "municipality": "",
        "verified": false,
        "lastVerified": "2026-10-05",
        "sources": [
          {
            "type": "osm",
            "id": "way/1301729325",
            "retrievedAt": "2026-10-05"
          }
        ],
        "id": "osm-way-1301729325"
      },
      "geometry": {
        "type": "Point",
        "coordinates": [
          5.3125999,
          60.3813637
        ]
      }
    },
    {
      "type": "Feature",
      "properties": {
        "name": "Utkjent lekeplass",
        "source": "osm",
        "sourceId": "way/1303039972",
        "images": [],
        "age": {
          "min": 0,
          "max": 16
        },
        "opening": "",
        "equipment": [],
        "rating": {
          "average": 0,
          "count": 0
        },
        "accessibility": {
          "wheelchair": "unknown",
          "stroller": "unknown"
        },
        "fenced": false,
        "toilets": false,
        "parking": {
          "free": true,
          "paid": false
        },
        "dogs": {
          "allowed": true,
          "leash": false
        },
        "municipality": "",
        "verified": false,
        "lastVerified": "2026-10-05",
        "sources": [
          {
            "type": "osm",
            "id": "way/1303039972",
            "retrievedAt": "2026-10-05"
          }
        ],
        "id": "osm-way-1303039972"
      },
      "geometry": {
        "type": "Point",
        "coordinates": [
          5.3689384,
          60.3610857
        ]
      }
    },
    {
      "type": "Feature",
      "properties": {
        "name": "Hordagaten lekeplass",
        "source": "osm",
        "sourceId": "way/1303273909",
        "images": [],
        "age": {
          "min": 0,
          "max": 16
        },
        "opening": "",
        "equipment": [],
        "rating": {
          "average": 0,
          "count": 0
        },
        "accessibility": {
          "wheelchair": "yes",
          "stroller": "unknown"
        },
        "fenced": false,
        "toilets": false,
        "parking": {
          "free": true,
          "paid": false
        },
        "dogs": {
          "allowed": true,
          "leash": false
        },
        "municipality": "",
        "verified": true,
        "lastVerified": "2026-10-05",
        "sources": [
          {
            "type": "osm",
            "id": "way/1303273909",
            "retrievedAt": "2026-10-05"
          }
        ],
        "id": "osm-way-1303273909"
      },
      "geometry": {
        "type": "Point",
        "coordinates": [
          5.3357377,
          60.3708603
        ]
      }
    },
    {
      "type": "Feature",
      "properties": {
        "name": "Utkjent lekeplass",
        "source": "osm",
        "sourceId": "way/1303273910",
        "images": [],
        "age": {
          "min": 0,
          "max": 16
        },
        "opening": "",
        "equipment": [],
        "rating": {
          "average": 0,
          "count": 0
        },
        "accessibility": {
          "wheelchair": "limited",
          "stroller": "unknown"
        },
        "fenced": false,
        "toilets": false,
        "parking": {
          "free": true,
          "paid": false
        },
        "dogs": {
          "allowed": true,
          "leash": false
        },
        "municipality": "",
        "verified": false,
        "lastVerified": "2026-10-05",
        "sources": [
          {
            "type": "osm",
            "id": "way/1303273910",
            "retrievedAt": "2026-10-05"
          }
        ],
        "id": "osm-way-1303273910"
      },
      "geometry": {
        "type": "Point",
        "coordinates": [
          5.3363526,
          60.3668845
        ]
      }
    },
    {
      "type": "Feature",
      "properties": {
        "name": "Dragesmauet lekeplass",
        "source": "osm",
        "sourceId": "way/1303273912",
        "images": [],
        "age": {
          "min": 0,
          "max": 16
        },
        "opening": "",
        "equipment": [],
        "rating": {
          "average": 0,
          "count": 0
        },
        "accessibility": {
          "wheelchair": "unknown",
          "stroller": "unknown"
        },
        "fenced": false,
        "toilets": false,
        "parking": {
          "free": true,
          "paid": false
        },
        "dogs": {
          "allowed": true,
          "leash": false
        },
        "municipality": "",
        "verified": true,
        "lastVerified": "2026-10-05",
        "sources": [
          {
            "type": "osm",
            "id": "way/1303273912",
            "retrievedAt": "2026-10-05"
          }
        ],
        "id": "osm-way-1303273912"
      },
      "geometry": {
        "type": "Point",
        "coordinates": [
          5.316059,
          60.3895294
        ]
      }
    },
    {
      "type": "Feature",
      "properties": {
        "name": "Utkjent lekeplass",
        "source": "osm",
        "sourceId": "way/1303273913",
        "images": [],
        "age": {
          "min": 0,
          "max": 16
        },
        "opening": "",
        "equipment": [],
        "rating": {
          "average": 0,
          "count": 0
        },
        "accessibility": {
          "wheelchair": "unknown",
          "stroller": "unknown"
        },
        "fenced": false,
        "toilets": false,
        "parking": {
          "free": true,
          "paid": false
        },
        "dogs": {
          "allowed": true,
          "leash": false
        },
        "municipality": "",
        "verified": false,
        "lastVerified": "2026-10-05",
        "sources": [
          {
            "type": "osm",
            "id": "way/1303273913",
            "retrievedAt": "2026-10-05"
          }
        ],
        "id": "osm-way-1303273913"
      },
      "geometry": {
        "type": "Point",
        "coordinates": [
          5.3231348,
          60.3888223
        ]
      }
    },
    {
      "type": "Feature",
      "properties": {
        "name": "Fosswinckelgate lekeplass",
        "source": "osm",
        "sourceId": "way/1303273914",
        "images": [],
        "age": {
          "min": 0,
          "max": 16
        },
        "opening": "",
        "equipment": [],
        "rating": {
          "average": 0,
          "count": 0
        },
        "accessibility": {
          "wheelchair": "unknown",
          "stroller": "unknown"
        },
        "fenced": false,
        "toilets": false,
        "parking": {
          "free": true,
          "paid": false
        },
        "dogs": {
          "allowed": true,
          "leash": false
        },
        "municipality": "",
        "verified": true,
        "lastVerified": "2026-10-05",
        "sources": [
          {
            "type": "osm",
            "id": "way/1303273914",
            "retrievedAt": "2026-10-05"
          }
        ],
        "id": "osm-way-1303273914"
      },
      "geometry": {
        "type": "Point",
        "coordinates": [
          5.3285216,
          60.3862446
        ]
      }
    },
    {
      "type": "Feature",
      "properties": {
        "name": "Utkjent lekeplass",
        "source": "osm",
        "sourceId": "way/1303273923",
        "images": [],
        "age": {
          "min": 0,
          "max": 16
        },
        "opening": "",
        "equipment": [],
        "rating": {
          "average": 0,
          "count": 0
        },
        "accessibility": {
          "wheelchair": "unknown",
          "stroller": "unknown"
        },
        "fenced": false,
        "toilets": false,
        "parking": {
          "free": true,
          "paid": false
        },
        "dogs": {
          "allowed": true,
          "leash": false
        },
        "municipality": "",
        "verified": false,
        "lastVerified": "2026-10-05",
        "sources": [
          {
            "type": "osm",
            "id": "way/1303273923",
            "retrievedAt": "2026-10-05"
          }
        ],
        "id": "osm-way-1303273923"
      },
      "geometry": {
        "type": "Point",
        "coordinates": [
          5.3322622,
          60.3918492
        ]
      }
    },
    {
      "type": "Feature",
      "properties": {
        "name": "Utkjent lekeplass",
        "source": "osm",
        "sourceId": "way/1303685939",
        "images": [],
        "age": {
          "min": 0,
          "max": 16
        },
        "opening": "",
        "equipment": [],
        "rating": {
          "average": 0,
          "count": 0
        },
        "accessibility": {
          "wheelchair": "unknown",
          "stroller": "unknown"
        },
        "fenced": false,
        "toilets": false,
        "parking": {
          "free": true,
          "paid": false
        },
        "dogs": {
          "allowed": true,
          "leash": false
        },
        "municipality": "",
        "verified": false,
        "lastVerified": "2026-10-05",
        "sources": [
          {
            "type": "osm",
            "id": "way/1303685939",
            "retrievedAt": "2026-10-05"
          }
        ],
        "id": "osm-way-1303685939"
      },
      "geometry": {
        "type": "Point",
        "coordinates": [
          5.3556807,
          60.3672065
        ]
      }
    },
    {
      "type": "Feature",
      "properties": {
        "name": "Utkjent lekeplass",
        "source": "osm",
        "sourceId": "way/1303685943",
        "images": [],
        "age": {
          "min": 0,
          "max": 16
        },
        "opening": "",
        "equipment": [],
        "rating": {
          "average": 0,
          "count": 0
        },
        "accessibility": {
          "wheelchair": "unknown",
          "stroller": "unknown"
        },
        "fenced": false,
        "toilets": false,
        "parking": {
          "free": true,
          "paid": false
        },
        "dogs": {
          "allowed": true,
          "leash": false
        },
        "municipality": "",
        "verified": false,
        "lastVerified": "2026-10-05",
        "sources": [
          {
            "type": "osm",
            "id": "way/1303685943",
            "retrievedAt": "2026-10-05"
          }
        ],
        "id": "osm-way-1303685943"
      },
      "geometry": {
        "type": "Point",
        "coordinates": [
          5.343325,
          60.371931
        ]
      }
    },
    {
      "type": "Feature",
      "properties": {
        "name": "Utkjent lekeplass",
        "source": "osm",
        "sourceId": "way/1303685944",
        "images": [],
        "age": {
          "min": 0,
          "max": 16
        },
        "opening": "",
        "equipment": [],
        "rating": {
          "average": 0,
          "count": 0
        },
        "accessibility": {
          "wheelchair": "unknown",
          "stroller": "unknown"
        },
        "fenced": false,
        "toilets": false,
        "parking": {
          "free": true,
          "paid": false
        },
        "dogs": {
          "allowed": true,
          "leash": false
        },
        "municipality": "",
        "verified": false,
        "lastVerified": "2026-10-05",
        "sources": [
          {
            "type": "osm",
            "id": "way/1303685944",
            "retrievedAt": "2026-10-05"
          }
        ],
        "id": "osm-way-1303685944"
      },
      "geometry": {
        "type": "Point",
        "coordinates": [
          5.3431141,
          60.3726216
        ]
      }
    },
    {
      "type": "Feature",
      "properties": {
        "name": "Utkjent lekeplass",
        "source": "osm",
        "sourceId": "way/1303883194",
        "images": [],
        "age": {
          "min": 0,
          "max": 16
        },
        "opening": "",
        "equipment": [],
        "rating": {
          "average": 0,
          "count": 0
        },
        "accessibility": {
          "wheelchair": "unknown",
          "stroller": "unknown"
        },
        "fenced": false,
        "toilets": false,
        "parking": {
          "free": true,
          "paid": false
        },
        "dogs": {
          "allowed": true,
          "leash": false
        },
        "municipality": "",
        "verified": false,
        "lastVerified": "2026-10-05",
        "sources": [
          {
            "type": "osm",
            "id": "way/1303883194",
            "retrievedAt": "2026-10-05"
          }
        ],
        "id": "osm-way-1303883194"
      },
      "geometry": {
        "type": "Point",
        "coordinates": [
          5.3254306,
          60.3796694
        ]
      }
    },
    {
      "type": "Feature",
      "properties": {
        "name": "Utkjent lekeplass",
        "source": "osm",
        "sourceId": "way/1305046858",
        "images": [],
        "age": {
          "min": 0,
          "max": 16
        },
        "opening": "",
        "equipment": [],
        "rating": {
          "average": 0,
          "count": 0
        },
        "accessibility": {
          "wheelchair": "unknown",
          "stroller": "unknown"
        },
        "fenced": false,
        "toilets": false,
        "parking": {
          "free": true,
          "paid": false
        },
        "dogs": {
          "allowed": true,
          "leash": false
        },
        "municipality": "",
        "verified": false,
        "lastVerified": "2026-10-05",
        "sources": [
          {
            "type": "osm",
            "id": "way/1305046858",
            "retrievedAt": "2026-10-05"
          }
        ],
        "id": "osm-way-1305046858"
      },
      "geometry": {
        "type": "Point",
        "coordinates": [
          5.3504857,
          60.3795052
        ]
      }
    },
    {
      "type": "Feature",
      "properties": {
        "name": "Stemmeveien lekeplass",
        "source": "osm",
        "sourceId": "way/1307043993",
        "images": [],
        "age": {
          "min": 0,
          "max": 16
        },
        "opening": "",
        "equipment": [],
        "rating": {
          "average": 0,
          "count": 0
        },
        "accessibility": {
          "wheelchair": "unknown",
          "stroller": "unknown"
        },
        "fenced": false,
        "toilets": false,
        "parking": {
          "free": true,
          "paid": false
        },
        "dogs": {
          "allowed": true,
          "leash": false
        },
        "municipality": "",
        "verified": true,
        "lastVerified": "2026-10-05",
        "sources": [
          {
            "type": "osm",
            "id": "way/1307043993",
            "retrievedAt": "2026-10-05"
          }
        ],
        "id": "osm-way-1307043993"
      },
      "geometry": {
        "type": "Point",
        "coordinates": [
          5.3648185,
          60.3825109
        ]
      }
    },
    {
      "type": "Feature",
      "properties": {
        "name": "Utkjent lekeplass",
        "source": "osm",
        "sourceId": "way/1309018614",
        "images": [],
        "age": {
          "min": 0,
          "max": 16
        },
        "opening": "",
        "equipment": [],
        "rating": {
          "average": 0,
          "count": 0
        },
        "accessibility": {
          "wheelchair": "unknown",
          "stroller": "unknown"
        },
        "fenced": false,
        "toilets": false,
        "parking": {
          "free": true,
          "paid": false
        },
        "dogs": {
          "allowed": true,
          "leash": false
        },
        "municipality": "",
        "verified": false,
        "lastVerified": "2026-10-05",
        "sources": [
          {
            "type": "osm",
            "id": "way/1309018614",
            "retrievedAt": "2026-10-05"
          }
        ],
        "id": "osm-way-1309018614"
      },
      "geometry": {
        "type": "Point",
        "coordinates": [
          5.3699848,
          60.3658077
        ]
      }
    },
    {
      "type": "Feature",
      "properties": {
        "name": "Utkjent lekeplass",
        "source": "osm",
        "sourceId": "way/1309018646",
        "images": [],
        "age": {
          "min": 0,
          "max": 16
        },
        "opening": "",
        "equipment": [],
        "rating": {
          "average": 0,
          "count": 0
        },
        "accessibility": {
          "wheelchair": "unknown",
          "stroller": "unknown"
        },
        "fenced": false,
        "toilets": false,
        "parking": {
          "free": true,
          "paid": false
        },
        "dogs": {
          "allowed": true,
          "leash": false
        },
        "municipality": "",
        "verified": false,
        "lastVerified": "2026-10-05",
        "sources": [
          {
            "type": "osm",
            "id": "way/1309018646",
            "retrievedAt": "2026-10-05"
          }
        ],
        "id": "osm-way-1309018646"
      },
      "geometry": {
        "type": "Point",
        "coordinates": [
          5.3475002,
          60.3753577
        ]
      }
    },
    {
      "type": "Feature",
      "properties": {
        "name": "Utkjent lekeplass",
        "source": "osm",
        "sourceId": "way/1309018647",
        "images": [],
        "age": {
          "min": 0,
          "max": 16
        },
        "opening": "",
        "equipment": [],
        "rating": {
          "average": 0,
          "count": 0
        },
        "accessibility": {
          "wheelchair": "unknown",
          "stroller": "unknown"
        },
        "fenced": false,
        "toilets": false,
        "parking": {
          "free": true,
          "paid": false
        },
        "dogs": {
          "allowed": true,
          "leash": false
        },
        "municipality": "",
        "verified": false,
        "lastVerified": "2026-10-05",
        "sources": [
          {
            "type": "osm",
            "id": "way/1309018647",
            "retrievedAt": "2026-10-05"
          }
        ],
        "id": "osm-way-1309018647"
      },
      "geometry": {
        "type": "Point",
        "coordinates": [
          5.3480097,
          60.3751891
        ]
      }
    },
    {
      "type": "Feature",
      "properties": {
        "name": "Utkjent lekeplass",
        "source": "osm",
        "sourceId": "way/1309018651",
        "images": [],
        "age": {
          "min": 0,
          "max": 16
        },
        "opening": "",
        "equipment": [],
        "rating": {
          "average": 0,
          "count": 0
        },
        "accessibility": {
          "wheelchair": "unknown",
          "stroller": "unknown"
        },
        "fenced": false,
        "toilets": false,
        "parking": {
          "free": true,
          "paid": false
        },
        "dogs": {
          "allowed": true,
          "leash": false
        },
        "municipality": "",
        "verified": false,
        "lastVerified": "2026-10-05",
        "sources": [
          {
            "type": "osm",
            "id": "way/1309018651",
            "retrievedAt": "2026-10-05"
          }
        ],
        "id": "osm-way-1309018651"
      },
      "geometry": {
        "type": "Point",
        "coordinates": [
          5.348422,
          60.375613
        ]
      }
    },
    {
      "type": "Feature",
      "properties": {
        "name": "Utkjent lekeplass",
        "source": "osm",
        "sourceId": "way/1309018652",
        "images": [],
        "age": {
          "min": 0,
          "max": 16
        },
        "opening": "",
        "equipment": [],
        "rating": {
          "average": 0,
          "count": 0
        },
        "accessibility": {
          "wheelchair": "unknown",
          "stroller": "unknown"
        },
        "fenced": false,
        "toilets": false,
        "parking": {
          "free": true,
          "paid": false
        },
        "dogs": {
          "allowed": true,
          "leash": false
        },
        "municipality": "",
        "verified": false,
        "lastVerified": "2026-10-05",
        "sources": [
          {
            "type": "osm",
            "id": "way/1309018652",
            "retrievedAt": "2026-10-05"
          }
        ],
        "id": "osm-way-1309018652"
      },
      "geometry": {
        "type": "Point",
        "coordinates": [
          5.3482272,
          60.3761097
        ]
      }
    },
    {
      "type": "Feature",
      "properties": {
        "name": "Utkjent lekeplass",
        "source": "osm",
        "sourceId": "way/1309020827",
        "images": [],
        "age": {
          "min": 0,
          "max": 16
        },
        "opening": "",
        "equipment": [],
        "rating": {
          "average": 0,
          "count": 0
        },
        "accessibility": {
          "wheelchair": "unknown",
          "stroller": "unknown"
        },
        "fenced": false,
        "toilets": false,
        "parking": {
          "free": true,
          "paid": false
        },
        "dogs": {
          "allowed": true,
          "leash": false
        },
        "municipality": "",
        "verified": false,
        "lastVerified": "2026-10-05",
        "sources": [
          {
            "type": "osm",
            "id": "way/1309020827",
            "retrievedAt": "2026-10-05"
          }
        ],
        "id": "osm-way-1309020827"
      },
      "geometry": {
        "type": "Point",
        "coordinates": [
          5.3424549,
          60.3732522
        ]
      }
    },
    {
      "type": "Feature",
      "properties": {
        "name": "Utkjent lekeplass",
        "source": "osm",
        "sourceId": "way/1309825575",
        "images": [],
        "age": {
          "min": 0,
          "max": 16
        },
        "opening": "",
        "equipment": [],
        "rating": {
          "average": 0,
          "count": 0
        },
        "accessibility": {
          "wheelchair": "unknown",
          "stroller": "unknown"
        },
        "fenced": false,
        "toilets": false,
        "parking": {
          "free": true,
          "paid": false
        },
        "dogs": {
          "allowed": true,
          "leash": false
        },
        "municipality": "",
        "verified": false,
        "lastVerified": "2026-10-05",
        "sources": [
          {
            "type": "osm",
            "id": "way/1309825575",
            "retrievedAt": "2026-10-05"
          }
        ],
        "id": "osm-way-1309825575"
      },
      "geometry": {
        "type": "Point",
        "coordinates": [
          5.3401892,
          60.3645627
        ]
      }
    },
    {
      "type": "Feature",
      "properties": {
        "name": "Utkjent lekeplass",
        "source": "osm",
        "sourceId": "way/1309825580",
        "images": [],
        "age": {
          "min": 0,
          "max": 16
        },
        "opening": "",
        "equipment": [],
        "rating": {
          "average": 0,
          "count": 0
        },
        "accessibility": {
          "wheelchair": "unknown",
          "stroller": "unknown"
        },
        "fenced": false,
        "toilets": false,
        "parking": {
          "free": true,
          "paid": false
        },
        "dogs": {
          "allowed": true,
          "leash": false
        },
        "municipality": "",
        "verified": false,
        "lastVerified": "2026-10-05",
        "sources": [
          {
            "type": "osm",
            "id": "way/1309825580",
            "retrievedAt": "2026-10-05"
          }
        ],
        "id": "osm-way-1309825580"
      },
      "geometry": {
        "type": "Point",
        "coordinates": [
          5.3399782,
          60.3593786
        ]
      }
    },
    {
      "type": "Feature",
      "properties": {
        "name": "Grønnestølen barnepark",
        "source": "osm",
        "sourceId": "way/1309825589",
        "images": [],
        "age": {
          "min": 0,
          "max": 16
        },
        "opening": "",
        "equipment": [],
        "rating": {
          "average": 0,
          "count": 0
        },
        "accessibility": {
          "wheelchair": "unknown",
          "stroller": "unknown"
        },
        "fenced": false,
        "toilets": false,
        "parking": {
          "free": true,
          "paid": false
        },
        "dogs": {
          "allowed": true,
          "leash": false
        },
        "municipality": "",
        "verified": true,
        "lastVerified": "2026-10-05",
        "sources": [
          {
            "type": "osm",
            "id": "way/1309825589",
            "retrievedAt": "2026-10-05"
          }
        ],
        "id": "osm-way-1309825589"
      },
      "geometry": {
        "type": "Point",
        "coordinates": [
          5.3364988,
          60.3558792
        ]
      }
    },
    {
      "type": "Feature",
      "properties": {
        "name": "Utkjent lekeplass",
        "source": "osm",
        "sourceId": "way/1310493504",
        "images": [],
        "age": {
          "min": 0,
          "max": 16
        },
        "opening": "",
        "equipment": [],
        "rating": {
          "average": 0,
          "count": 0
        },
        "accessibility": {
          "wheelchair": "unknown",
          "stroller": "unknown"
        },
        "fenced": false,
        "toilets": false,
        "parking": {
          "free": true,
          "paid": false
        },
        "dogs": {
          "allowed": true,
          "leash": false
        },
        "municipality": "",
        "verified": false,
        "lastVerified": "2026-10-05",
        "sources": [
          {
            "type": "osm",
            "id": "way/1310493504",
            "retrievedAt": "2026-10-05"
          }
        ],
        "id": "osm-way-1310493504"
      },
      "geometry": {
        "type": "Point",
        "coordinates": [
          5.3393442,
          60.3638329
        ]
      }
    },
    {
      "type": "Feature",
      "properties": {
        "name": "Utkjent lekeplass",
        "source": "osm",
        "sourceId": "way/1311240791",
        "images": [],
        "age": {
          "min": 0,
          "max": 16
        },
        "opening": "",
        "equipment": [],
        "rating": {
          "average": 0,
          "count": 0
        },
        "accessibility": {
          "wheelchair": "unknown",
          "stroller": "unknown"
        },
        "fenced": false,
        "toilets": false,
        "parking": {
          "free": true,
          "paid": false
        },
        "dogs": {
          "allowed": true,
          "leash": false
        },
        "municipality": "",
        "verified": false,
        "lastVerified": "2026-10-05",
        "sources": [
          {
            "type": "osm",
            "id": "way/1311240791",
            "retrievedAt": "2026-10-05"
          }
        ],
        "id": "osm-way-1311240791"
      },
      "geometry": {
        "type": "Point",
        "coordinates": [
          5.3358025,
          60.3542666
        ]
      }
    },
    {
      "type": "Feature",
      "properties": {
        "name": "Ibsens gate lekeplass",
        "source": "osm",
        "sourceId": "way/1311500804",
        "images": [],
        "age": {
          "min": 0,
          "max": 16
        },
        "opening": "",
        "equipment": [],
        "rating": {
          "average": 0,
          "count": 0
        },
        "accessibility": {
          "wheelchair": "unknown",
          "stroller": "unknown"
        },
        "fenced": false,
        "toilets": false,
        "parking": {
          "free": true,
          "paid": false
        },
        "dogs": {
          "allowed": true,
          "leash": false
        },
        "municipality": "",
        "verified": true,
        "lastVerified": "2026-10-05",
        "sources": [
          {
            "type": "osm",
            "id": "way/1311500804",
            "retrievedAt": "2026-10-05"
          }
        ],
        "id": "osm-way-1311500804"
      },
      "geometry": {
        "type": "Point",
        "coordinates": [
          5.3402011,
          60.3770555
        ]
      }
    },
    {
      "type": "Feature",
      "properties": {
        "name": "Utkjent lekeplass",
        "source": "osm",
        "sourceId": "way/1311572451",
        "images": [],
        "age": {
          "min": 0,
          "max": 16
        },
        "opening": "",
        "equipment": [],
        "rating": {
          "average": 0,
          "count": 0
        },
        "accessibility": {
          "wheelchair": "unknown",
          "stroller": "unknown"
        },
        "fenced": false,
        "toilets": false,
        "parking": {
          "free": true,
          "paid": false
        },
        "dogs": {
          "allowed": true,
          "leash": false
        },
        "municipality": "",
        "verified": false,
        "lastVerified": "2026-10-05",
        "sources": [
          {
            "type": "osm",
            "id": "way/1311572451",
            "retrievedAt": "2026-10-05"
          }
        ],
        "id": "osm-way-1311572451"
      },
      "geometry": {
        "type": "Point",
        "coordinates": [
          5.3400894,
          60.3598777
        ]
      }
    },
    {
      "type": "Feature",
      "properties": {
        "name": "Utkjent lekeplass",
        "source": "osm",
        "sourceId": "way/1311778356",
        "images": [],
        "age": {
          "min": 0,
          "max": 16
        },
        "opening": "",
        "equipment": [],
        "rating": {
          "average": 0,
          "count": 0
        },
        "accessibility": {
          "wheelchair": "unknown",
          "stroller": "unknown"
        },
        "fenced": false,
        "toilets": false,
        "parking": {
          "free": true,
          "paid": false
        },
        "dogs": {
          "allowed": true,
          "leash": false
        },
        "municipality": "",
        "verified": false,
        "lastVerified": "2026-10-05",
        "sources": [
          {
            "type": "osm",
            "id": "way/1311778356",
            "retrievedAt": "2026-10-05"
          }
        ],
        "id": "osm-way-1311778356"
      },
      "geometry": {
        "type": "Point",
        "coordinates": [
          5.3481105,
          60.365401
        ]
      }
    },
    {
      "type": "Feature",
      "properties": {
        "name": "Utkjent lekeplass",
        "source": "osm",
        "sourceId": "way/1312227780",
        "images": [],
        "age": {
          "min": 0,
          "max": 16
        },
        "opening": "",
        "equipment": [],
        "rating": {
          "average": 0,
          "count": 0
        },
        "accessibility": {
          "wheelchair": "unknown",
          "stroller": "unknown"
        },
        "fenced": false,
        "toilets": false,
        "parking": {
          "free": true,
          "paid": false
        },
        "dogs": {
          "allowed": true,
          "leash": false
        },
        "municipality": "",
        "verified": false,
        "lastVerified": "2026-10-05",
        "sources": [
          {
            "type": "osm",
            "id": "way/1312227780",
            "retrievedAt": "2026-10-05"
          }
        ],
        "id": "osm-way-1312227780"
      },
      "geometry": {
        "type": "Point",
        "coordinates": [
          5.3577015,
          60.3727139
        ]
      }
    },
    {
      "type": "Feature",
      "properties": {
        "name": "Nylundsveien nærmiljøanlegg",
        "source": "osm",
        "sourceId": "way/1312805952",
        "images": [],
        "age": {
          "min": 0,
          "max": 16
        },
        "opening": "",
        "equipment": [],
        "rating": {
          "average": 0,
          "count": 0
        },
        "accessibility": {
          "wheelchair": "unknown",
          "stroller": "unknown"
        },
        "fenced": false,
        "toilets": false,
        "parking": {
          "free": true,
          "paid": false
        },
        "dogs": {
          "allowed": true,
          "leash": false
        },
        "municipality": "",
        "verified": true,
        "lastVerified": "2026-10-05",
        "sources": [
          {
            "type": "osm",
            "id": "way/1312805952",
            "retrievedAt": "2026-10-05"
          }
        ],
        "id": "osm-way-1312805952"
      },
      "geometry": {
        "type": "Point",
        "coordinates": [
          5.3107901,
          60.3825881
        ]
      }
    },
    {
      "type": "Feature",
      "properties": {
        "name": "Utkjent lekeplass",
        "source": "osm",
        "sourceId": "way/1313487598",
        "images": [],
        "age": {
          "min": 0,
          "max": 16
        },
        "opening": "",
        "equipment": [],
        "rating": {
          "average": 0,
          "count": 0
        },
        "accessibility": {
          "wheelchair": "unknown",
          "stroller": "unknown"
        },
        "fenced": false,
        "toilets": false,
        "parking": {
          "free": true,
          "paid": false
        },
        "dogs": {
          "allowed": true,
          "leash": false
        },
        "municipality": "",
        "verified": false,
        "lastVerified": "2026-10-05",
        "sources": [
          {
            "type": "osm",
            "id": "way/1313487598",
            "retrievedAt": "2026-10-05"
          }
        ],
        "id": "osm-way-1313487598"
      },
      "geometry": {
        "type": "Point",
        "coordinates": [
          5.3542117,
          60.3708201
        ]
      }
    },
    {
      "type": "Feature",
      "properties": {
        "name": "Utkjent lekeplass",
        "source": "osm",
        "sourceId": "way/1313497442",
        "images": [],
        "age": {
          "min": 0,
          "max": 16
        },
        "opening": "",
        "equipment": [],
        "rating": {
          "average": 0,
          "count": 0
        },
        "accessibility": {
          "wheelchair": "unknown",
          "stroller": "unknown"
        },
        "fenced": false,
        "toilets": false,
        "parking": {
          "free": true,
          "paid": false
        },
        "dogs": {
          "allowed": true,
          "leash": false
        },
        "municipality": "",
        "verified": false,
        "lastVerified": "2026-10-05",
        "sources": [
          {
            "type": "osm",
            "id": "way/1313497442",
            "retrievedAt": "2026-10-05"
          }
        ],
        "id": "osm-way-1313497442"
      },
      "geometry": {
        "type": "Point",
        "coordinates": [
          5.3595751,
          60.3640872
        ]
      }
    },
    {
      "type": "Feature",
      "properties": {
        "name": "Utkjent lekeplass",
        "source": "osm",
        "sourceId": "way/1313497452",
        "images": [],
        "age": {
          "min": 0,
          "max": 16
        },
        "opening": "",
        "equipment": [],
        "rating": {
          "average": 0,
          "count": 0
        },
        "accessibility": {
          "wheelchair": "unknown",
          "stroller": "unknown"
        },
        "fenced": false,
        "toilets": false,
        "parking": {
          "free": true,
          "paid": false
        },
        "dogs": {
          "allowed": true,
          "leash": false
        },
        "municipality": "",
        "verified": false,
        "lastVerified": "2026-10-05",
        "sources": [
          {
            "type": "osm",
            "id": "way/1313497452",
            "retrievedAt": "2026-10-05"
          }
        ],
        "id": "osm-way-1313497452"
      },
      "geometry": {
        "type": "Point",
        "coordinates": [
          5.360719,
          60.3614532
        ]
      }
    },
    {
      "type": "Feature",
      "properties": {
        "name": "Henrik Mohns vei lekeplass",
        "source": "osm",
        "sourceId": "way/1313497475",
        "images": [],
        "age": {
          "min": 0,
          "max": 16
        },
        "opening": "",
        "equipment": [],
        "rating": {
          "average": 0,
          "count": 0
        },
        "accessibility": {
          "wheelchair": "unknown",
          "stroller": "unknown"
        },
        "fenced": false,
        "toilets": false,
        "parking": {
          "free": true,
          "paid": false
        },
        "dogs": {
          "allowed": true,
          "leash": false
        },
        "municipality": "",
        "verified": true,
        "lastVerified": "2026-10-05",
        "sources": [
          {
            "type": "osm",
            "id": "way/1313497475",
            "retrievedAt": "2026-10-05"
          }
        ],
        "id": "osm-way-1313497475"
      },
      "geometry": {
        "type": "Point",
        "coordinates": [
          5.3576733,
          60.3609909
        ]
      }
    },
    {
      "type": "Feature",
      "properties": {
        "name": "Bendixens vei lekeplass",
        "source": "osm",
        "sourceId": "way/1313499048",
        "images": [],
        "age": {
          "min": 0,
          "max": 16
        },
        "opening": "",
        "equipment": [],
        "rating": {
          "average": 0,
          "count": 0
        },
        "accessibility": {
          "wheelchair": "unknown",
          "stroller": "unknown"
        },
        "fenced": false,
        "toilets": false,
        "parking": {
          "free": true,
          "paid": false
        },
        "dogs": {
          "allowed": true,
          "leash": false
        },
        "municipality": "",
        "verified": true,
        "lastVerified": "2026-10-05",
        "sources": [
          {
            "type": "osm",
            "id": "way/1313499048",
            "retrievedAt": "2026-10-05"
          }
        ],
        "id": "osm-way-1313499048"
      },
      "geometry": {
        "type": "Point",
        "coordinates": [
          5.3532298,
          60.3614134
        ]
      }
    },
    {
      "type": "Feature",
      "properties": {
        "name": "Utkjent lekeplass",
        "source": "osm",
        "sourceId": "way/1315091155",
        "images": [],
        "age": {
          "min": 0,
          "max": 16
        },
        "opening": "",
        "equipment": [],
        "rating": {
          "average": 0,
          "count": 0
        },
        "accessibility": {
          "wheelchair": "unknown",
          "stroller": "unknown"
        },
        "fenced": false,
        "toilets": false,
        "parking": {
          "free": true,
          "paid": false
        },
        "dogs": {
          "allowed": true,
          "leash": false
        },
        "municipality": "",
        "verified": false,
        "lastVerified": "2026-10-05",
        "sources": [
          {
            "type": "osm",
            "id": "way/1315091155",
            "retrievedAt": "2026-10-05"
          }
        ],
        "id": "osm-way-1315091155"
      },
      "geometry": {
        "type": "Point",
        "coordinates": [
          5.332404,
          60.3907236
        ]
      }
    },
    {
      "type": "Feature",
      "properties": {
        "name": "Utkjent lekeplass",
        "source": "osm",
        "sourceId": "way/1315091156",
        "images": [],
        "age": {
          "min": 0,
          "max": 16
        },
        "opening": "",
        "equipment": [],
        "rating": {
          "average": 0,
          "count": 0
        },
        "accessibility": {
          "wheelchair": "unknown",
          "stroller": "unknown"
        },
        "fenced": false,
        "toilets": false,
        "parking": {
          "free": true,
          "paid": false
        },
        "dogs": {
          "allowed": true,
          "leash": false
        },
        "municipality": "",
        "verified": false,
        "lastVerified": "2026-10-05",
        "sources": [
          {
            "type": "osm",
            "id": "way/1315091156",
            "retrievedAt": "2026-10-05"
          }
        ],
        "id": "osm-way-1315091156"
      },
      "geometry": {
        "type": "Point",
        "coordinates": [
          5.332229,
          60.3910706
        ]
      }
    },
    {
      "type": "Feature",
      "properties": {
        "name": "Klatrelek",
        "source": "osm",
        "sourceId": "way/1315716887",
        "images": [],
        "age": {
          "min": 7,
          "max": 16
        },
        "opening": "",
        "equipment": [],
        "rating": {
          "average": 0,
          "count": 0
        },
        "accessibility": {
          "wheelchair": "unknown",
          "stroller": "unknown"
        },
        "fenced": false,
        "toilets": false,
        "parking": {
          "free": true,
          "paid": false
        },
        "dogs": {
          "allowed": true,
          "leash": false
        },
        "municipality": "",
        "verified": true,
        "lastVerified": "2026-10-05",
        "sources": [
          {
            "type": "osm",
            "id": "way/1315716887",
            "retrievedAt": "2026-10-05"
          }
        ],
        "id": "osm-way-1315716887"
      },
      "geometry": {
        "type": "Point",
        "coordinates": [
          5.3439006,
          60.3965308
        ]
      }
    },
    {
      "type": "Feature",
      "properties": {
        "name": "Utkjent lekeplass",
        "source": "osm",
        "sourceId": "way/1318783470",
        "images": [],
        "age": {
          "min": 0,
          "max": 16
        },
        "opening": "",
        "equipment": [],
        "rating": {
          "average": 0,
          "count": 0
        },
        "accessibility": {
          "wheelchair": "unknown",
          "stroller": "unknown"
        },
        "fenced": false,
        "toilets": false,
        "parking": {
          "free": true,
          "paid": false
        },
        "dogs": {
          "allowed": true,
          "leash": false
        },
        "municipality": "",
        "verified": false,
        "lastVerified": "2026-10-05",
        "sources": [
          {
            "type": "osm",
            "id": "way/1318783470",
            "retrievedAt": "2026-10-05"
          }
        ],
        "id": "osm-way-1318783470"
      },
      "geometry": {
        "type": "Point",
        "coordinates": [
          5.3389834,
          60.3896991
        ]
      }
    },
    {
      "type": "Feature",
      "properties": {
        "name": "Utkjent lekeplass",
        "source": "osm",
        "sourceId": "way/1318786607",
        "images": [],
        "age": {
          "min": 0,
          "max": 16
        },
        "opening": "",
        "equipment": [],
        "rating": {
          "average": 0,
          "count": 0
        },
        "accessibility": {
          "wheelchair": "unknown",
          "stroller": "unknown"
        },
        "fenced": false,
        "toilets": false,
        "parking": {
          "free": true,
          "paid": false
        },
        "dogs": {
          "allowed": true,
          "leash": false
        },
        "municipality": "",
        "verified": false,
        "lastVerified": "2026-10-05",
        "sources": [
          {
            "type": "osm",
            "id": "way/1318786607",
            "retrievedAt": "2026-10-05"
          }
        ],
        "id": "osm-way-1318786607"
      },
      "geometry": {
        "type": "Point",
        "coordinates": [
          5.3496838,
          60.3845249
        ]
      }
    },
    {
      "type": "Feature",
      "properties": {
        "name": "Utkjent lekeplass",
        "source": "osm",
        "sourceId": "way/1318790313",
        "images": [],
        "age": {
          "min": 0,
          "max": 16
        },
        "opening": "",
        "equipment": [],
        "rating": {
          "average": 0,
          "count": 0
        },
        "accessibility": {
          "wheelchair": "unknown",
          "stroller": "unknown"
        },
        "fenced": false,
        "toilets": false,
        "parking": {
          "free": true,
          "paid": false
        },
        "dogs": {
          "allowed": true,
          "leash": false
        },
        "municipality": "",
        "verified": false,
        "lastVerified": "2026-10-05",
        "sources": [
          {
            "type": "osm",
            "id": "way/1318790313",
            "retrievedAt": "2026-10-05"
          }
        ],
        "id": "osm-way-1318790313"
      },
      "geometry": {
        "type": "Point",
        "coordinates": [
          5.3516068,
          60.3791581
        ]
      }
    },
    {
      "type": "Feature",
      "properties": {
        "name": "Utkjent lekeplass",
        "source": "osm",
        "sourceId": "way/1318795362",
        "images": [],
        "age": {
          "min": 0,
          "max": 16
        },
        "opening": "",
        "equipment": [],
        "rating": {
          "average": 0,
          "count": 0
        },
        "accessibility": {
          "wheelchair": "unknown",
          "stroller": "unknown"
        },
        "fenced": false,
        "toilets": false,
        "parking": {
          "free": true,
          "paid": false
        },
        "dogs": {
          "allowed": true,
          "leash": false
        },
        "municipality": "",
        "verified": false,
        "lastVerified": "2026-10-05",
        "sources": [
          {
            "type": "osm",
            "id": "way/1318795362",
            "retrievedAt": "2026-10-05"
          }
        ],
        "id": "osm-way-1318795362"
      },
      "geometry": {
        "type": "Point",
        "coordinates": [
          5.3693628,
          60.3611089
        ]
      }
    },
    {
      "type": "Feature",
      "properties": {
        "name": "Utkjent lekeplass",
        "source": "osm",
        "sourceId": "way/1318795385",
        "images": [],
        "age": {
          "min": 0,
          "max": 16
        },
        "opening": "",
        "equipment": [],
        "rating": {
          "average": 0,
          "count": 0
        },
        "accessibility": {
          "wheelchair": "unknown",
          "stroller": "unknown"
        },
        "fenced": false,
        "toilets": false,
        "parking": {
          "free": true,
          "paid": false
        },
        "dogs": {
          "allowed": true,
          "leash": false
        },
        "municipality": "",
        "verified": false,
        "lastVerified": "2026-10-05",
        "sources": [
          {
            "type": "osm",
            "id": "way/1318795385",
            "retrievedAt": "2026-10-05"
          }
        ],
        "id": "osm-way-1318795385"
      },
      "geometry": {
        "type": "Point",
        "coordinates": [
          5.3630637,
          60.3580075
        ]
      }
    },
    {
      "type": "Feature",
      "properties": {
        "name": "Utkjent lekeplass",
        "source": "osm",
        "sourceId": "way/1320375345",
        "images": [],
        "age": {
          "min": 0,
          "max": 16
        },
        "opening": "",
        "equipment": [],
        "rating": {
          "average": 0,
          "count": 0
        },
        "accessibility": {
          "wheelchair": "unknown",
          "stroller": "unknown"
        },
        "fenced": false,
        "toilets": false,
        "parking": {
          "free": true,
          "paid": false
        },
        "dogs": {
          "allowed": true,
          "leash": false
        },
        "municipality": "",
        "verified": false,
        "lastVerified": "2026-10-05",
        "sources": [
          {
            "type": "osm",
            "id": "way/1320375345",
            "retrievedAt": "2026-10-05"
          }
        ],
        "id": "osm-way-1320375345"
      },
      "geometry": {
        "type": "Point",
        "coordinates": [
          5.3186942,
          60.3814019
        ]
      }
    },
    {
      "type": "Feature",
      "properties": {
        "name": "Utkjent lekeplass",
        "source": "osm",
        "sourceId": "way/1320699920",
        "images": [],
        "age": {
          "min": 0,
          "max": 16
        },
        "opening": "",
        "equipment": [],
        "rating": {
          "average": 0,
          "count": 0
        },
        "accessibility": {
          "wheelchair": "unknown",
          "stroller": "unknown"
        },
        "fenced": false,
        "toilets": false,
        "parking": {
          "free": true,
          "paid": false
        },
        "dogs": {
          "allowed": true,
          "leash": false
        },
        "municipality": "",
        "verified": false,
        "lastVerified": "2026-10-05",
        "sources": [
          {
            "type": "osm",
            "id": "way/1320699920",
            "retrievedAt": "2026-10-05"
          }
        ],
        "id": "osm-way-1320699920"
      },
      "geometry": {
        "type": "Point",
        "coordinates": [
          5.2989359,
          60.4423046
        ]
      }
    },
    {
      "type": "Feature",
      "properties": {
        "name": "Utkjent lekeplass",
        "source": "osm",
        "sourceId": "way/1321832241",
        "images": [],
        "age": {
          "min": 0,
          "max": 16
        },
        "opening": "",
        "equipment": [],
        "rating": {
          "average": 0,
          "count": 0
        },
        "accessibility": {
          "wheelchair": "unknown",
          "stroller": "unknown"
        },
        "fenced": false,
        "toilets": false,
        "parking": {
          "free": true,
          "paid": false
        },
        "dogs": {
          "allowed": true,
          "leash": false
        },
        "municipality": "",
        "verified": false,
        "lastVerified": "2026-10-05",
        "sources": [
          {
            "type": "osm",
            "id": "way/1321832241",
            "retrievedAt": "2026-10-05"
          }
        ],
        "id": "osm-way-1321832241"
      },
      "geometry": {
        "type": "Point",
        "coordinates": [
          5.310387,
          60.3751176
        ]
      }
    },
    {
      "type": "Feature",
      "properties": {
        "name": "Utkjent lekeplass",
        "source": "osm",
        "sourceId": "way/1321835027",
        "images": [],
        "age": {
          "min": 0,
          "max": 16
        },
        "opening": "",
        "equipment": [],
        "rating": {
          "average": 0,
          "count": 0
        },
        "accessibility": {
          "wheelchair": "unknown",
          "stroller": "unknown"
        },
        "fenced": false,
        "toilets": false,
        "parking": {
          "free": true,
          "paid": false
        },
        "dogs": {
          "allowed": true,
          "leash": false
        },
        "municipality": "",
        "verified": false,
        "lastVerified": "2026-10-05",
        "sources": [
          {
            "type": "osm",
            "id": "way/1321835027",
            "retrievedAt": "2026-10-05"
          }
        ],
        "id": "osm-way-1321835027"
      },
      "geometry": {
        "type": "Point",
        "coordinates": [
          5.3240234,
          60.3796763
        ]
      }
    },
    {
      "type": "Feature",
      "properties": {
        "name": "Utkjent lekeplass",
        "source": "osm",
        "sourceId": "way/1321835034",
        "images": [],
        "age": {
          "min": 0,
          "max": 16
        },
        "opening": "",
        "equipment": [],
        "rating": {
          "average": 0,
          "count": 0
        },
        "accessibility": {
          "wheelchair": "unknown",
          "stroller": "unknown"
        },
        "fenced": false,
        "toilets": false,
        "parking": {
          "free": true,
          "paid": false
        },
        "dogs": {
          "allowed": true,
          "leash": false
        },
        "municipality": "",
        "verified": false,
        "lastVerified": "2026-10-05",
        "sources": [
          {
            "type": "osm",
            "id": "way/1321835034",
            "retrievedAt": "2026-10-05"
          }
        ],
        "id": "osm-way-1321835034"
      },
      "geometry": {
        "type": "Point",
        "coordinates": [
          5.3248767,
          60.3793063
        ]
      }
    },
    {
      "type": "Feature",
      "properties": {
        "name": "Utkjent lekeplass",
        "source": "osm",
        "sourceId": "way/1321836840",
        "images": [],
        "age": {
          "min": 0,
          "max": 16
        },
        "opening": "",
        "equipment": [],
        "rating": {
          "average": 0,
          "count": 0
        },
        "accessibility": {
          "wheelchair": "unknown",
          "stroller": "unknown"
        },
        "fenced": false,
        "toilets": false,
        "parking": {
          "free": true,
          "paid": false
        },
        "dogs": {
          "allowed": true,
          "leash": false
        },
        "municipality": "",
        "verified": false,
        "lastVerified": "2026-10-05",
        "sources": [
          {
            "type": "osm",
            "id": "way/1321836840",
            "retrievedAt": "2026-10-05"
          }
        ],
        "id": "osm-way-1321836840"
      },
      "geometry": {
        "type": "Point",
        "coordinates": [
          5.3216218,
          60.3803733
        ]
      }
    },
    {
      "type": "Feature",
      "properties": {
        "name": "Welhavens gate lekeplass",
        "source": "osm",
        "sourceId": "way/1322136254",
        "images": [],
        "age": {
          "min": 0,
          "max": 16
        },
        "opening": "",
        "equipment": [],
        "rating": {
          "average": 0,
          "count": 0
        },
        "accessibility": {
          "wheelchair": "unknown",
          "stroller": "unknown"
        },
        "fenced": false,
        "toilets": false,
        "parking": {
          "free": true,
          "paid": false
        },
        "dogs": {
          "allowed": true,
          "leash": false
        },
        "municipality": "",
        "verified": true,
        "lastVerified": "2026-10-05",
        "sources": [
          {
            "type": "osm",
            "id": "way/1322136254",
            "retrievedAt": "2026-10-05"
          }
        ],
        "id": "osm-way-1322136254"
      },
      "geometry": {
        "type": "Point",
        "coordinates": [
          5.3231083,
          60.3849402
        ]
      }
    },
    {
      "type": "Feature",
      "properties": {
        "name": "Utkjent lekeplass",
        "source": "osm",
        "sourceId": "way/1322136255",
        "images": [],
        "age": {
          "min": 0,
          "max": 16
        },
        "opening": "",
        "equipment": [],
        "rating": {
          "average": 0,
          "count": 0
        },
        "accessibility": {
          "wheelchair": "unknown",
          "stroller": "unknown"
        },
        "fenced": false,
        "toilets": false,
        "parking": {
          "free": true,
          "paid": false
        },
        "dogs": {
          "allowed": true,
          "leash": false
        },
        "municipality": "",
        "verified": false,
        "lastVerified": "2026-10-05",
        "sources": [
          {
            "type": "osm",
            "id": "way/1322136255",
            "retrievedAt": "2026-10-05"
          }
        ],
        "id": "osm-way-1322136255"
      },
      "geometry": {
        "type": "Point",
        "coordinates": [
          5.3227059,
          60.3833781
        ]
      }
    },
    {
      "type": "Feature",
      "properties": {
        "name": "Utkjent lekeplass",
        "source": "osm",
        "sourceId": "way/1322136256",
        "images": [],
        "age": {
          "min": 0,
          "max": 16
        },
        "opening": "",
        "equipment": [],
        "rating": {
          "average": 0,
          "count": 0
        },
        "accessibility": {
          "wheelchair": "unknown",
          "stroller": "unknown"
        },
        "fenced": false,
        "toilets": false,
        "parking": {
          "free": true,
          "paid": false
        },
        "dogs": {
          "allowed": true,
          "leash": false
        },
        "municipality": "",
        "verified": false,
        "lastVerified": "2026-10-05",
        "sources": [
          {
            "type": "osm",
            "id": "way/1322136256",
            "retrievedAt": "2026-10-05"
          }
        ],
        "id": "osm-way-1322136256"
      },
      "geometry": {
        "type": "Point",
        "coordinates": [
          5.3219648,
          60.3833264
        ]
      }
    },
    {
      "type": "Feature",
      "properties": {
        "name": "Ole Vigs gate lekeplass",
        "source": "osm",
        "sourceId": "way/1322137016",
        "images": [],
        "age": {
          "min": 0,
          "max": 16
        },
        "opening": "",
        "equipment": [],
        "rating": {
          "average": 0,
          "count": 0
        },
        "accessibility": {
          "wheelchair": "unknown",
          "stroller": "unknown"
        },
        "fenced": false,
        "toilets": false,
        "parking": {
          "free": true,
          "paid": false
        },
        "dogs": {
          "allowed": true,
          "leash": false
        },
        "municipality": "",
        "verified": true,
        "lastVerified": "2026-10-05",
        "sources": [
          {
            "type": "osm",
            "id": "way/1322137016",
            "retrievedAt": "2026-10-05"
          }
        ],
        "id": "osm-way-1322137016"
      },
      "geometry": {
        "type": "Point",
        "coordinates": [
          5.3227038,
          60.3856616
        ]
      }
    },
    {
      "type": "Feature",
      "properties": {
        "name": "Skanseparken",
        "source": "osm",
        "sourceId": "way/1326449154",
        "images": [],
        "age": {
          "min": 0,
          "max": 16
        },
        "opening": "",
        "equipment": [],
        "rating": {
          "average": 0,
          "count": 0
        },
        "accessibility": {
          "wheelchair": "unknown",
          "stroller": "unknown"
        },
        "fenced": false,
        "toilets": false,
        "parking": {
          "free": true,
          "paid": false
        },
        "dogs": {
          "allowed": true,
          "leash": false
        },
        "municipality": "",
        "verified": true,
        "lastVerified": "2026-10-05",
        "sources": [
          {
            "type": "osm",
            "id": "way/1326449154",
            "retrievedAt": "2026-10-05"
          }
        ],
        "id": "osm-way-1326449154"
      },
      "geometry": {
        "type": "Point",
        "coordinates": [
          5.3315756,
          60.3970728
        ]
      }
    },
    {
      "type": "Feature",
      "properties": {
        "name": "Utkjent lekeplass",
        "source": "osm",
        "sourceId": "way/1328585399",
        "images": [],
        "age": {
          "min": 0,
          "max": 16
        },
        "opening": "",
        "equipment": [],
        "rating": {
          "average": 0,
          "count": 0
        },
        "accessibility": {
          "wheelchair": "unknown",
          "stroller": "unknown"
        },
        "fenced": false,
        "toilets": false,
        "parking": {
          "free": true,
          "paid": false
        },
        "dogs": {
          "allowed": true,
          "leash": false
        },
        "municipality": "",
        "verified": false,
        "lastVerified": "2026-10-05",
        "sources": [
          {
            "type": "osm",
            "id": "way/1328585399",
            "retrievedAt": "2026-10-05"
          }
        ],
        "id": "osm-way-1328585399"
      },
      "geometry": {
        "type": "Point",
        "coordinates": [
          5.3180913,
          60.3783941
        ]
      }
    },
    {
      "type": "Feature",
      "properties": {
        "name": "Utkjent lekeplass",
        "source": "osm",
        "sourceId": "way/1343296329",
        "images": [],
        "age": {
          "min": 0,
          "max": 16
        },
        "opening": "",
        "equipment": [],
        "rating": {
          "average": 0,
          "count": 0
        },
        "accessibility": {
          "wheelchair": "unknown",
          "stroller": "unknown"
        },
        "fenced": false,
        "toilets": false,
        "parking": {
          "free": true,
          "paid": false
        },
        "dogs": {
          "allowed": true,
          "leash": false
        },
        "municipality": "",
        "verified": false,
        "lastVerified": "2026-10-05",
        "sources": [
          {
            "type": "osm",
            "id": "way/1343296329",
            "retrievedAt": "2026-10-05"
          }
        ],
        "id": "osm-way-1343296329"
      },
      "geometry": {
        "type": "Point",
        "coordinates": [
          5.6191198,
          58.9629116
        ]
      }
    },
    {
      "type": "Feature",
      "properties": {
        "name": "Utkjent lekeplass",
        "source": "osm",
        "sourceId": "way/1343296343",
        "images": [],
        "age": {
          "min": 0,
          "max": 16
        },
        "opening": "",
        "equipment": [],
        "rating": {
          "average": 0,
          "count": 0
        },
        "accessibility": {
          "wheelchair": "unknown",
          "stroller": "unknown"
        },
        "fenced": false,
        "toilets": false,
        "parking": {
          "free": true,
          "paid": false
        },
        "dogs": {
          "allowed": true,
          "leash": false
        },
        "municipality": "",
        "verified": false,
        "lastVerified": "2026-10-05",
        "sources": [
          {
            "type": "osm",
            "id": "way/1343296343",
            "retrievedAt": "2026-10-05"
          }
        ],
        "id": "osm-way-1343296343"
      },
      "geometry": {
        "type": "Point",
        "coordinates": [
          5.6248753,
          58.9615589
        ]
      }
    },
    {
      "type": "Feature",
      "properties": {
        "name": "Utkjent lekeplass",
        "source": "osm",
        "sourceId": "way/1343296344",
        "images": [],
        "age": {
          "min": 0,
          "max": 16
        },
        "opening": "",
        "equipment": [],
        "rating": {
          "average": 0,
          "count": 0
        },
        "accessibility": {
          "wheelchair": "unknown",
          "stroller": "unknown"
        },
        "fenced": false,
        "toilets": false,
        "parking": {
          "free": true,
          "paid": false
        },
        "dogs": {
          "allowed": true,
          "leash": false
        },
        "municipality": "",
        "verified": false,
        "lastVerified": "2026-10-05",
        "sources": [
          {
            "type": "osm",
            "id": "way/1343296344",
            "retrievedAt": "2026-10-05"
          }
        ],
        "id": "osm-way-1343296344"
      },
      "geometry": {
        "type": "Point",
        "coordinates": [
          5.6242802,
          58.9620944
        ]
      }
    },
    {
      "type": "Feature",
      "properties": {
        "name": "Utkjent lekeplass",
        "source": "osm",
        "sourceId": "way/1343296348",
        "images": [],
        "age": {
          "min": 0,
          "max": 16
        },
        "opening": "",
        "equipment": [],
        "rating": {
          "average": 0,
          "count": 0
        },
        "accessibility": {
          "wheelchair": "unknown",
          "stroller": "unknown"
        },
        "fenced": false,
        "toilets": false,
        "parking": {
          "free": true,
          "paid": false
        },
        "dogs": {
          "allowed": true,
          "leash": false
        },
        "municipality": "",
        "verified": false,
        "lastVerified": "2026-10-05",
        "sources": [
          {
            "type": "osm",
            "id": "way/1343296348",
            "retrievedAt": "2026-10-05"
          }
        ],
        "id": "osm-way-1343296348"
      },
      "geometry": {
        "type": "Point",
        "coordinates": [
          5.6235308,
          58.9620755
        ]
      }
    },
    {
      "type": "Feature",
      "properties": {
        "name": "Utkjent lekeplass",
        "source": "osm",
        "sourceId": "way/1350815124",
        "images": [],
        "age": {
          "min": 0,
          "max": 16
        },
        "opening": "",
        "equipment": [],
        "rating": {
          "average": 0,
          "count": 0
        },
        "accessibility": {
          "wheelchair": "unknown",
          "stroller": "unknown"
        },
        "fenced": false,
        "toilets": false,
        "parking": {
          "free": true,
          "paid": false
        },
        "dogs": {
          "allowed": true,
          "leash": false
        },
        "municipality": "",
        "verified": false,
        "lastVerified": "2026-10-05",
        "sources": [
          {
            "type": "osm",
            "id": "way/1350815124",
            "retrievedAt": "2026-10-05"
          }
        ],
        "id": "osm-way-1350815124"
      },
      "geometry": {
        "type": "Point",
        "coordinates": [
          5.7168418,
          58.9114801
        ]
      }
    },
    {
      "type": "Feature",
      "properties": {
        "name": "Utkjent lekeplass",
        "source": "osm",
        "sourceId": "way/1350815125",
        "images": [],
        "age": {
          "min": 0,
          "max": 16
        },
        "opening": "",
        "equipment": [],
        "rating": {
          "average": 0,
          "count": 0
        },
        "accessibility": {
          "wheelchair": "unknown",
          "stroller": "unknown"
        },
        "fenced": false,
        "toilets": false,
        "parking": {
          "free": true,
          "paid": false
        },
        "dogs": {
          "allowed": true,
          "leash": false
        },
        "municipality": "",
        "verified": false,
        "lastVerified": "2026-10-05",
        "sources": [
          {
            "type": "osm",
            "id": "way/1350815125",
            "retrievedAt": "2026-10-05"
          }
        ],
        "id": "osm-way-1350815125"
      },
      "geometry": {
        "type": "Point",
        "coordinates": [
          5.7167822,
          58.9113708
        ]
      }
    },
    {
      "type": "Feature",
      "properties": {
        "name": "Tretoppen",
        "source": "osm",
        "sourceId": "way/1352425081",
        "images": [],
        "age": {
          "min": 0,
          "max": 16
        },
        "opening": "",
        "equipment": [],
        "rating": {
          "average": 0,
          "count": 0
        },
        "accessibility": {
          "wheelchair": "unknown",
          "stroller": "unknown"
        },
        "fenced": false,
        "toilets": false,
        "parking": {
          "free": true,
          "paid": false
        },
        "dogs": {
          "allowed": true,
          "leash": false
        },
        "municipality": "",
        "verified": true,
        "lastVerified": "2026-10-05",
        "sources": [
          {
            "type": "osm",
            "id": "way/1352425081",
            "retrievedAt": "2026-10-05"
          }
        ],
        "id": "osm-way-1352425081"
      },
      "geometry": {
        "type": "Point",
        "coordinates": [
          5.7172428,
          58.9534728
        ]
      }
    },
    {
      "type": "Feature",
      "properties": {
        "name": "Elvebakken lekeplass",
        "source": "osm",
        "sourceId": "way/1355938446",
        "images": [],
        "age": {
          "min": 0,
          "max": 16
        },
        "opening": "",
        "equipment": [],
        "rating": {
          "average": 0,
          "count": 0
        },
        "accessibility": {
          "wheelchair": "unknown",
          "stroller": "unknown"
        },
        "fenced": false,
        "toilets": false,
        "parking": {
          "free": true,
          "paid": false
        },
        "dogs": {
          "allowed": true,
          "leash": false
        },
        "municipality": "",
        "verified": true,
        "lastVerified": "2026-10-05",
        "sources": [
          {
            "type": "osm",
            "id": "way/1355938446",
            "retrievedAt": "2026-10-05"
          }
        ],
        "id": "osm-way-1355938446"
      },
      "geometry": {
        "type": "Point",
        "coordinates": [
          5.3488309,
          60.3566598
        ]
      }
    },
    {
      "type": "Feature",
      "properties": {
        "name": "Utkjent lekeplass",
        "source": "osm",
        "sourceId": "way/1355945140",
        "images": [],
        "age": {
          "min": 0,
          "max": 16
        },
        "opening": "",
        "equipment": [],
        "rating": {
          "average": 0,
          "count": 0
        },
        "accessibility": {
          "wheelchair": "unknown",
          "stroller": "unknown"
        },
        "fenced": false,
        "toilets": false,
        "parking": {
          "free": true,
          "paid": false
        },
        "dogs": {
          "allowed": true,
          "leash": false
        },
        "municipality": "",
        "verified": false,
        "lastVerified": "2026-10-05",
        "sources": [
          {
            "type": "osm",
            "id": "way/1355945140",
            "retrievedAt": "2026-10-05"
          }
        ],
        "id": "osm-way-1355945140"
      },
      "geometry": {
        "type": "Point",
        "coordinates": [
          5.308886,
          60.3728981
        ]
      }
    },
    {
      "type": "Feature",
      "properties": {
        "name": "Utkjent lekeplass",
        "source": "osm",
        "sourceId": "way/1355945142",
        "images": [],
        "age": {
          "min": 0,
          "max": 16
        },
        "opening": "",
        "equipment": [],
        "rating": {
          "average": 0,
          "count": 0
        },
        "accessibility": {
          "wheelchair": "unknown",
          "stroller": "unknown"
        },
        "fenced": false,
        "toilets": false,
        "parking": {
          "free": true,
          "paid": false
        },
        "dogs": {
          "allowed": true,
          "leash": false
        },
        "municipality": "",
        "verified": false,
        "lastVerified": "2026-10-05",
        "sources": [
          {
            "type": "osm",
            "id": "way/1355945142",
            "retrievedAt": "2026-10-05"
          }
        ],
        "id": "osm-way-1355945142"
      },
      "geometry": {
        "type": "Point",
        "coordinates": [
          5.3085031,
          60.3725529
        ]
      }
    },
    {
      "type": "Feature",
      "properties": {
        "name": "Kvartal 7 lekeplass",
        "source": "osm",
        "sourceId": "way/1355958601",
        "images": [],
        "age": {
          "min": 0,
          "max": 16
        },
        "opening": "",
        "equipment": [],
        "rating": {
          "average": 0,
          "count": 0
        },
        "accessibility": {
          "wheelchair": "unknown",
          "stroller": "unknown"
        },
        "fenced": false,
        "toilets": false,
        "parking": {
          "free": true,
          "paid": false
        },
        "dogs": {
          "allowed": true,
          "leash": false
        },
        "municipality": "",
        "verified": true,
        "lastVerified": "2026-10-05",
        "sources": [
          {
            "type": "osm",
            "id": "way/1355958601",
            "retrievedAt": "2026-10-05"
          }
        ],
        "id": "osm-way-1355958601"
      },
      "geometry": {
        "type": "Point",
        "coordinates": [
          5.3300852,
          60.3883479
        ]
      }
    },
    {
      "type": "Feature",
      "properties": {
        "name": "Utkjent lekeplass",
        "source": "osm",
        "sourceId": "way/1355959454",
        "images": [],
        "age": {
          "min": 0,
          "max": 16
        },
        "opening": "",
        "equipment": [],
        "rating": {
          "average": 0,
          "count": 0
        },
        "accessibility": {
          "wheelchair": "unknown",
          "stroller": "unknown"
        },
        "fenced": false,
        "toilets": false,
        "parking": {
          "free": true,
          "paid": false
        },
        "dogs": {
          "allowed": true,
          "leash": false
        },
        "municipality": "",
        "verified": false,
        "lastVerified": "2026-10-05",
        "sources": [
          {
            "type": "osm",
            "id": "way/1355959454",
            "retrievedAt": "2026-10-05"
          }
        ],
        "id": "osm-way-1355959454"
      },
      "geometry": {
        "type": "Point",
        "coordinates": [
          5.3298789,
          60.3870086
        ]
      }
    },
    {
      "type": "Feature",
      "properties": {
        "name": "Utkjent lekeplass",
        "source": "osm",
        "sourceId": "way/1364228540",
        "images": [],
        "age": {
          "min": 0,
          "max": 16
        },
        "opening": "",
        "equipment": [],
        "rating": {
          "average": 0,
          "count": 0
        },
        "accessibility": {
          "wheelchair": "unknown",
          "stroller": "unknown"
        },
        "fenced": false,
        "toilets": false,
        "parking": {
          "free": true,
          "paid": false
        },
        "dogs": {
          "allowed": true,
          "leash": false
        },
        "municipality": "",
        "verified": false,
        "lastVerified": "2026-10-05",
        "sources": [
          {
            "type": "osm",
            "id": "way/1364228540",
            "retrievedAt": "2026-10-05"
          }
        ],
        "id": "osm-way-1364228540"
      },
      "geometry": {
        "type": "Point",
        "coordinates": [
          5.2708694,
          60.3878756
        ]
      }
    },
    {
      "type": "Feature",
      "properties": {
        "name": "Utkjent lekeplass",
        "source": "osm",
        "sourceId": "way/1364252807",
        "images": [],
        "age": {
          "min": 0,
          "max": 16
        },
        "opening": "",
        "equipment": [],
        "rating": {
          "average": 0,
          "count": 0
        },
        "accessibility": {
          "wheelchair": "unknown",
          "stroller": "unknown"
        },
        "fenced": false,
        "toilets": false,
        "parking": {
          "free": true,
          "paid": false
        },
        "dogs": {
          "allowed": true,
          "leash": false
        },
        "municipality": "",
        "verified": false,
        "lastVerified": "2026-10-05",
        "sources": [
          {
            "type": "osm",
            "id": "way/1364252807",
            "retrievedAt": "2026-10-05"
          }
        ],
        "id": "osm-way-1364252807"
      },
      "geometry": {
        "type": "Point",
        "coordinates": [
          5.2574716,
          60.3867436
        ]
      }
    },
    {
      "type": "Feature",
      "properties": {
        "name": "Utkjent lekeplass",
        "source": "osm",
        "sourceId": "way/1364802862",
        "images": [],
        "age": {
          "min": 0,
          "max": 16
        },
        "opening": "",
        "equipment": [],
        "rating": {
          "average": 0,
          "count": 0
        },
        "accessibility": {
          "wheelchair": "unknown",
          "stroller": "unknown"
        },
        "fenced": false,
        "toilets": false,
        "parking": {
          "free": true,
          "paid": false
        },
        "dogs": {
          "allowed": true,
          "leash": false
        },
        "municipality": "",
        "verified": false,
        "lastVerified": "2026-10-05",
        "sources": [
          {
            "type": "osm",
            "id": "way/1364802862",
            "retrievedAt": "2026-10-05"
          }
        ],
        "id": "osm-way-1364802862"
      },
      "geometry": {
        "type": "Point",
        "coordinates": [
          5.6653103,
          58.9105253
        ]
      }
    },
    {
      "type": "Feature",
      "properties": {
        "name": "Utkjent lekeplass",
        "source": "osm",
        "sourceId": "way/138423297",
        "images": [],
        "age": {
          "min": 0,
          "max": 16
        },
        "opening": "",
        "equipment": [],
        "rating": {
          "average": 0,
          "count": 0
        },
        "accessibility": {
          "wheelchair": "unknown",
          "stroller": "unknown"
        },
        "fenced": false,
        "toilets": false,
        "parking": {
          "free": true,
          "paid": false
        },
        "dogs": {
          "allowed": true,
          "leash": false
        },
        "municipality": "",
        "verified": false,
        "lastVerified": "2026-10-05",
        "sources": [
          {
            "type": "osm",
            "id": "way/138423297",
            "retrievedAt": "2026-10-05"
          }
        ],
        "id": "osm-way-138423297"
      },
      "geometry": {
        "type": "Point",
        "coordinates": [
          5.6852401,
          58.9604207
        ]
      }
    },
    {
      "type": "Feature",
      "properties": {
        "name": "Utkjent lekeplass",
        "source": "osm",
        "sourceId": "way/138423298",
        "images": [],
        "age": {
          "min": 0,
          "max": 16
        },
        "opening": "",
        "equipment": [],
        "rating": {
          "average": 0,
          "count": 0
        },
        "accessibility": {
          "wheelchair": "unknown",
          "stroller": "unknown"
        },
        "fenced": false,
        "toilets": false,
        "parking": {
          "free": true,
          "paid": false
        },
        "dogs": {
          "allowed": true,
          "leash": false
        },
        "municipality": "",
        "verified": false,
        "lastVerified": "2026-10-05",
        "sources": [
          {
            "type": "osm",
            "id": "way/138423298",
            "retrievedAt": "2026-10-05"
          }
        ],
        "id": "osm-way-138423298"
      },
      "geometry": {
        "type": "Point",
        "coordinates": [
          5.685576,
          58.9602398
        ]
      }
    },
    {
      "type": "Feature",
      "properties": {
        "name": "Utkjent lekeplass",
        "source": "osm",
        "sourceId": "way/1411129452",
        "images": [],
        "age": {
          "min": 0,
          "max": 16
        },
        "opening": "",
        "equipment": [],
        "rating": {
          "average": 0,
          "count": 0
        },
        "accessibility": {
          "wheelchair": "unknown",
          "stroller": "unknown"
        },
        "fenced": false,
        "toilets": false,
        "parking": {
          "free": true,
          "paid": false
        },
        "dogs": {
          "allowed": true,
          "leash": false
        },
        "municipality": "",
        "verified": false,
        "lastVerified": "2026-10-05",
        "sources": [
          {
            "type": "osm",
            "id": "way/1411129452",
            "retrievedAt": "2026-10-05"
          }
        ],
        "id": "osm-way-1411129452"
      },
      "geometry": {
        "type": "Point",
        "coordinates": [
          5.6026291,
          58.9361951
        ]
      }
    },
    {
      "type": "Feature",
      "properties": {
        "name": "Utkjent lekeplass",
        "source": "osm",
        "sourceId": "way/1414046826",
        "images": [],
        "age": {
          "min": 0,
          "max": 16
        },
        "opening": "",
        "equipment": [],
        "rating": {
          "average": 0,
          "count": 0
        },
        "accessibility": {
          "wheelchair": "unknown",
          "stroller": "unknown"
        },
        "fenced": false,
        "toilets": false,
        "parking": {
          "free": true,
          "paid": false
        },
        "dogs": {
          "allowed": true,
          "leash": false
        },
        "municipality": "",
        "verified": false,
        "lastVerified": "2026-10-05",
        "sources": [
          {
            "type": "osm",
            "id": "way/1414046826",
            "retrievedAt": "2026-10-05"
          }
        ],
        "id": "osm-way-1414046826"
      },
      "geometry": {
        "type": "Point",
        "coordinates": [
          5.6184211,
          58.9657026
        ]
      }
    },
    {
      "type": "Feature",
      "properties": {
        "name": "Utkjent lekeplass",
        "source": "osm",
        "sourceId": "way/1416516263",
        "images": [],
        "age": {
          "min": 0,
          "max": 16
        },
        "opening": "",
        "equipment": [],
        "rating": {
          "average": 0,
          "count": 0
        },
        "accessibility": {
          "wheelchair": "unknown",
          "stroller": "unknown"
        },
        "fenced": false,
        "toilets": false,
        "parking": {
          "free": true,
          "paid": false
        },
        "dogs": {
          "allowed": true,
          "leash": false
        },
        "municipality": "",
        "verified": false,
        "lastVerified": "2026-10-05",
        "sources": [
          {
            "type": "osm",
            "id": "way/1416516263",
            "retrievedAt": "2026-10-05"
          }
        ],
        "id": "osm-way-1416516263"
      },
      "geometry": {
        "type": "Point",
        "coordinates": [
          5.5831836,
          58.9467987
        ]
      }
    },
    {
      "type": "Feature",
      "properties": {
        "name": "Utkjent lekeplass",
        "source": "osm",
        "sourceId": "way/1417050845",
        "images": [],
        "age": {
          "min": 0,
          "max": 16
        },
        "opening": "",
        "equipment": [],
        "rating": {
          "average": 0,
          "count": 0
        },
        "accessibility": {
          "wheelchair": "unknown",
          "stroller": "unknown"
        },
        "fenced": false,
        "toilets": false,
        "parking": {
          "free": true,
          "paid": false
        },
        "dogs": {
          "allowed": true,
          "leash": false
        },
        "municipality": "",
        "verified": false,
        "lastVerified": "2026-10-05",
        "sources": [
          {
            "type": "osm",
            "id": "way/1417050845",
            "retrievedAt": "2026-10-05"
          }
        ],
        "id": "osm-way-1417050845"
      },
      "geometry": {
        "type": "Point",
        "coordinates": [
          5.6027923,
          58.954042
        ]
      }
    },
    {
      "type": "Feature",
      "properties": {
        "name": "Utkjent lekeplass",
        "source": "osm",
        "sourceId": "way/1431586581",
        "images": [],
        "age": {
          "min": 0,
          "max": 16
        },
        "opening": "",
        "equipment": [],
        "rating": {
          "average": 0,
          "count": 0
        },
        "accessibility": {
          "wheelchair": "unknown",
          "stroller": "unknown"
        },
        "fenced": false,
        "toilets": false,
        "parking": {
          "free": true,
          "paid": false
        },
        "dogs": {
          "allowed": true,
          "leash": false
        },
        "municipality": "",
        "verified": false,
        "lastVerified": "2026-10-05",
        "sources": [
          {
            "type": "osm",
            "id": "way/1431586581",
            "retrievedAt": "2026-10-05"
          }
        ],
        "id": "osm-way-1431586581"
      },
      "geometry": {
        "type": "Point",
        "coordinates": [
          5.6653961,
          58.9041164
        ]
      }
    },
    {
      "type": "Feature",
      "properties": {
        "name": "Utkjent lekeplass",
        "source": "osm",
        "sourceId": "way/1451789757",
        "images": [],
        "age": {
          "min": 0,
          "max": 16
        },
        "opening": "",
        "equipment": [],
        "rating": {
          "average": 0,
          "count": 0
        },
        "accessibility": {
          "wheelchair": "unknown",
          "stroller": "unknown"
        },
        "fenced": false,
        "toilets": false,
        "parking": {
          "free": true,
          "paid": false
        },
        "dogs": {
          "allowed": true,
          "leash": false
        },
        "municipality": "",
        "verified": false,
        "lastVerified": "2026-10-05",
        "sources": [
          {
            "type": "osm",
            "id": "way/1451789757",
            "retrievedAt": "2026-10-05"
          }
        ],
        "id": "osm-way-1451789757"
      },
      "geometry": {
        "type": "Point",
        "coordinates": [
          5.2995622,
          60.3551199
        ]
      }
    },
    {
      "type": "Feature",
      "properties": {
        "name": "Utkjent lekeplass",
        "source": "osm",
        "sourceId": "way/1476844644",
        "images": [],
        "age": {
          "min": 0,
          "max": 16
        },
        "opening": "",
        "equipment": [],
        "rating": {
          "average": 0,
          "count": 0
        },
        "accessibility": {
          "wheelchair": "unknown",
          "stroller": "unknown"
        },
        "fenced": false,
        "toilets": false,
        "parking": {
          "free": true,
          "paid": false
        },
        "dogs": {
          "allowed": true,
          "leash": false
        },
        "municipality": "",
        "verified": false,
        "lastVerified": "2026-10-05",
        "sources": [
          {
            "type": "osm",
            "id": "way/1476844644",
            "retrievedAt": "2026-10-05"
          }
        ],
        "id": "osm-way-1476844644"
      },
      "geometry": {
        "type": "Point",
        "coordinates": [
          5.303847,
          60.3504144
        ]
      }
    },
    {
      "type": "Feature",
      "properties": {
        "name": "Utkjent lekeplass",
        "source": "osm",
        "sourceId": "way/1480036182",
        "images": [],
        "age": {
          "min": 0,
          "max": 16
        },
        "opening": "",
        "equipment": [],
        "rating": {
          "average": 0,
          "count": 0
        },
        "accessibility": {
          "wheelchair": "unknown",
          "stroller": "unknown"
        },
        "fenced": false,
        "toilets": false,
        "parking": {
          "free": true,
          "paid": false
        },
        "dogs": {
          "allowed": true,
          "leash": false
        },
        "municipality": "",
        "verified": false,
        "lastVerified": "2026-10-05",
        "sources": [
          {
            "type": "osm",
            "id": "way/1480036182",
            "retrievedAt": "2026-10-05"
          }
        ],
        "id": "osm-way-1480036182"
      },
      "geometry": {
        "type": "Point",
        "coordinates": [
          5.3013962,
          60.3572097
        ]
      }
    },
    {
      "type": "Feature",
      "properties": {
        "name": "Utkjent lekeplass",
        "source": "osm",
        "sourceId": "way/1480036189",
        "images": [],
        "age": {
          "min": 0,
          "max": 16
        },
        "opening": "",
        "equipment": [],
        "rating": {
          "average": 0,
          "count": 0
        },
        "accessibility": {
          "wheelchair": "unknown",
          "stroller": "unknown"
        },
        "fenced": false,
        "toilets": false,
        "parking": {
          "free": true,
          "paid": false
        },
        "dogs": {
          "allowed": true,
          "leash": false
        },
        "municipality": "",
        "verified": false,
        "lastVerified": "2026-10-05",
        "sources": [
          {
            "type": "osm",
            "id": "way/1480036189",
            "retrievedAt": "2026-10-05"
          }
        ],
        "id": "osm-way-1480036189"
      },
      "geometry": {
        "type": "Point",
        "coordinates": [
          5.2993149,
          60.3575518
        ]
      }
    },
    {
      "type": "Feature",
      "properties": {
        "name": "Utkjent lekeplass",
        "source": "osm",
        "sourceId": "way/1480036190",
        "images": [],
        "age": {
          "min": 0,
          "max": 16
        },
        "opening": "",
        "equipment": [],
        "rating": {
          "average": 0,
          "count": 0
        },
        "accessibility": {
          "wheelchair": "unknown",
          "stroller": "unknown"
        },
        "fenced": false,
        "toilets": false,
        "parking": {
          "free": true,
          "paid": false
        },
        "dogs": {
          "allowed": true,
          "leash": false
        },
        "municipality": "",
        "verified": false,
        "lastVerified": "2026-10-05",
        "sources": [
          {
            "type": "osm",
            "id": "way/1480036190",
            "retrievedAt": "2026-10-05"
          }
        ],
        "id": "osm-way-1480036190"
      },
      "geometry": {
        "type": "Point",
        "coordinates": [
          5.3016452,
          60.3565784
        ]
      }
    },
    {
      "type": "Feature",
      "properties": {
        "name": "Utkjent lekeplass",
        "source": "osm",
        "sourceId": "way/1493441035",
        "images": [],
        "age": {
          "min": 0,
          "max": 16
        },
        "opening": "",
        "equipment": [],
        "rating": {
          "average": 0,
          "count": 0
        },
        "accessibility": {
          "wheelchair": "unknown",
          "stroller": "unknown"
        },
        "fenced": false,
        "toilets": false,
        "parking": {
          "free": true,
          "paid": false
        },
        "dogs": {
          "allowed": true,
          "leash": false
        },
        "municipality": "",
        "verified": false,
        "lastVerified": "2026-10-05",
        "sources": [
          {
            "type": "osm",
            "id": "way/1493441035",
            "retrievedAt": "2026-10-05"
          }
        ],
        "id": "osm-way-1493441035"
      },
      "geometry": {
        "type": "Point",
        "coordinates": [
          5.3042729,
          60.3723199
        ]
      }
    },
    {
      "type": "Feature",
      "properties": {
        "name": "Utkjent lekeplass",
        "source": "osm",
        "sourceId": "way/1497938963",
        "images": [],
        "age": {
          "min": 0,
          "max": 16
        },
        "opening": "",
        "equipment": [],
        "rating": {
          "average": 0,
          "count": 0
        },
        "accessibility": {
          "wheelchair": "unknown",
          "stroller": "unknown"
        },
        "fenced": false,
        "toilets": false,
        "parking": {
          "free": true,
          "paid": false
        },
        "dogs": {
          "allowed": true,
          "leash": false
        },
        "municipality": "",
        "verified": false,
        "lastVerified": "2026-10-05",
        "sources": [
          {
            "type": "osm",
            "id": "way/1497938963",
            "retrievedAt": "2026-10-05"
          }
        ],
        "id": "osm-way-1497938963"
      },
      "geometry": {
        "type": "Point",
        "coordinates": [
          5.2659142,
          60.3856723
        ]
      }
    },
    {
      "type": "Feature",
      "properties": {
        "name": "Utkjent lekeplass",
        "source": "osm",
        "sourceId": "way/1512411829",
        "images": [],
        "age": {
          "min": 0,
          "max": 16
        },
        "opening": "",
        "equipment": [],
        "rating": {
          "average": 0,
          "count": 0
        },
        "accessibility": {
          "wheelchair": "unknown",
          "stroller": "unknown"
        },
        "fenced": false,
        "toilets": false,
        "parking": {
          "free": true,
          "paid": false
        },
        "dogs": {
          "allowed": true,
          "leash": false
        },
        "municipality": "",
        "verified": false,
        "lastVerified": "2026-10-05",
        "sources": [
          {
            "type": "osm",
            "id": "way/1512411829",
            "retrievedAt": "2026-10-05"
          }
        ],
        "id": "osm-way-1512411829"
      },
      "geometry": {
        "type": "Point",
        "coordinates": [
          5.262759,
          60.3901293
        ]
      }
    },
    {
      "type": "Feature",
      "properties": {
        "name": "Utkjent lekeplass",
        "source": "osm",
        "sourceId": "way/1524330676",
        "images": [],
        "age": {
          "min": 0,
          "max": 16
        },
        "opening": "",
        "equipment": [],
        "rating": {
          "average": 0,
          "count": 0
        },
        "accessibility": {
          "wheelchair": "unknown",
          "stroller": "unknown"
        },
        "fenced": false,
        "toilets": false,
        "parking": {
          "free": true,
          "paid": false
        },
        "dogs": {
          "allowed": true,
          "leash": false
        },
        "municipality": "",
        "verified": false,
        "lastVerified": "2026-10-05",
        "sources": [
          {
            "type": "osm",
            "id": "way/1524330676",
            "retrievedAt": "2026-10-05"
          }
        ],
        "id": "osm-way-1524330676"
      },
      "geometry": {
        "type": "Point",
        "coordinates": [
          5.7167796,
          58.9113718
        ]
      }
    },
    {
      "type": "Feature",
      "properties": {
        "name": "Utkjent lekeplass",
        "source": "osm",
        "sourceId": "way/1524332096",
        "images": [],
        "age": {
          "min": 0,
          "max": 16
        },
        "opening": "",
        "equipment": [],
        "rating": {
          "average": 0,
          "count": 0
        },
        "accessibility": {
          "wheelchair": "unknown",
          "stroller": "unknown"
        },
        "fenced": false,
        "toilets": false,
        "parking": {
          "free": true,
          "paid": false
        },
        "dogs": {
          "allowed": true,
          "leash": false
        },
        "municipality": "",
        "verified": false,
        "lastVerified": "2026-10-05",
        "sources": [
          {
            "type": "osm",
            "id": "way/1524332096",
            "retrievedAt": "2026-10-05"
          }
        ],
        "id": "osm-way-1524332096"
      },
      "geometry": {
        "type": "Point",
        "coordinates": [
          5.7170038,
          58.913159
        ]
      }
    },
    {
      "type": "Feature",
      "properties": {
        "name": "Utkjent lekeplass",
        "source": "osm",
        "sourceId": "way/1524332097",
        "images": [],
        "age": {
          "min": 0,
          "max": 16
        },
        "opening": "",
        "equipment": [],
        "rating": {
          "average": 0,
          "count": 0
        },
        "accessibility": {
          "wheelchair": "unknown",
          "stroller": "unknown"
        },
        "fenced": false,
        "toilets": false,
        "parking": {
          "free": true,
          "paid": false
        },
        "dogs": {
          "allowed": true,
          "leash": false
        },
        "municipality": "",
        "verified": false,
        "lastVerified": "2026-10-05",
        "sources": [
          {
            "type": "osm",
            "id": "way/1524332097",
            "retrievedAt": "2026-10-05"
          }
        ],
        "id": "osm-way-1524332097"
      },
      "geometry": {
        "type": "Point",
        "coordinates": [
          5.7168318,
          58.9131513
        ]
      }
    },
    {
      "type": "Feature",
      "properties": {
        "name": "Utkjent lekeplass",
        "source": "osm",
        "sourceId": "way/1524332098",
        "images": [],
        "age": {
          "min": 0,
          "max": 16
        },
        "opening": "",
        "equipment": [],
        "rating": {
          "average": 0,
          "count": 0
        },
        "accessibility": {
          "wheelchair": "unknown",
          "stroller": "unknown"
        },
        "fenced": false,
        "toilets": false,
        "parking": {
          "free": true,
          "paid": false
        },
        "dogs": {
          "allowed": true,
          "leash": false
        },
        "municipality": "",
        "verified": false,
        "lastVerified": "2026-10-05",
        "sources": [
          {
            "type": "osm",
            "id": "way/1524332098",
            "retrievedAt": "2026-10-05"
          }
        ],
        "id": "osm-way-1524332098"
      },
      "geometry": {
        "type": "Point",
        "coordinates": [
          5.7173406,
          58.9127165
        ]
      }
    },
    {
      "type": "Feature",
      "properties": {
        "name": "Utkjent lekeplass",
        "source": "osm",
        "sourceId": "way/1530402143",
        "images": [],
        "age": {
          "min": 0,
          "max": 16
        },
        "opening": "",
        "equipment": [],
        "rating": {
          "average": 0,
          "count": 0
        },
        "accessibility": {
          "wheelchair": "unknown",
          "stroller": "unknown"
        },
        "fenced": false,
        "toilets": false,
        "parking": {
          "free": true,
          "paid": false
        },
        "dogs": {
          "allowed": true,
          "leash": false
        },
        "municipality": "",
        "verified": false,
        "lastVerified": "2026-10-05",
        "sources": [
          {
            "type": "osm",
            "id": "way/1530402143",
            "retrievedAt": "2026-10-05"
          }
        ],
        "id": "osm-way-1530402143"
      },
      "geometry": {
        "type": "Point",
        "coordinates": [
          5.6948448,
          58.9494276
        ]
      }
    },
    {
      "type": "Feature",
      "properties": {
        "name": "Utkjent lekeplass",
        "source": "osm",
        "sourceId": "way/1530402144",
        "images": [],
        "age": {
          "min": 0,
          "max": 16
        },
        "opening": "",
        "equipment": [],
        "rating": {
          "average": 0,
          "count": 0
        },
        "accessibility": {
          "wheelchair": "unknown",
          "stroller": "unknown"
        },
        "fenced": false,
        "toilets": false,
        "parking": {
          "free": true,
          "paid": false
        },
        "dogs": {
          "allowed": true,
          "leash": false
        },
        "municipality": "",
        "verified": false,
        "lastVerified": "2026-10-05",
        "sources": [
          {
            "type": "osm",
            "id": "way/1530402144",
            "retrievedAt": "2026-10-05"
          }
        ],
        "id": "osm-way-1530402144"
      },
      "geometry": {
        "type": "Point",
        "coordinates": [
          5.6991306,
          58.9507873
        ]
      }
    },
    {
      "type": "Feature",
      "properties": {
        "name": "Utkjent lekeplass",
        "source": "osm",
        "sourceId": "way/153276889",
        "images": [],
        "age": {
          "min": 0,
          "max": 16
        },
        "opening": "",
        "equipment": [],
        "rating": {
          "average": 0,
          "count": 0
        },
        "accessibility": {
          "wheelchair": "unknown",
          "stroller": "unknown"
        },
        "fenced": false,
        "toilets": false,
        "parking": {
          "free": true,
          "paid": false
        },
        "dogs": {
          "allowed": true,
          "leash": false
        },
        "municipality": "",
        "verified": false,
        "lastVerified": "2026-10-05",
        "sources": [
          {
            "type": "osm",
            "id": "way/153276889",
            "retrievedAt": "2026-10-05"
          }
        ],
        "id": "osm-way-153276889"
      },
      "geometry": {
        "type": "Point",
        "coordinates": [
          5.7035189,
          58.9473115
        ]
      }
    },
    {
      "type": "Feature",
      "properties": {
        "name": "Utkjent lekeplass",
        "source": "osm",
        "sourceId": "way/1552146341",
        "images": [],
        "age": {
          "min": 0,
          "max": 16
        },
        "opening": "",
        "equipment": [],
        "rating": {
          "average": 0,
          "count": 0
        },
        "accessibility": {
          "wheelchair": "unknown",
          "stroller": "unknown"
        },
        "fenced": false,
        "toilets": false,
        "parking": {
          "free": true,
          "paid": false
        },
        "dogs": {
          "allowed": true,
          "leash": false
        },
        "municipality": "",
        "verified": false,
        "lastVerified": "2026-10-05",
        "sources": [
          {
            "type": "osm",
            "id": "way/1552146341",
            "retrievedAt": "2026-10-05"
          }
        ],
        "id": "osm-way-1552146341"
      },
      "geometry": {
        "type": "Point",
        "coordinates": [
          5.7134063,
          58.9597572
        ]
      }
    },
    {
      "type": "Feature",
      "properties": {
        "name": "St. Sunnivas vei lekeplass",
        "source": "osm",
        "sourceId": "way/161026348",
        "images": [],
        "age": {
          "min": 0,
          "max": 16
        },
        "opening": "",
        "equipment": [],
        "rating": {
          "average": 0,
          "count": 0
        },
        "accessibility": {
          "wheelchair": "unknown",
          "stroller": "unknown"
        },
        "fenced": false,
        "toilets": false,
        "parking": {
          "free": true,
          "paid": false
        },
        "dogs": {
          "allowed": true,
          "leash": false
        },
        "municipality": "",
        "verified": true,
        "lastVerified": "2026-10-05",
        "sources": [
          {
            "type": "osm",
            "id": "way/161026348",
            "retrievedAt": "2026-10-05"
          }
        ],
        "id": "osm-way-161026348"
      },
      "geometry": {
        "type": "Point",
        "coordinates": [
          5.3566036,
          60.3697806
        ]
      }
    },
    {
      "type": "Feature",
      "properties": {
        "name": "Utkjent lekeplass",
        "source": "osm",
        "sourceId": "way/163315468",
        "images": [],
        "age": {
          "min": 0,
          "max": 16
        },
        "opening": "",
        "equipment": [],
        "rating": {
          "average": 0,
          "count": 0
        },
        "accessibility": {
          "wheelchair": "unknown",
          "stroller": "unknown"
        },
        "fenced": false,
        "toilets": false,
        "parking": {
          "free": true,
          "paid": false
        },
        "dogs": {
          "allowed": true,
          "leash": false
        },
        "municipality": "",
        "verified": false,
        "lastVerified": "2026-10-05",
        "sources": [
          {
            "type": "osm",
            "id": "way/163315468",
            "retrievedAt": "2026-10-05"
          }
        ],
        "id": "osm-way-163315468"
      },
      "geometry": {
        "type": "Point",
        "coordinates": [
          5.7073998,
          58.9635724
        ]
      }
    },
    {
      "type": "Feature",
      "properties": {
        "name": "Utkjent lekeplass",
        "source": "osm",
        "sourceId": "way/185019426",
        "images": [],
        "age": {
          "min": 0,
          "max": 16
        },
        "opening": "",
        "equipment": [],
        "rating": {
          "average": 0,
          "count": 0
        },
        "accessibility": {
          "wheelchair": "unknown",
          "stroller": "unknown"
        },
        "fenced": false,
        "toilets": false,
        "parking": {
          "free": true,
          "paid": false
        },
        "dogs": {
          "allowed": true,
          "leash": false
        },
        "municipality": "",
        "verified": false,
        "lastVerified": "2026-10-05",
        "sources": [
          {
            "type": "osm",
            "id": "way/185019426",
            "retrievedAt": "2026-10-05"
          }
        ],
        "id": "osm-way-185019426"
      },
      "geometry": {
        "type": "Point",
        "coordinates": [
          5.6153279,
          58.9789482
        ]
      }
    },
    {
      "type": "Feature",
      "properties": {
        "name": "Utkjent lekeplass",
        "source": "osm",
        "sourceId": "way/185348473",
        "images": [],
        "age": {
          "min": 0,
          "max": 16
        },
        "opening": "",
        "equipment": [],
        "rating": {
          "average": 0,
          "count": 0
        },
        "accessibility": {
          "wheelchair": "unknown",
          "stroller": "unknown"
        },
        "fenced": false,
        "toilets": false,
        "parking": {
          "free": true,
          "paid": false
        },
        "dogs": {
          "allowed": true,
          "leash": false
        },
        "municipality": "",
        "verified": false,
        "lastVerified": "2026-10-05",
        "sources": [
          {
            "type": "osm",
            "id": "way/185348473",
            "retrievedAt": "2026-10-05"
          }
        ],
        "id": "osm-way-185348473"
      },
      "geometry": {
        "type": "Point",
        "coordinates": [
          5.6136457,
          58.9775923
        ]
      }
    },
    {
      "type": "Feature",
      "properties": {
        "name": "Utkjent lekeplass",
        "source": "osm",
        "sourceId": "way/186277776",
        "images": [],
        "age": {
          "min": 0,
          "max": 16
        },
        "opening": "",
        "equipment": [],
        "rating": {
          "average": 0,
          "count": 0
        },
        "accessibility": {
          "wheelchair": "unknown",
          "stroller": "unknown"
        },
        "fenced": false,
        "toilets": false,
        "parking": {
          "free": true,
          "paid": false
        },
        "dogs": {
          "allowed": true,
          "leash": false
        },
        "municipality": "",
        "verified": false,
        "lastVerified": "2026-10-05",
        "sources": [
          {
            "type": "osm",
            "id": "way/186277776",
            "retrievedAt": "2026-10-05"
          }
        ],
        "id": "osm-way-186277776"
      },
      "geometry": {
        "type": "Point",
        "coordinates": [
          5.612577,
          58.9775881
        ]
      }
    },
    {
      "type": "Feature",
      "properties": {
        "name": "Utkjent lekeplass",
        "source": "osm",
        "sourceId": "way/186523730",
        "images": [],
        "age": {
          "min": 0,
          "max": 16
        },
        "opening": "",
        "equipment": [],
        "rating": {
          "average": 0,
          "count": 0
        },
        "accessibility": {
          "wheelchair": "unknown",
          "stroller": "unknown"
        },
        "fenced": false,
        "toilets": false,
        "parking": {
          "free": true,
          "paid": false
        },
        "dogs": {
          "allowed": true,
          "leash": false
        },
        "municipality": "",
        "verified": false,
        "lastVerified": "2026-10-05",
        "sources": [
          {
            "type": "osm",
            "id": "way/186523730",
            "retrievedAt": "2026-10-05"
          }
        ],
        "id": "osm-way-186523730"
      },
      "geometry": {
        "type": "Point",
        "coordinates": [
          5.6133634,
          58.9794529
        ]
      }
    },
    {
      "type": "Feature",
      "properties": {
        "name": "Utkjent lekeplass",
        "source": "osm",
        "sourceId": "way/186531048",
        "images": [],
        "age": {
          "min": 0,
          "max": 16
        },
        "opening": "",
        "equipment": [],
        "rating": {
          "average": 0,
          "count": 0
        },
        "accessibility": {
          "wheelchair": "unknown",
          "stroller": "unknown"
        },
        "fenced": false,
        "toilets": false,
        "parking": {
          "free": true,
          "paid": false
        },
        "dogs": {
          "allowed": true,
          "leash": false
        },
        "municipality": "",
        "verified": false,
        "lastVerified": "2026-10-05",
        "sources": [
          {
            "type": "osm",
            "id": "way/186531048",
            "retrievedAt": "2026-10-05"
          }
        ],
        "id": "osm-way-186531048"
      },
      "geometry": {
        "type": "Point",
        "coordinates": [
          5.6114176,
          58.978416
        ]
      }
    },
    {
      "type": "Feature",
      "properties": {
        "name": "Utkjent lekeplass",
        "source": "osm",
        "sourceId": "way/188353335",
        "images": [],
        "age": {
          "min": 0,
          "max": 16
        },
        "opening": "",
        "equipment": [],
        "rating": {
          "average": 0,
          "count": 0
        },
        "accessibility": {
          "wheelchair": "unknown",
          "stroller": "unknown"
        },
        "fenced": false,
        "toilets": false,
        "parking": {
          "free": true,
          "paid": false
        },
        "dogs": {
          "allowed": true,
          "leash": false
        },
        "municipality": "",
        "verified": false,
        "lastVerified": "2026-10-05",
        "sources": [
          {
            "type": "osm",
            "id": "way/188353335",
            "retrievedAt": "2026-10-05"
          }
        ],
        "id": "osm-way-188353335"
      },
      "geometry": {
        "type": "Point",
        "coordinates": [
          5.6883166,
          58.9428545
        ]
      }
    },
    {
      "type": "Feature",
      "properties": {
        "name": "Utkjent lekeplass",
        "source": "osm",
        "sourceId": "way/188353336",
        "images": [],
        "age": {
          "min": 0,
          "max": 16
        },
        "opening": "",
        "equipment": [],
        "rating": {
          "average": 0,
          "count": 0
        },
        "accessibility": {
          "wheelchair": "unknown",
          "stroller": "unknown"
        },
        "fenced": false,
        "toilets": false,
        "parking": {
          "free": true,
          "paid": false
        },
        "dogs": {
          "allowed": true,
          "leash": false
        },
        "municipality": "",
        "verified": false,
        "lastVerified": "2026-10-05",
        "sources": [
          {
            "type": "osm",
            "id": "way/188353336",
            "retrievedAt": "2026-10-05"
          }
        ],
        "id": "osm-way-188353336"
      },
      "geometry": {
        "type": "Point",
        "coordinates": [
          5.688389,
          58.9426023
        ]
      }
    },
    {
      "type": "Feature",
      "properties": {
        "name": "Utkjent lekeplass",
        "source": "osm",
        "sourceId": "way/188353337",
        "images": [],
        "age": {
          "min": 0,
          "max": 16
        },
        "opening": "",
        "equipment": [],
        "rating": {
          "average": 0,
          "count": 0
        },
        "accessibility": {
          "wheelchair": "unknown",
          "stroller": "unknown"
        },
        "fenced": false,
        "toilets": false,
        "parking": {
          "free": true,
          "paid": false
        },
        "dogs": {
          "allowed": true,
          "leash": false
        },
        "municipality": "",
        "verified": false,
        "lastVerified": "2026-10-05",
        "sources": [
          {
            "type": "osm",
            "id": "way/188353337",
            "retrievedAt": "2026-10-05"
          }
        ],
        "id": "osm-way-188353337"
      },
      "geometry": {
        "type": "Point",
        "coordinates": [
          5.6879971,
          58.9427416
        ]
      }
    },
    {
      "type": "Feature",
      "properties": {
        "name": "Utkjent lekeplass",
        "source": "osm",
        "sourceId": "way/188353342",
        "images": [],
        "age": {
          "min": 0,
          "max": 16
        },
        "opening": "",
        "equipment": [],
        "rating": {
          "average": 0,
          "count": 0
        },
        "accessibility": {
          "wheelchair": "unknown",
          "stroller": "unknown"
        },
        "fenced": false,
        "toilets": false,
        "parking": {
          "free": true,
          "paid": false
        },
        "dogs": {
          "allowed": true,
          "leash": false
        },
        "municipality": "",
        "verified": false,
        "lastVerified": "2026-10-05",
        "sources": [
          {
            "type": "osm",
            "id": "way/188353342",
            "retrievedAt": "2026-10-05"
          }
        ],
        "id": "osm-way-188353342"
      },
      "geometry": {
        "type": "Point",
        "coordinates": [
          5.7191013,
          58.9424137
        ]
      }
    },
    {
      "type": "Feature",
      "properties": {
        "name": "Utkjent lekeplass",
        "source": "osm",
        "sourceId": "way/189877755",
        "images": [],
        "age": {
          "min": 0,
          "max": 16
        },
        "opening": "",
        "equipment": [],
        "rating": {
          "average": 0,
          "count": 0
        },
        "accessibility": {
          "wheelchair": "unknown",
          "stroller": "unknown"
        },
        "fenced": false,
        "toilets": false,
        "parking": {
          "free": true,
          "paid": false
        },
        "dogs": {
          "allowed": true,
          "leash": false
        },
        "municipality": "",
        "verified": false,
        "lastVerified": "2026-10-05",
        "sources": [
          {
            "type": "osm",
            "id": "way/189877755",
            "retrievedAt": "2026-10-05"
          }
        ],
        "id": "osm-way-189877755"
      },
      "geometry": {
        "type": "Point",
        "coordinates": [
          5.6548141,
          58.9493674
        ]
      }
    },
    {
      "type": "Feature",
      "properties": {
        "name": "Utkjent lekeplass",
        "source": "osm",
        "sourceId": "way/189877756",
        "images": [],
        "age": {
          "min": 0,
          "max": 16
        },
        "opening": "",
        "equipment": [],
        "rating": {
          "average": 0,
          "count": 0
        },
        "accessibility": {
          "wheelchair": "unknown",
          "stroller": "unknown"
        },
        "fenced": false,
        "toilets": false,
        "parking": {
          "free": true,
          "paid": false
        },
        "dogs": {
          "allowed": true,
          "leash": false
        },
        "municipality": "",
        "verified": false,
        "lastVerified": "2026-10-05",
        "sources": [
          {
            "type": "osm",
            "id": "way/189877756",
            "retrievedAt": "2026-10-05"
          }
        ],
        "id": "osm-way-189877756"
      },
      "geometry": {
        "type": "Point",
        "coordinates": [
          5.6549328,
          58.9492669
        ]
      }
    },
    {
      "type": "Feature",
      "properties": {
        "name": "Utkjent lekeplass",
        "source": "osm",
        "sourceId": "way/189877757",
        "images": [],
        "age": {
          "min": 0,
          "max": 16
        },
        "opening": "",
        "equipment": [],
        "rating": {
          "average": 0,
          "count": 0
        },
        "accessibility": {
          "wheelchair": "unknown",
          "stroller": "unknown"
        },
        "fenced": false,
        "toilets": false,
        "parking": {
          "free": true,
          "paid": false
        },
        "dogs": {
          "allowed": true,
          "leash": false
        },
        "municipality": "",
        "verified": false,
        "lastVerified": "2026-10-05",
        "sources": [
          {
            "type": "osm",
            "id": "way/189877757",
            "retrievedAt": "2026-10-05"
          }
        ],
        "id": "osm-way-189877757"
      },
      "geometry": {
        "type": "Point",
        "coordinates": [
          5.6555475,
          58.9496502
        ]
      }
    },
    {
      "type": "Feature",
      "properties": {
        "name": "Utkjent lekeplass",
        "source": "osm",
        "sourceId": "way/189877758",
        "images": [],
        "age": {
          "min": 0,
          "max": 16
        },
        "opening": "",
        "equipment": [],
        "rating": {
          "average": 0,
          "count": 0
        },
        "accessibility": {
          "wheelchair": "unknown",
          "stroller": "unknown"
        },
        "fenced": false,
        "toilets": false,
        "parking": {
          "free": true,
          "paid": false
        },
        "dogs": {
          "allowed": true,
          "leash": false
        },
        "municipality": "",
        "verified": false,
        "lastVerified": "2026-10-05",
        "sources": [
          {
            "type": "osm",
            "id": "way/189877758",
            "retrievedAt": "2026-10-05"
          }
        ],
        "id": "osm-way-189877758"
      },
      "geometry": {
        "type": "Point",
        "coordinates": [
          5.6551976,
          58.9494614
        ]
      }
    },
    {
      "type": "Feature",
      "properties": {
        "name": "Utkjent lekeplass",
        "source": "osm",
        "sourceId": "way/213951171",
        "images": [],
        "age": {
          "min": 0,
          "max": 16
        },
        "opening": "",
        "equipment": [],
        "rating": {
          "average": 0,
          "count": 0
        },
        "accessibility": {
          "wheelchair": "unknown",
          "stroller": "unknown"
        },
        "fenced": false,
        "toilets": false,
        "parking": {
          "free": true,
          "paid": false
        },
        "dogs": {
          "allowed": true,
          "leash": false
        },
        "municipality": "",
        "verified": false,
        "lastVerified": "2026-10-05",
        "sources": [
          {
            "type": "osm",
            "id": "way/213951171",
            "retrievedAt": "2026-10-05"
          }
        ],
        "id": "osm-way-213951171"
      },
      "geometry": {
        "type": "Point",
        "coordinates": [
          5.7179052,
          58.9482766
        ]
      }
    },
    {
      "type": "Feature",
      "properties": {
        "name": "Utkjent lekeplass",
        "source": "osm",
        "sourceId": "way/223219425",
        "images": [],
        "age": {
          "min": 0,
          "max": 16
        },
        "opening": "",
        "equipment": [],
        "rating": {
          "average": 0,
          "count": 0
        },
        "accessibility": {
          "wheelchair": "unknown",
          "stroller": "unknown"
        },
        "fenced": false,
        "toilets": false,
        "parking": {
          "free": true,
          "paid": false
        },
        "dogs": {
          "allowed": true,
          "leash": false
        },
        "municipality": "",
        "verified": false,
        "lastVerified": "2026-10-05",
        "sources": [
          {
            "type": "osm",
            "id": "way/223219425",
            "retrievedAt": "2026-10-05"
          }
        ],
        "id": "osm-way-223219425"
      },
      "geometry": {
        "type": "Point",
        "coordinates": [
          5.71031,
          58.9707741
        ]
      }
    },
    {
      "type": "Feature",
      "properties": {
        "name": "Utkjent lekeplass",
        "source": "osm",
        "sourceId": "way/236535632",
        "images": [],
        "age": {
          "min": 0,
          "max": 16
        },
        "opening": "",
        "equipment": [],
        "rating": {
          "average": 0,
          "count": 0
        },
        "accessibility": {
          "wheelchair": "unknown",
          "stroller": "unknown"
        },
        "fenced": false,
        "toilets": false,
        "parking": {
          "free": true,
          "paid": false
        },
        "dogs": {
          "allowed": true,
          "leash": false
        },
        "municipality": "",
        "verified": false,
        "lastVerified": "2026-10-05",
        "sources": [
          {
            "type": "osm",
            "id": "way/236535632",
            "retrievedAt": "2026-10-05"
          }
        ],
        "id": "osm-way-236535632"
      },
      "geometry": {
        "type": "Point",
        "coordinates": [
          5.6867473,
          58.9552989
        ]
      }
    },
    {
      "type": "Feature",
      "properties": {
        "name": "Utkjent lekeplass",
        "source": "osm",
        "sourceId": "way/236535633",
        "images": [],
        "age": {
          "min": 0,
          "max": 16
        },
        "opening": "",
        "equipment": [],
        "rating": {
          "average": 0,
          "count": 0
        },
        "accessibility": {
          "wheelchair": "unknown",
          "stroller": "unknown"
        },
        "fenced": false,
        "toilets": false,
        "parking": {
          "free": true,
          "paid": false
        },
        "dogs": {
          "allowed": true,
          "leash": false
        },
        "municipality": "",
        "verified": false,
        "lastVerified": "2026-10-05",
        "sources": [
          {
            "type": "osm",
            "id": "way/236535633",
            "retrievedAt": "2026-10-05"
          }
        ],
        "id": "osm-way-236535633"
      },
      "geometry": {
        "type": "Point",
        "coordinates": [
          5.6850613,
          58.9557165
        ]
      }
    },
    {
      "type": "Feature",
      "properties": {
        "name": "Utkjent lekeplass",
        "source": "osm",
        "sourceId": "way/254551018",
        "images": [],
        "age": {
          "min": 0,
          "max": 16
        },
        "opening": "",
        "equipment": [],
        "rating": {
          "average": 0,
          "count": 0
        },
        "accessibility": {
          "wheelchair": "unknown",
          "stroller": "unknown"
        },
        "fenced": false,
        "toilets": false,
        "parking": {
          "free": true,
          "paid": false
        },
        "dogs": {
          "allowed": true,
          "leash": false
        },
        "municipality": "",
        "verified": false,
        "lastVerified": "2026-10-05",
        "sources": [
          {
            "type": "osm",
            "id": "way/254551018",
            "retrievedAt": "2026-10-05"
          }
        ],
        "id": "osm-way-254551018"
      },
      "geometry": {
        "type": "Point",
        "coordinates": [
          5.6064707,
          58.9545794
        ]
      }
    },
    {
      "type": "Feature",
      "properties": {
        "name": "Utkjent lekeplass",
        "source": "osm",
        "sourceId": "way/255354003",
        "images": [],
        "age": {
          "min": 0,
          "max": 16
        },
        "opening": "",
        "equipment": [],
        "rating": {
          "average": 0,
          "count": 0
        },
        "accessibility": {
          "wheelchair": "unknown",
          "stroller": "unknown"
        },
        "fenced": false,
        "toilets": false,
        "parking": {
          "free": true,
          "paid": false
        },
        "dogs": {
          "allowed": true,
          "leash": false
        },
        "municipality": "",
        "verified": false,
        "lastVerified": "2026-10-05",
        "sources": [
          {
            "type": "osm",
            "id": "way/255354003",
            "retrievedAt": "2026-10-05"
          }
        ],
        "id": "osm-way-255354003"
      },
      "geometry": {
        "type": "Point",
        "coordinates": [
          5.5776779,
          58.9439997
        ]
      }
    },
    {
      "type": "Feature",
      "properties": {
        "name": "Utkjent lekeplass",
        "source": "osm",
        "sourceId": "way/256634448",
        "images": [],
        "age": {
          "min": 0,
          "max": 16
        },
        "opening": "",
        "equipment": [],
        "rating": {
          "average": 0,
          "count": 0
        },
        "accessibility": {
          "wheelchair": "unknown",
          "stroller": "unknown"
        },
        "fenced": false,
        "toilets": false,
        "parking": {
          "free": true,
          "paid": false
        },
        "dogs": {
          "allowed": true,
          "leash": false
        },
        "municipality": "",
        "verified": false,
        "lastVerified": "2026-10-05",
        "sources": [
          {
            "type": "osm",
            "id": "way/256634448",
            "retrievedAt": "2026-10-05"
          }
        ],
        "id": "osm-way-256634448"
      },
      "geometry": {
        "type": "Point",
        "coordinates": [
          5.7170747,
          58.9800915
        ]
      }
    },
    {
      "type": "Feature",
      "properties": {
        "name": "Utkjent lekeplass",
        "source": "osm",
        "sourceId": "way/27293165",
        "images": [],
        "age": {
          "min": 0,
          "max": 16
        },
        "opening": "",
        "equipment": [],
        "rating": {
          "average": 0,
          "count": 0
        },
        "accessibility": {
          "wheelchair": "unknown",
          "stroller": "unknown"
        },
        "fenced": false,
        "toilets": false,
        "parking": {
          "free": true,
          "paid": false
        },
        "dogs": {
          "allowed": true,
          "leash": false
        },
        "municipality": "",
        "verified": false,
        "lastVerified": "2026-10-05",
        "sources": [
          {
            "type": "osm",
            "id": "way/27293165",
            "retrievedAt": "2026-10-05"
          }
        ],
        "id": "osm-way-27293165"
      },
      "geometry": {
        "type": "Point",
        "coordinates": [
          5.3711671,
          60.3628096
        ]
      }
    },
    {
      "type": "Feature",
      "properties": {
        "name": "Lægdesvingen vest lekeplass",
        "source": "osm",
        "sourceId": "way/295627233",
        "images": [],
        "age": {
          "min": 0,
          "max": 16
        },
        "opening": "",
        "equipment": [],
        "rating": {
          "average": 0,
          "count": 0
        },
        "accessibility": {
          "wheelchair": "unknown",
          "stroller": "unknown"
        },
        "fenced": false,
        "toilets": false,
        "parking": {
          "free": true,
          "paid": false
        },
        "dogs": {
          "allowed": true,
          "leash": false
        },
        "municipality": "",
        "verified": true,
        "lastVerified": "2026-10-05",
        "sources": [
          {
            "type": "osm",
            "id": "way/295627233",
            "retrievedAt": "2026-10-05"
          }
        ],
        "id": "osm-way-295627233"
      },
      "geometry": {
        "type": "Point",
        "coordinates": [
          5.3672708,
          60.3712229
        ]
      }
    },
    {
      "type": "Feature",
      "properties": {
        "name": "Kolheisvingen lekeplass",
        "source": "osm",
        "sourceId": "way/297185682",
        "images": [],
        "age": {
          "min": 0,
          "max": 16
        },
        "opening": "",
        "equipment": [],
        "rating": {
          "average": 0,
          "count": 0
        },
        "accessibility": {
          "wheelchair": "unknown",
          "stroller": "unknown"
        },
        "fenced": false,
        "toilets": false,
        "parking": {
          "free": true,
          "paid": false
        },
        "dogs": {
          "allowed": true,
          "leash": false
        },
        "municipality": "",
        "verified": true,
        "lastVerified": "2026-10-05",
        "sources": [
          {
            "type": "osm",
            "id": "way/297185682",
            "retrievedAt": "2026-10-05"
          }
        ],
        "id": "osm-way-297185682"
      },
      "geometry": {
        "type": "Point",
        "coordinates": [
          5.7109146,
          58.9009662
        ]
      }
    },
    {
      "type": "Feature",
      "properties": {
        "name": "Utkjent lekeplass",
        "source": "osm",
        "sourceId": "way/297185998",
        "images": [],
        "age": {
          "min": 0,
          "max": 16
        },
        "opening": "",
        "equipment": [],
        "rating": {
          "average": 0,
          "count": 0
        },
        "accessibility": {
          "wheelchair": "unknown",
          "stroller": "unknown"
        },
        "fenced": false,
        "toilets": false,
        "parking": {
          "free": true,
          "paid": false
        },
        "dogs": {
          "allowed": true,
          "leash": false
        },
        "municipality": "",
        "verified": false,
        "lastVerified": "2026-10-05",
        "sources": [
          {
            "type": "osm",
            "id": "way/297185998",
            "retrievedAt": "2026-10-05"
          }
        ],
        "id": "osm-way-297185998"
      },
      "geometry": {
        "type": "Point",
        "coordinates": [
          5.7091077,
          58.9008482
        ]
      }
    },
    {
      "type": "Feature",
      "properties": {
        "name": "Utkjent lekeplass",
        "source": "osm",
        "sourceId": "way/297186007",
        "images": [],
        "age": {
          "min": 0,
          "max": 16
        },
        "opening": "",
        "equipment": [],
        "rating": {
          "average": 0,
          "count": 0
        },
        "accessibility": {
          "wheelchair": "unknown",
          "stroller": "unknown"
        },
        "fenced": false,
        "toilets": false,
        "parking": {
          "free": true,
          "paid": false
        },
        "dogs": {
          "allowed": true,
          "leash": false
        },
        "municipality": "",
        "verified": false,
        "lastVerified": "2026-10-05",
        "sources": [
          {
            "type": "osm",
            "id": "way/297186007",
            "retrievedAt": "2026-10-05"
          }
        ],
        "id": "osm-way-297186007"
      },
      "geometry": {
        "type": "Point",
        "coordinates": [
          5.7091068,
          58.9018262
        ]
      }
    },
    {
      "type": "Feature",
      "properties": {
        "name": "Slettmyra lekeplass",
        "source": "osm",
        "sourceId": "way/297188264",
        "images": [],
        "age": {
          "min": 0,
          "max": 16
        },
        "opening": "",
        "equipment": [],
        "rating": {
          "average": 0,
          "count": 0
        },
        "accessibility": {
          "wheelchair": "unknown",
          "stroller": "unknown"
        },
        "fenced": false,
        "toilets": false,
        "parking": {
          "free": true,
          "paid": false
        },
        "dogs": {
          "allowed": true,
          "leash": false
        },
        "municipality": "",
        "verified": true,
        "lastVerified": "2026-10-05",
        "sources": [
          {
            "type": "osm",
            "id": "way/297188264",
            "retrievedAt": "2026-10-05"
          }
        ],
        "id": "osm-way-297188264"
      },
      "geometry": {
        "type": "Point",
        "coordinates": [
          5.70836,
          58.9024943
        ]
      }
    },
    {
      "type": "Feature",
      "properties": {
        "name": "Utkjent lekeplass",
        "source": "osm",
        "sourceId": "way/297188576",
        "images": [],
        "age": {
          "min": 0,
          "max": 16
        },
        "opening": "",
        "equipment": [],
        "rating": {
          "average": 0,
          "count": 0
        },
        "accessibility": {
          "wheelchair": "unknown",
          "stroller": "unknown"
        },
        "fenced": false,
        "toilets": false,
        "parking": {
          "free": true,
          "paid": false
        },
        "dogs": {
          "allowed": true,
          "leash": false
        },
        "municipality": "",
        "verified": false,
        "lastVerified": "2026-10-05",
        "sources": [
          {
            "type": "osm",
            "id": "way/297188576",
            "retrievedAt": "2026-10-05"
          }
        ],
        "id": "osm-way-297188576"
      },
      "geometry": {
        "type": "Point",
        "coordinates": [
          5.7093649,
          58.9027122
        ]
      }
    },
    {
      "type": "Feature",
      "properties": {
        "name": "Utkjent lekeplass",
        "source": "osm",
        "sourceId": "way/297188898",
        "images": [],
        "age": {
          "min": 0,
          "max": 16
        },
        "opening": "",
        "equipment": [],
        "rating": {
          "average": 0,
          "count": 0
        },
        "accessibility": {
          "wheelchair": "unknown",
          "stroller": "unknown"
        },
        "fenced": false,
        "toilets": false,
        "parking": {
          "free": true,
          "paid": false
        },
        "dogs": {
          "allowed": true,
          "leash": false
        },
        "municipality": "",
        "verified": false,
        "lastVerified": "2026-10-05",
        "sources": [
          {
            "type": "osm",
            "id": "way/297188898",
            "retrievedAt": "2026-10-05"
          }
        ],
        "id": "osm-way-297188898"
      },
      "geometry": {
        "type": "Point",
        "coordinates": [
          5.7104037,
          58.9024912
        ]
      }
    },
    {
      "type": "Feature",
      "properties": {
        "name": "Utkjent lekeplass",
        "source": "osm",
        "sourceId": "way/297202519",
        "images": [],
        "age": {
          "min": 0,
          "max": 16
        },
        "opening": "",
        "equipment": [],
        "rating": {
          "average": 0,
          "count": 0
        },
        "accessibility": {
          "wheelchair": "unknown",
          "stroller": "unknown"
        },
        "fenced": false,
        "toilets": false,
        "parking": {
          "free": true,
          "paid": false
        },
        "dogs": {
          "allowed": true,
          "leash": false
        },
        "municipality": "",
        "verified": false,
        "lastVerified": "2026-10-05",
        "sources": [
          {
            "type": "osm",
            "id": "way/297202519",
            "retrievedAt": "2026-10-05"
          }
        ],
        "id": "osm-way-297202519"
      },
      "geometry": {
        "type": "Point",
        "coordinates": [
          5.7139467,
          58.9006078
        ]
      }
    },
    {
      "type": "Feature",
      "properties": {
        "name": "Godeset Skole - Skolegården",
        "source": "osm",
        "sourceId": "way/297202987",
        "images": [],
        "age": {
          "min": 0,
          "max": 16
        },
        "opening": "",
        "equipment": [],
        "rating": {
          "average": 0,
          "count": 0
        },
        "accessibility": {
          "wheelchair": "unknown",
          "stroller": "unknown"
        },
        "fenced": false,
        "toilets": false,
        "parking": {
          "free": true,
          "paid": false
        },
        "dogs": {
          "allowed": true,
          "leash": false
        },
        "municipality": "",
        "verified": true,
        "lastVerified": "2026-10-05",
        "sources": [
          {
            "type": "osm",
            "id": "way/297202987",
            "retrievedAt": "2026-10-05"
          }
        ],
        "id": "osm-way-297202987"
      },
      "geometry": {
        "type": "Point",
        "coordinates": [
          5.7139502,
          58.9007835
        ]
      }
    },
    {
      "type": "Feature",
      "properties": {
        "name": "Utkjent lekeplass",
        "source": "osm",
        "sourceId": "way/300060312",
        "images": [],
        "age": {
          "min": 0,
          "max": 16
        },
        "opening": "",
        "equipment": [],
        "rating": {
          "average": 0,
          "count": 0
        },
        "accessibility": {
          "wheelchair": "unknown",
          "stroller": "unknown"
        },
        "fenced": false,
        "toilets": false,
        "parking": {
          "free": true,
          "paid": false
        },
        "dogs": {
          "allowed": true,
          "leash": false
        },
        "municipality": "",
        "verified": false,
        "lastVerified": "2026-10-05",
        "sources": [
          {
            "type": "osm",
            "id": "way/300060312",
            "retrievedAt": "2026-10-05"
          }
        ],
        "id": "osm-way-300060312"
      },
      "geometry": {
        "type": "Point",
        "coordinates": [
          5.6919468,
          58.9302506
        ]
      }
    },
    {
      "type": "Feature",
      "properties": {
        "name": "Utkjent lekeplass",
        "source": "osm",
        "sourceId": "way/307232708",
        "images": [],
        "age": {
          "min": 0,
          "max": 16
        },
        "opening": "",
        "equipment": [],
        "rating": {
          "average": 0,
          "count": 0
        },
        "accessibility": {
          "wheelchair": "unknown",
          "stroller": "unknown"
        },
        "fenced": false,
        "toilets": false,
        "parking": {
          "free": true,
          "paid": false
        },
        "dogs": {
          "allowed": true,
          "leash": false
        },
        "municipality": "",
        "verified": false,
        "lastVerified": "2026-10-05",
        "sources": [
          {
            "type": "osm",
            "id": "way/307232708",
            "retrievedAt": "2026-10-05"
          }
        ],
        "id": "osm-way-307232708"
      },
      "geometry": {
        "type": "Point",
        "coordinates": [
          5.6979537,
          58.9575798
        ]
      }
    },
    {
      "type": "Feature",
      "properties": {
        "name": "Utkjent lekeplass",
        "source": "osm",
        "sourceId": "way/31713007",
        "images": [],
        "age": {
          "min": 0,
          "max": 16
        },
        "opening": "",
        "equipment": [],
        "rating": {
          "average": 0,
          "count": 0
        },
        "accessibility": {
          "wheelchair": "unknown",
          "stroller": "unknown"
        },
        "fenced": false,
        "toilets": false,
        "parking": {
          "free": true,
          "paid": false
        },
        "dogs": {
          "allowed": true,
          "leash": false
        },
        "municipality": "",
        "verified": false,
        "lastVerified": "2026-10-05",
        "sources": [
          {
            "type": "osm",
            "id": "way/31713007",
            "retrievedAt": "2026-10-05"
          }
        ],
        "id": "osm-way-31713007"
      },
      "geometry": {
        "type": "Point",
        "coordinates": [
          5.715717,
          58.9723176
        ]
      }
    },
    {
      "type": "Feature",
      "properties": {
        "name": "Utkjent lekeplass",
        "source": "osm",
        "sourceId": "way/32149943",
        "images": [],
        "age": {
          "min": 0,
          "max": 16
        },
        "opening": "",
        "equipment": [],
        "rating": {
          "average": 0,
          "count": 0
        },
        "accessibility": {
          "wheelchair": "unknown",
          "stroller": "unknown"
        },
        "fenced": false,
        "toilets": false,
        "parking": {
          "free": true,
          "paid": false
        },
        "dogs": {
          "allowed": true,
          "leash": false
        },
        "municipality": "",
        "verified": false,
        "lastVerified": "2026-10-05",
        "sources": [
          {
            "type": "osm",
            "id": "way/32149943",
            "retrievedAt": "2026-10-05"
          }
        ],
        "id": "osm-way-32149943"
      },
      "geometry": {
        "type": "Point",
        "coordinates": [
          5.7147387,
          58.9704673
        ]
      }
    },
    {
      "type": "Feature",
      "properties": {
        "name": "Utkjent lekeplass",
        "source": "osm",
        "sourceId": "way/32524984",
        "images": [],
        "age": {
          "min": 0,
          "max": 16
        },
        "opening": "",
        "equipment": [],
        "rating": {
          "average": 0,
          "count": 0
        },
        "accessibility": {
          "wheelchair": "unknown",
          "stroller": "unknown"
        },
        "fenced": false,
        "toilets": false,
        "parking": {
          "free": true,
          "paid": false
        },
        "dogs": {
          "allowed": true,
          "leash": false
        },
        "municipality": "",
        "verified": false,
        "lastVerified": "2026-10-05",
        "sources": [
          {
            "type": "osm",
            "id": "way/32524984",
            "retrievedAt": "2026-10-05"
          }
        ],
        "id": "osm-way-32524984"
      },
      "geometry": {
        "type": "Point",
        "coordinates": [
          5.7129228,
          58.9701754
        ]
      }
    },
    {
      "type": "Feature",
      "properties": {
        "name": "Utkjent lekeplass",
        "source": "osm",
        "sourceId": "way/32655233",
        "images": [],
        "age": {
          "min": 0,
          "max": 16
        },
        "opening": "",
        "equipment": [],
        "rating": {
          "average": 0,
          "count": 0
        },
        "accessibility": {
          "wheelchair": "unknown",
          "stroller": "unknown"
        },
        "fenced": false,
        "toilets": false,
        "parking": {
          "free": true,
          "paid": false
        },
        "dogs": {
          "allowed": true,
          "leash": false
        },
        "municipality": "",
        "verified": false,
        "lastVerified": "2026-10-05",
        "sources": [
          {
            "type": "osm",
            "id": "way/32655233",
            "retrievedAt": "2026-10-05"
          }
        ],
        "id": "osm-way-32655233"
      },
      "geometry": {
        "type": "Point",
        "coordinates": [
          5.7186498,
          58.9773097
        ]
      }
    },
    {
      "type": "Feature",
      "properties": {
        "name": "Utkjent lekeplass",
        "source": "osm",
        "sourceId": "way/32866908",
        "images": [],
        "age": {
          "min": 0,
          "max": 16
        },
        "opening": "",
        "equipment": [],
        "rating": {
          "average": 0,
          "count": 0
        },
        "accessibility": {
          "wheelchair": "unknown",
          "stroller": "unknown"
        },
        "fenced": false,
        "toilets": false,
        "parking": {
          "free": true,
          "paid": false
        },
        "dogs": {
          "allowed": true,
          "leash": false
        },
        "municipality": "",
        "verified": false,
        "lastVerified": "2026-10-05",
        "sources": [
          {
            "type": "osm",
            "id": "way/32866908",
            "retrievedAt": "2026-10-05"
          }
        ],
        "id": "osm-way-32866908"
      },
      "geometry": {
        "type": "Point",
        "coordinates": [
          5.7202116,
          58.9612321
        ]
      }
    },
    {
      "type": "Feature",
      "properties": {
        "name": "Utkjent lekeplass",
        "source": "osm",
        "sourceId": "way/32867077",
        "images": [],
        "age": {
          "min": 0,
          "max": 16
        },
        "opening": "",
        "equipment": [],
        "rating": {
          "average": 0,
          "count": 0
        },
        "accessibility": {
          "wheelchair": "unknown",
          "stroller": "unknown"
        },
        "fenced": false,
        "toilets": false,
        "parking": {
          "free": true,
          "paid": false
        },
        "dogs": {
          "allowed": true,
          "leash": false
        },
        "municipality": "",
        "verified": false,
        "lastVerified": "2026-10-05",
        "sources": [
          {
            "type": "osm",
            "id": "way/32867077",
            "retrievedAt": "2026-10-05"
          }
        ],
        "id": "osm-way-32867077"
      },
      "geometry": {
        "type": "Point",
        "coordinates": [
          5.6991573,
          58.9523076
        ]
      }
    },
    {
      "type": "Feature",
      "properties": {
        "name": "Lekeplass",
        "source": "osm",
        "sourceId": "way/329871501",
        "images": [],
        "age": {
          "min": 0,
          "max": 16
        },
        "opening": "",
        "equipment": [],
        "rating": {
          "average": 0,
          "count": 0
        },
        "accessibility": {
          "wheelchair": "unknown",
          "stroller": "unknown"
        },
        "fenced": false,
        "toilets": false,
        "parking": {
          "free": true,
          "paid": false
        },
        "dogs": {
          "allowed": true,
          "leash": false
        },
        "municipality": "",
        "verified": true,
        "lastVerified": "2026-10-05",
        "sources": [
          {
            "type": "osm",
            "id": "way/329871501",
            "retrievedAt": "2026-10-05"
          }
        ],
        "id": "osm-way-329871501"
      },
      "geometry": {
        "type": "Point",
        "coordinates": [
          5.6235424,
          58.9606517
        ]
      }
    },
    {
      "type": "Feature",
      "properties": {
        "name": "Utkjent lekeplass",
        "source": "osm",
        "sourceId": "way/330200621",
        "images": [],
        "age": {
          "min": 0,
          "max": 16
        },
        "opening": "",
        "equipment": [],
        "rating": {
          "average": 0,
          "count": 0
        },
        "accessibility": {
          "wheelchair": "unknown",
          "stroller": "unknown"
        },
        "fenced": false,
        "toilets": false,
        "parking": {
          "free": true,
          "paid": false
        },
        "dogs": {
          "allowed": true,
          "leash": false
        },
        "municipality": "",
        "verified": false,
        "lastVerified": "2026-10-05",
        "sources": [
          {
            "type": "osm",
            "id": "way/330200621",
            "retrievedAt": "2026-10-05"
          }
        ],
        "id": "osm-way-330200621"
      },
      "geometry": {
        "type": "Point",
        "coordinates": [
          5.6150738,
          58.9611142
        ]
      }
    },
    {
      "type": "Feature",
      "properties": {
        "name": "Utkjent lekeplass",
        "source": "osm",
        "sourceId": "way/33092256",
        "images": [],
        "age": {
          "min": 0,
          "max": 16
        },
        "opening": "",
        "equipment": [],
        "rating": {
          "average": 0,
          "count": 0
        },
        "accessibility": {
          "wheelchair": "unknown",
          "stroller": "unknown"
        },
        "fenced": false,
        "toilets": false,
        "parking": {
          "free": true,
          "paid": false
        },
        "dogs": {
          "allowed": true,
          "leash": false
        },
        "municipality": "",
        "verified": false,
        "lastVerified": "2026-10-05",
        "sources": [
          {
            "type": "osm",
            "id": "way/33092256",
            "retrievedAt": "2026-10-05"
          }
        ],
        "id": "osm-way-33092256"
      },
      "geometry": {
        "type": "Point",
        "coordinates": [
          5.7073726,
          58.9760987
        ]
      }
    },
    {
      "type": "Feature",
      "properties": {
        "name": "Utkjent lekeplass",
        "source": "osm",
        "sourceId": "way/331292015",
        "images": [],
        "age": {
          "min": 0,
          "max": 16
        },
        "opening": "",
        "equipment": [],
        "rating": {
          "average": 0,
          "count": 0
        },
        "accessibility": {
          "wheelchair": "unknown",
          "stroller": "unknown"
        },
        "fenced": false,
        "toilets": false,
        "parking": {
          "free": true,
          "paid": false
        },
        "dogs": {
          "allowed": true,
          "leash": false
        },
        "municipality": "",
        "verified": false,
        "lastVerified": "2026-10-05",
        "sources": [
          {
            "type": "osm",
            "id": "way/331292015",
            "retrievedAt": "2026-10-05"
          }
        ],
        "id": "osm-way-331292015"
      },
      "geometry": {
        "type": "Point",
        "coordinates": [
          5.7092094,
          58.9640775
        ]
      }
    },
    {
      "type": "Feature",
      "properties": {
        "name": "Utkjent lekeplass",
        "source": "osm",
        "sourceId": "way/33188428",
        "images": [],
        "age": {
          "min": 0,
          "max": 16
        },
        "opening": "",
        "equipment": [],
        "rating": {
          "average": 0,
          "count": 0
        },
        "accessibility": {
          "wheelchair": "unknown",
          "stroller": "unknown"
        },
        "fenced": false,
        "toilets": false,
        "parking": {
          "free": true,
          "paid": false
        },
        "dogs": {
          "allowed": true,
          "leash": false
        },
        "municipality": "",
        "verified": false,
        "lastVerified": "2026-10-05",
        "sources": [
          {
            "type": "osm",
            "id": "way/33188428",
            "retrievedAt": "2026-10-05"
          }
        ],
        "id": "osm-way-33188428"
      },
      "geometry": {
        "type": "Point",
        "coordinates": [
          5.614059,
          58.9238859
        ]
      }
    },
    {
      "type": "Feature",
      "properties": {
        "name": "Haga skole",
        "source": "osm",
        "sourceId": "way/33189486",
        "images": [],
        "age": {
          "min": 0,
          "max": 16
        },
        "opening": "",
        "equipment": [],
        "rating": {
          "average": 0,
          "count": 0
        },
        "accessibility": {
          "wheelchair": "unknown",
          "stroller": "unknown"
        },
        "fenced": false,
        "toilets": false,
        "parking": {
          "free": true,
          "paid": false
        },
        "dogs": {
          "allowed": true,
          "leash": false
        },
        "municipality": "",
        "verified": true,
        "lastVerified": "2026-10-05",
        "sources": [
          {
            "type": "osm",
            "id": "way/33189486",
            "retrievedAt": "2026-10-05"
          }
        ],
        "id": "osm-way-33189486"
      },
      "geometry": {
        "type": "Point",
        "coordinates": [
          5.6047827,
          58.9372707
        ]
      }
    },
    {
      "type": "Feature",
      "properties": {
        "name": "Adolph Bergs vei lekeplass",
        "source": "osm",
        "sourceId": "way/34110482",
        "images": [],
        "age": {
          "min": 0,
          "max": 16
        },
        "opening": "",
        "equipment": [],
        "rating": {
          "average": 0,
          "count": 0
        },
        "accessibility": {
          "wheelchair": "unknown",
          "stroller": "unknown"
        },
        "fenced": false,
        "toilets": false,
        "parking": {
          "free": true,
          "paid": false
        },
        "dogs": {
          "allowed": true,
          "leash": false
        },
        "municipality": "",
        "verified": true,
        "lastVerified": "2026-10-05",
        "sources": [
          {
            "type": "osm",
            "id": "way/34110482",
            "retrievedAt": "2026-10-05"
          }
        ],
        "id": "osm-way-34110482"
      },
      "geometry": {
        "type": "Point",
        "coordinates": [
          5.3646277,
          60.3610977
        ]
      }
    },
    {
      "type": "Feature",
      "properties": {
        "name": "Utkjent lekeplass",
        "source": "osm",
        "sourceId": "way/347252596",
        "images": [],
        "age": {
          "min": 0,
          "max": 16
        },
        "opening": "",
        "equipment": [],
        "rating": {
          "average": 0,
          "count": 0
        },
        "accessibility": {
          "wheelchair": "unknown",
          "stroller": "unknown"
        },
        "fenced": false,
        "toilets": false,
        "parking": {
          "free": true,
          "paid": false
        },
        "dogs": {
          "allowed": true,
          "leash": false
        },
        "municipality": "",
        "verified": false,
        "lastVerified": "2026-10-05",
        "sources": [
          {
            "type": "osm",
            "id": "way/347252596",
            "retrievedAt": "2026-10-05"
          }
        ],
        "id": "osm-way-347252596"
      },
      "geometry": {
        "type": "Point",
        "coordinates": [
          5.6512128,
          58.973005
        ]
      }
    },
    {
      "type": "Feature",
      "properties": {
        "name": "Utkjent lekeplass",
        "source": "osm",
        "sourceId": "way/34855015",
        "images": [],
        "age": {
          "min": 0,
          "max": 16
        },
        "opening": "",
        "equipment": [],
        "rating": {
          "average": 0,
          "count": 0
        },
        "accessibility": {
          "wheelchair": "unknown",
          "stroller": "unknown"
        },
        "fenced": false,
        "toilets": false,
        "parking": {
          "free": true,
          "paid": false
        },
        "dogs": {
          "allowed": true,
          "leash": false
        },
        "municipality": "",
        "verified": false,
        "lastVerified": "2026-10-05",
        "sources": [
          {
            "type": "osm",
            "id": "way/34855015",
            "retrievedAt": "2026-10-05"
          }
        ],
        "id": "osm-way-34855015"
      },
      "geometry": {
        "type": "Point",
        "coordinates": [
          5.3649927,
          60.3643192
        ]
      }
    },
    {
      "type": "Feature",
      "properties": {
        "name": "Den elektriske lekeplassen",
        "source": "osm",
        "sourceId": "way/35474086",
        "images": [],
        "age": {
          "min": 0,
          "max": 16
        },
        "opening": "",
        "equipment": [],
        "rating": {
          "average": 0,
          "count": 0
        },
        "accessibility": {
          "wheelchair": "unknown",
          "stroller": "unknown"
        },
        "fenced": false,
        "toilets": false,
        "parking": {
          "free": true,
          "paid": false
        },
        "dogs": {
          "allowed": true,
          "leash": false
        },
        "municipality": "",
        "verified": true,
        "lastVerified": "2026-10-05",
        "sources": [
          {
            "type": "osm",
            "id": "way/35474086",
            "retrievedAt": "2026-10-05"
          }
        ],
        "id": "osm-way-35474086"
      },
      "geometry": {
        "type": "Point",
        "coordinates": [
          5.7092864,
          58.9650836
        ]
      }
    },
    {
      "type": "Feature",
      "properties": {
        "name": "Utkjent lekeplass",
        "source": "osm",
        "sourceId": "way/35787226",
        "images": [],
        "age": {
          "min": 0,
          "max": 16
        },
        "opening": "",
        "equipment": [],
        "rating": {
          "average": 0,
          "count": 0
        },
        "accessibility": {
          "wheelchair": "unknown",
          "stroller": "unknown"
        },
        "fenced": false,
        "toilets": false,
        "parking": {
          "free": true,
          "paid": false
        },
        "dogs": {
          "allowed": true,
          "leash": false
        },
        "municipality": "",
        "verified": false,
        "lastVerified": "2026-10-05",
        "sources": [
          {
            "type": "osm",
            "id": "way/35787226",
            "retrievedAt": "2026-10-05"
          }
        ],
        "id": "osm-way-35787226"
      },
      "geometry": {
        "type": "Point",
        "coordinates": [
          5.3055942,
          60.3713317
        ]
      }
    },
    {
      "type": "Feature",
      "properties": {
        "name": "Utkjent lekeplass",
        "source": "osm",
        "sourceId": "way/35787227",
        "images": [],
        "age": {
          "min": 0,
          "max": 16
        },
        "opening": "",
        "equipment": [],
        "rating": {
          "average": 0,
          "count": 0
        },
        "accessibility": {
          "wheelchair": "unknown",
          "stroller": "unknown"
        },
        "fenced": false,
        "toilets": false,
        "parking": {
          "free": true,
          "paid": false
        },
        "dogs": {
          "allowed": true,
          "leash": false
        },
        "municipality": "",
        "verified": false,
        "lastVerified": "2026-10-05",
        "sources": [
          {
            "type": "osm",
            "id": "way/35787227",
            "retrievedAt": "2026-10-05"
          }
        ],
        "id": "osm-way-35787227"
      },
      "geometry": {
        "type": "Point",
        "coordinates": [
          5.3015421,
          60.3753891
        ]
      }
    },
    {
      "type": "Feature",
      "properties": {
        "name": "Utkjent lekeplass",
        "source": "osm",
        "sourceId": "way/35972256",
        "images": [],
        "age": {
          "min": 0,
          "max": 16
        },
        "opening": "",
        "equipment": [],
        "rating": {
          "average": 0,
          "count": 0
        },
        "accessibility": {
          "wheelchair": "unknown",
          "stroller": "unknown"
        },
        "fenced": false,
        "toilets": false,
        "parking": {
          "free": true,
          "paid": false
        },
        "dogs": {
          "allowed": true,
          "leash": false
        },
        "municipality": "",
        "verified": false,
        "lastVerified": "2026-10-05",
        "sources": [
          {
            "type": "osm",
            "id": "way/35972256",
            "retrievedAt": "2026-10-05"
          }
        ],
        "id": "osm-way-35972256"
      },
      "geometry": {
        "type": "Point",
        "coordinates": [
          5.7111329,
          58.9509359
        ]
      }
    },
    {
      "type": "Feature",
      "properties": {
        "name": "Utkjent lekeplass",
        "source": "osm",
        "sourceId": "way/367982842",
        "images": [],
        "age": {
          "min": 0,
          "max": 16
        },
        "opening": "",
        "equipment": [],
        "rating": {
          "average": 0,
          "count": 0
        },
        "accessibility": {
          "wheelchair": "unknown",
          "stroller": "unknown"
        },
        "fenced": false,
        "toilets": false,
        "parking": {
          "free": true,
          "paid": false
        },
        "dogs": {
          "allowed": true,
          "leash": false
        },
        "municipality": "",
        "verified": false,
        "lastVerified": "2026-10-05",
        "sources": [
          {
            "type": "osm",
            "id": "way/367982842",
            "retrievedAt": "2026-10-05"
          }
        ],
        "id": "osm-way-367982842"
      },
      "geometry": {
        "type": "Point",
        "coordinates": [
          5.3006433,
          60.4217855
        ]
      }
    },
    {
      "type": "Feature",
      "properties": {
        "name": "Utkjent lekeplass",
        "source": "osm",
        "sourceId": "way/36921090",
        "images": [],
        "age": {
          "min": 0,
          "max": 16
        },
        "opening": "",
        "equipment": [],
        "rating": {
          "average": 0,
          "count": 0
        },
        "accessibility": {
          "wheelchair": "unknown",
          "stroller": "unknown"
        },
        "fenced": false,
        "toilets": false,
        "parking": {
          "free": true,
          "paid": false
        },
        "dogs": {
          "allowed": true,
          "leash": false
        },
        "municipality": "",
        "verified": false,
        "lastVerified": "2026-10-05",
        "sources": [
          {
            "type": "osm",
            "id": "way/36921090",
            "retrievedAt": "2026-10-05"
          }
        ],
        "id": "osm-way-36921090"
      },
      "geometry": {
        "type": "Point",
        "coordinates": [
          5.7022481,
          58.9475334
        ]
      }
    },
    {
      "type": "Feature",
      "properties": {
        "name": "Utkjent lekeplass",
        "source": "osm",
        "sourceId": "way/37002332",
        "images": [],
        "age": {
          "min": 0,
          "max": 16
        },
        "opening": "",
        "equipment": [],
        "rating": {
          "average": 0,
          "count": 0
        },
        "accessibility": {
          "wheelchair": "unknown",
          "stroller": "unknown"
        },
        "fenced": false,
        "toilets": false,
        "parking": {
          "free": true,
          "paid": false
        },
        "dogs": {
          "allowed": true,
          "leash": false
        },
        "municipality": "",
        "verified": false,
        "lastVerified": "2026-10-05",
        "sources": [
          {
            "type": "osm",
            "id": "way/37002332",
            "retrievedAt": "2026-10-05"
          }
        ],
        "id": "osm-way-37002332"
      },
      "geometry": {
        "type": "Point",
        "coordinates": [
          5.6860271,
          58.9555351
        ]
      }
    },
    {
      "type": "Feature",
      "properties": {
        "name": "Utkjent lekeplass",
        "source": "osm",
        "sourceId": "way/371697841",
        "images": [],
        "age": {
          "min": 0,
          "max": 16
        },
        "opening": "",
        "equipment": [],
        "rating": {
          "average": 0,
          "count": 0
        },
        "accessibility": {
          "wheelchair": "unknown",
          "stroller": "unknown"
        },
        "fenced": false,
        "toilets": false,
        "parking": {
          "free": true,
          "paid": false
        },
        "dogs": {
          "allowed": true,
          "leash": false
        },
        "municipality": "",
        "verified": false,
        "lastVerified": "2026-10-05",
        "sources": [
          {
            "type": "osm",
            "id": "way/371697841",
            "retrievedAt": "2026-10-05"
          }
        ],
        "id": "osm-way-371697841"
      },
      "geometry": {
        "type": "Point",
        "coordinates": [
          5.313089,
          60.4229664
        ]
      }
    },
    {
      "type": "Feature",
      "properties": {
        "name": "Utkjent lekeplass",
        "source": "osm",
        "sourceId": "way/375828608",
        "images": [],
        "age": {
          "min": 0,
          "max": 16
        },
        "opening": "",
        "equipment": [],
        "rating": {
          "average": 0,
          "count": 0
        },
        "accessibility": {
          "wheelchair": "unknown",
          "stroller": "unknown"
        },
        "fenced": false,
        "toilets": false,
        "parking": {
          "free": true,
          "paid": false
        },
        "dogs": {
          "allowed": true,
          "leash": false
        },
        "municipality": "",
        "verified": false,
        "lastVerified": "2026-10-05",
        "sources": [
          {
            "type": "osm",
            "id": "way/375828608",
            "retrievedAt": "2026-10-05"
          }
        ],
        "id": "osm-way-375828608"
      },
      "geometry": {
        "type": "Point",
        "coordinates": [
          5.3611177,
          60.3795416
        ]
      }
    },
    {
      "type": "Feature",
      "properties": {
        "name": "Utkjent lekeplass",
        "source": "osm",
        "sourceId": "way/375828615",
        "images": [],
        "age": {
          "min": 0,
          "max": 16
        },
        "opening": "",
        "equipment": [],
        "rating": {
          "average": 0,
          "count": 0
        },
        "accessibility": {
          "wheelchair": "unknown",
          "stroller": "unknown"
        },
        "fenced": false,
        "toilets": false,
        "parking": {
          "free": true,
          "paid": false
        },
        "dogs": {
          "allowed": true,
          "leash": false
        },
        "municipality": "",
        "verified": false,
        "lastVerified": "2026-10-05",
        "sources": [
          {
            "type": "osm",
            "id": "way/375828615",
            "retrievedAt": "2026-10-05"
          }
        ],
        "id": "osm-way-375828615"
      },
      "geometry": {
        "type": "Point",
        "coordinates": [
          5.3481203,
          60.3859341
        ]
      }
    },
    {
      "type": "Feature",
      "properties": {
        "name": "Utkjent lekeplass",
        "source": "osm",
        "sourceId": "way/393025482",
        "images": [],
        "age": {
          "min": 0,
          "max": 16
        },
        "opening": "",
        "equipment": [],
        "rating": {
          "average": 0,
          "count": 0
        },
        "accessibility": {
          "wheelchair": "unknown",
          "stroller": "unknown"
        },
        "fenced": false,
        "toilets": false,
        "parking": {
          "free": true,
          "paid": false
        },
        "dogs": {
          "allowed": true,
          "leash": false
        },
        "municipality": "",
        "verified": false,
        "lastVerified": "2026-10-05",
        "sources": [
          {
            "type": "osm",
            "id": "way/393025482",
            "retrievedAt": "2026-10-05"
          }
        ],
        "id": "osm-way-393025482"
      },
      "geometry": {
        "type": "Point",
        "coordinates": [
          5.3228535,
          60.383279
        ]
      }
    },
    {
      "type": "Feature",
      "properties": {
        "name": "Herman Grans vei sør lekeplass",
        "source": "osm",
        "sourceId": "way/394114547",
        "images": [],
        "age": {
          "min": 0,
          "max": 16
        },
        "opening": "",
        "equipment": [],
        "rating": {
          "average": 0,
          "count": 0
        },
        "accessibility": {
          "wheelchair": "unknown",
          "stroller": "unknown"
        },
        "fenced": false,
        "toilets": false,
        "parking": {
          "free": true,
          "paid": false
        },
        "dogs": {
          "allowed": true,
          "leash": false
        },
        "municipality": "",
        "verified": true,
        "lastVerified": "2026-10-05",
        "sources": [
          {
            "type": "osm",
            "id": "way/394114547",
            "retrievedAt": "2026-10-05"
          }
        ],
        "id": "osm-way-394114547"
      },
      "geometry": {
        "type": "Point",
        "coordinates": [
          5.3010351,
          60.381926
        ]
      }
    },
    {
      "type": "Feature",
      "properties": {
        "name": "Solhaug lekeplass",
        "source": "osm",
        "sourceId": "way/403087982",
        "images": [],
        "age": {
          "min": 0,
          "max": 16
        },
        "opening": "",
        "equipment": [],
        "rating": {
          "average": 0,
          "count": 0
        },
        "accessibility": {
          "wheelchair": "unknown",
          "stroller": "unknown"
        },
        "fenced": false,
        "toilets": false,
        "parking": {
          "free": true,
          "paid": false
        },
        "dogs": {
          "allowed": true,
          "leash": false
        },
        "municipality": "",
        "verified": true,
        "lastVerified": "2026-10-05",
        "sources": [
          {
            "type": "osm",
            "id": "way/403087982",
            "retrievedAt": "2026-10-05"
          }
        ],
        "id": "osm-way-403087982"
      },
      "geometry": {
        "type": "Point",
        "coordinates": [
          5.3464542,
          60.3655484
        ]
      }
    },
    {
      "type": "Feature",
      "properties": {
        "name": "Leaparken barnehage",
        "source": "osm",
        "sourceId": "way/403090942",
        "images": [],
        "age": {
          "min": 0,
          "max": 5
        },
        "opening": "",
        "equipment": [],
        "rating": {
          "average": 0,
          "count": 0
        },
        "accessibility": {
          "wheelchair": "unknown",
          "stroller": "unknown"
        },
        "fenced": false,
        "toilets": false,
        "parking": {
          "free": true,
          "paid": false
        },
        "dogs": {
          "allowed": true,
          "leash": false
        },
        "municipality": "",
        "verified": true,
        "lastVerified": "2026-10-05",
        "sources": [
          {
            "type": "osm",
            "id": "way/403090942",
            "retrievedAt": "2026-10-05"
          }
        ],
        "id": "osm-way-403090942"
      },
      "geometry": {
        "type": "Point",
        "coordinates": [
          5.3480692,
          60.3653253
        ]
      }
    },
    {
      "type": "Feature",
      "properties": {
        "name": "Utkjent lekeplass",
        "source": "osm",
        "sourceId": "way/417401872",
        "images": [],
        "age": {
          "min": 0,
          "max": 16
        },
        "opening": "",
        "equipment": [],
        "rating": {
          "average": 0,
          "count": 0
        },
        "accessibility": {
          "wheelchair": "unknown",
          "stroller": "unknown"
        },
        "fenced": false,
        "toilets": false,
        "parking": {
          "free": true,
          "paid": false
        },
        "dogs": {
          "allowed": true,
          "leash": false
        },
        "municipality": "",
        "verified": false,
        "lastVerified": "2026-10-05",
        "sources": [
          {
            "type": "osm",
            "id": "way/417401872",
            "retrievedAt": "2026-10-05"
          }
        ],
        "id": "osm-way-417401872"
      },
      "geometry": {
        "type": "Point",
        "coordinates": [
          5.3442932,
          60.394559
        ]
      }
    },
    {
      "type": "Feature",
      "properties": {
        "name": "Trollskogen",
        "source": "osm",
        "sourceId": "way/417401883",
        "images": [],
        "age": {
          "min": 0,
          "max": 16
        },
        "opening": "",
        "equipment": [],
        "rating": {
          "average": 0,
          "count": 0
        },
        "accessibility": {
          "wheelchair": "unknown",
          "stroller": "unknown"
        },
        "fenced": false,
        "toilets": false,
        "parking": {
          "free": true,
          "paid": false
        },
        "dogs": {
          "allowed": true,
          "leash": false
        },
        "municipality": "",
        "verified": true,
        "lastVerified": "2026-10-05",
        "sources": [
          {
            "type": "osm",
            "id": "way/417401883",
            "retrievedAt": "2026-10-05"
          }
        ],
        "id": "osm-way-417401883"
      },
      "geometry": {
        "type": "Point",
        "coordinates": [
          5.3433181,
          60.3953992
        ]
      }
    },
    {
      "type": "Feature",
      "properties": {
        "name": "Trolløypen",
        "source": "osm",
        "sourceId": "way/417401886",
        "images": [],
        "age": {
          "min": 0,
          "max": 16
        },
        "opening": "",
        "equipment": [],
        "rating": {
          "average": 0,
          "count": 0
        },
        "accessibility": {
          "wheelchair": "unknown",
          "stroller": "unknown"
        },
        "fenced": false,
        "toilets": false,
        "parking": {
          "free": true,
          "paid": false
        },
        "dogs": {
          "allowed": true,
          "leash": false
        },
        "municipality": "",
        "verified": true,
        "lastVerified": "2026-10-05",
        "sources": [
          {
            "type": "osm",
            "id": "way/417401886",
            "retrievedAt": "2026-10-05"
          }
        ],
        "id": "osm-way-417401886"
      },
      "geometry": {
        "type": "Point",
        "coordinates": [
          5.3452976,
          60.394172
        ]
      }
    },
    {
      "type": "Feature",
      "properties": {
        "name": "Utkjent lekeplass",
        "source": "osm",
        "sourceId": "way/468565683",
        "images": [],
        "age": {
          "min": 0,
          "max": 16
        },
        "opening": "",
        "equipment": [],
        "rating": {
          "average": 0,
          "count": 0
        },
        "accessibility": {
          "wheelchair": "unknown",
          "stroller": "unknown"
        },
        "fenced": false,
        "toilets": false,
        "parking": {
          "free": true,
          "paid": false
        },
        "dogs": {
          "allowed": true,
          "leash": false
        },
        "municipality": "",
        "verified": false,
        "lastVerified": "2026-10-05",
        "sources": [
          {
            "type": "osm",
            "id": "way/468565683",
            "retrievedAt": "2026-10-05"
          }
        ],
        "id": "osm-way-468565683"
      },
      "geometry": {
        "type": "Point",
        "coordinates": [
          5.691958,
          58.9467127
        ]
      }
    },
    {
      "type": "Feature",
      "properties": {
        "name": "Utkjent lekeplass",
        "source": "osm",
        "sourceId": "way/468565685",
        "images": [],
        "age": {
          "min": 0,
          "max": 16
        },
        "opening": "",
        "equipment": [],
        "rating": {
          "average": 0,
          "count": 0
        },
        "accessibility": {
          "wheelchair": "unknown",
          "stroller": "unknown"
        },
        "fenced": false,
        "toilets": false,
        "parking": {
          "free": true,
          "paid": false
        },
        "dogs": {
          "allowed": true,
          "leash": false
        },
        "municipality": "",
        "verified": false,
        "lastVerified": "2026-10-05",
        "sources": [
          {
            "type": "osm",
            "id": "way/468565685",
            "retrievedAt": "2026-10-05"
          }
        ],
        "id": "osm-way-468565685"
      },
      "geometry": {
        "type": "Point",
        "coordinates": [
          5.6921008,
          58.9471113
        ]
      }
    },
    {
      "type": "Feature",
      "properties": {
        "name": "Utkjent lekeplass",
        "source": "osm",
        "sourceId": "way/468566806",
        "images": [],
        "age": {
          "min": 0,
          "max": 16
        },
        "opening": "",
        "equipment": [],
        "rating": {
          "average": 0,
          "count": 0
        },
        "accessibility": {
          "wheelchair": "unknown",
          "stroller": "unknown"
        },
        "fenced": false,
        "toilets": false,
        "parking": {
          "free": true,
          "paid": false
        },
        "dogs": {
          "allowed": true,
          "leash": false
        },
        "municipality": "",
        "verified": false,
        "lastVerified": "2026-10-05",
        "sources": [
          {
            "type": "osm",
            "id": "way/468566806",
            "retrievedAt": "2026-10-05"
          }
        ],
        "id": "osm-way-468566806"
      },
      "geometry": {
        "type": "Point",
        "coordinates": [
          5.6884337,
          58.9492346
        ]
      }
    },
    {
      "type": "Feature",
      "properties": {
        "name": "Nordnesparken lekeområde",
        "source": "osm",
        "sourceId": "way/4698296",
        "images": [],
        "age": {
          "min": 0,
          "max": 16
        },
        "opening": "",
        "equipment": [],
        "rating": {
          "average": 0,
          "count": 0
        },
        "accessibility": {
          "wheelchair": "unknown",
          "stroller": "unknown"
        },
        "fenced": false,
        "toilets": false,
        "parking": {
          "free": true,
          "paid": false
        },
        "dogs": {
          "allowed": true,
          "leash": false
        },
        "municipality": "",
        "verified": true,
        "lastVerified": "2026-10-05",
        "sources": [
          {
            "type": "osm",
            "id": "way/4698296",
            "retrievedAt": "2026-10-05"
          }
        ],
        "id": "osm-way-4698296"
      },
      "geometry": {
        "type": "Point",
        "coordinates": [
          5.302157,
          60.3995508
        ]
      }
    },
    {
      "type": "Feature",
      "properties": {
        "name": "Utkjent lekeplass",
        "source": "osm",
        "sourceId": "way/480745545",
        "images": [],
        "age": {
          "min": 0,
          "max": 16
        },
        "opening": "",
        "equipment": [],
        "rating": {
          "average": 0,
          "count": 0
        },
        "accessibility": {
          "wheelchair": "unknown",
          "stroller": "unknown"
        },
        "fenced": false,
        "toilets": false,
        "parking": {
          "free": true,
          "paid": false
        },
        "dogs": {
          "allowed": true,
          "leash": false
        },
        "municipality": "",
        "verified": false,
        "lastVerified": "2026-10-05",
        "sources": [
          {
            "type": "osm",
            "id": "way/480745545",
            "retrievedAt": "2026-10-05"
          }
        ],
        "id": "osm-way-480745545"
      },
      "geometry": {
        "type": "Point",
        "coordinates": [
          5.3054005,
          60.3740689
        ]
      }
    },
    {
      "type": "Feature",
      "properties": {
        "name": "Utkjent lekeplass",
        "source": "osm",
        "sourceId": "way/480745546",
        "images": [],
        "age": {
          "min": 0,
          "max": 16
        },
        "opening": "",
        "equipment": [],
        "rating": {
          "average": 0,
          "count": 0
        },
        "accessibility": {
          "wheelchair": "unknown",
          "stroller": "unknown"
        },
        "fenced": false,
        "toilets": false,
        "parking": {
          "free": true,
          "paid": false
        },
        "dogs": {
          "allowed": true,
          "leash": false
        },
        "municipality": "",
        "verified": false,
        "lastVerified": "2026-10-05",
        "sources": [
          {
            "type": "osm",
            "id": "way/480745546",
            "retrievedAt": "2026-10-05"
          }
        ],
        "id": "osm-way-480745546"
      },
      "geometry": {
        "type": "Point",
        "coordinates": [
          5.3051013,
          60.3739225
        ]
      }
    },
    {
      "type": "Feature",
      "properties": {
        "name": "Utkjent lekeplass",
        "source": "osm",
        "sourceId": "way/483646952",
        "images": [],
        "age": {
          "min": 0,
          "max": 16
        },
        "opening": "",
        "equipment": [],
        "rating": {
          "average": 0,
          "count": 0
        },
        "accessibility": {
          "wheelchair": "unknown",
          "stroller": "unknown"
        },
        "fenced": false,
        "toilets": false,
        "parking": {
          "free": true,
          "paid": false
        },
        "dogs": {
          "allowed": true,
          "leash": false
        },
        "municipality": "",
        "verified": false,
        "lastVerified": "2026-10-05",
        "sources": [
          {
            "type": "osm",
            "id": "way/483646952",
            "retrievedAt": "2026-10-05"
          }
        ],
        "id": "osm-way-483646952"
      },
      "geometry": {
        "type": "Point",
        "coordinates": [
          5.3173594,
          60.380999
        ]
      }
    },
    {
      "type": "Feature",
      "properties": {
        "name": "Utkjent lekeplass",
        "source": "osm",
        "sourceId": "way/489283127",
        "images": [],
        "age": {
          "min": 0,
          "max": 16
        },
        "opening": "",
        "equipment": [],
        "rating": {
          "average": 0,
          "count": 0
        },
        "accessibility": {
          "wheelchair": "unknown",
          "stroller": "unknown"
        },
        "fenced": false,
        "toilets": false,
        "parking": {
          "free": true,
          "paid": false
        },
        "dogs": {
          "allowed": true,
          "leash": false
        },
        "municipality": "",
        "verified": false,
        "lastVerified": "2026-10-05",
        "sources": [
          {
            "type": "osm",
            "id": "way/489283127",
            "retrievedAt": "2026-10-05"
          }
        ],
        "id": "osm-way-489283127"
      },
      "geometry": {
        "type": "Point",
        "coordinates": [
          5.2874143,
          60.353245
        ]
      }
    },
    {
      "type": "Feature",
      "properties": {
        "name": "Utkjent lekeplass",
        "source": "osm",
        "sourceId": "way/489549624",
        "images": [],
        "age": {
          "min": 0,
          "max": 16
        },
        "opening": "",
        "equipment": [],
        "rating": {
          "average": 0,
          "count": 0
        },
        "accessibility": {
          "wheelchair": "unknown",
          "stroller": "unknown"
        },
        "fenced": false,
        "toilets": false,
        "parking": {
          "free": true,
          "paid": false
        },
        "dogs": {
          "allowed": true,
          "leash": false
        },
        "municipality": "",
        "verified": false,
        "lastVerified": "2026-10-05",
        "sources": [
          {
            "type": "osm",
            "id": "way/489549624",
            "retrievedAt": "2026-10-05"
          }
        ],
        "id": "osm-way-489549624"
      },
      "geometry": {
        "type": "Point",
        "coordinates": [
          5.2848116,
          60.3551607
        ]
      }
    },
    {
      "type": "Feature",
      "properties": {
        "name": "Utkjent lekeplass",
        "source": "osm",
        "sourceId": "way/489560258",
        "images": [],
        "age": {
          "min": 0,
          "max": 16
        },
        "opening": "",
        "equipment": [],
        "rating": {
          "average": 0,
          "count": 0
        },
        "accessibility": {
          "wheelchair": "unknown",
          "stroller": "unknown"
        },
        "fenced": false,
        "toilets": false,
        "parking": {
          "free": true,
          "paid": false
        },
        "dogs": {
          "allowed": true,
          "leash": false
        },
        "municipality": "",
        "verified": false,
        "lastVerified": "2026-10-05",
        "sources": [
          {
            "type": "osm",
            "id": "way/489560258",
            "retrievedAt": "2026-10-05"
          }
        ],
        "id": "osm-way-489560258"
      },
      "geometry": {
        "type": "Point",
        "coordinates": [
          5.3068387,
          60.3716889
        ]
      }
    },
    {
      "type": "Feature",
      "properties": {
        "name": "Utkjent lekeplass",
        "source": "osm",
        "sourceId": "way/489560287",
        "images": [],
        "age": {
          "min": 0,
          "max": 16
        },
        "opening": "",
        "equipment": [],
        "rating": {
          "average": 0,
          "count": 0
        },
        "accessibility": {
          "wheelchair": "unknown",
          "stroller": "unknown"
        },
        "fenced": false,
        "toilets": false,
        "parking": {
          "free": true,
          "paid": false
        },
        "dogs": {
          "allowed": true,
          "leash": false
        },
        "municipality": "",
        "verified": false,
        "lastVerified": "2026-10-05",
        "sources": [
          {
            "type": "osm",
            "id": "way/489560287",
            "retrievedAt": "2026-10-05"
          }
        ],
        "id": "osm-way-489560287"
      },
      "geometry": {
        "type": "Point",
        "coordinates": [
          5.3071297,
          60.3720921
        ]
      }
    },
    {
      "type": "Feature",
      "properties": {
        "name": "Utkjent lekeplass",
        "source": "osm",
        "sourceId": "way/489564267",
        "images": [],
        "age": {
          "min": 0,
          "max": 16
        },
        "opening": "",
        "equipment": [],
        "rating": {
          "average": 0,
          "count": 0
        },
        "accessibility": {
          "wheelchair": "unknown",
          "stroller": "unknown"
        },
        "fenced": false,
        "toilets": false,
        "parking": {
          "free": true,
          "paid": false
        },
        "dogs": {
          "allowed": true,
          "leash": false
        },
        "municipality": "",
        "verified": false,
        "lastVerified": "2026-10-05",
        "sources": [
          {
            "type": "osm",
            "id": "way/489564267",
            "retrievedAt": "2026-10-05"
          }
        ],
        "id": "osm-way-489564267"
      },
      "geometry": {
        "type": "Point",
        "coordinates": [
          5.3059278,
          60.3768946
        ]
      }
    },
    {
      "type": "Feature",
      "properties": {
        "name": "Utkjent lekeplass",
        "source": "osm",
        "sourceId": "way/500458975",
        "images": [],
        "age": {
          "min": 0,
          "max": 16
        },
        "opening": "",
        "equipment": [],
        "rating": {
          "average": 0,
          "count": 0
        },
        "accessibility": {
          "wheelchair": "unknown",
          "stroller": "unknown"
        },
        "fenced": false,
        "toilets": false,
        "parking": {
          "free": true,
          "paid": false
        },
        "dogs": {
          "allowed": true,
          "leash": false
        },
        "municipality": "",
        "verified": false,
        "lastVerified": "2026-10-05",
        "sources": [
          {
            "type": "osm",
            "id": "way/500458975",
            "retrievedAt": "2026-10-05"
          }
        ],
        "id": "osm-way-500458975"
      },
      "geometry": {
        "type": "Point",
        "coordinates": [
          5.6721781,
          58.9099529
        ]
      }
    },
    {
      "type": "Feature",
      "properties": {
        "name": "Utkjent lekeplass",
        "source": "osm",
        "sourceId": "way/503368796",
        "images": [],
        "age": {
          "min": 0,
          "max": 16
        },
        "opening": "",
        "equipment": [],
        "rating": {
          "average": 0,
          "count": 0
        },
        "accessibility": {
          "wheelchair": "unknown",
          "stroller": "unknown"
        },
        "fenced": false,
        "toilets": false,
        "parking": {
          "free": true,
          "paid": false
        },
        "dogs": {
          "allowed": true,
          "leash": false
        },
        "municipality": "",
        "verified": false,
        "lastVerified": "2026-10-05",
        "sources": [
          {
            "type": "osm",
            "id": "way/503368796",
            "retrievedAt": "2026-10-05"
          }
        ],
        "id": "osm-way-503368796"
      },
      "geometry": {
        "type": "Point",
        "coordinates": [
          5.3094395,
          60.4189306
        ]
      }
    },
    {
      "type": "Feature",
      "properties": {
        "name": "Skuteviksveien lekeplass",
        "source": "osm",
        "sourceId": "way/503768931",
        "images": [],
        "age": {
          "min": 0,
          "max": 16
        },
        "opening": "",
        "equipment": [],
        "rating": {
          "average": 0,
          "count": 0
        },
        "accessibility": {
          "wheelchair": "unknown",
          "stroller": "unknown"
        },
        "fenced": false,
        "toilets": false,
        "parking": {
          "free": true,
          "paid": false
        },
        "dogs": {
          "allowed": true,
          "leash": false
        },
        "municipality": "",
        "verified": true,
        "lastVerified": "2026-10-05",
        "sources": [
          {
            "type": "osm",
            "id": "way/503768931",
            "retrievedAt": "2026-10-05"
          }
        ],
        "id": "osm-way-503768931"
      },
      "geometry": {
        "type": "Point",
        "coordinates": [
          5.3214336,
          60.4016676
        ]
      }
    },
    {
      "type": "Feature",
      "properties": {
        "name": "Utkjent lekeplass",
        "source": "osm",
        "sourceId": "way/504306928",
        "images": [],
        "age": {
          "min": 0,
          "max": 16
        },
        "opening": "",
        "equipment": [],
        "rating": {
          "average": 0,
          "count": 0
        },
        "accessibility": {
          "wheelchair": "unknown",
          "stroller": "unknown"
        },
        "fenced": false,
        "toilets": false,
        "parking": {
          "free": true,
          "paid": false
        },
        "dogs": {
          "allowed": true,
          "leash": false
        },
        "municipality": "",
        "verified": false,
        "lastVerified": "2026-10-05",
        "sources": [
          {
            "type": "osm",
            "id": "way/504306928",
            "retrievedAt": "2026-10-05"
          }
        ],
        "id": "osm-way-504306928"
      },
      "geometry": {
        "type": "Point",
        "coordinates": [
          5.64926,
          58.9372856
        ]
      }
    },
    {
      "type": "Feature",
      "properties": {
        "name": "Utkjent lekeplass",
        "source": "osm",
        "sourceId": "way/50893630",
        "images": [],
        "age": {
          "min": 0,
          "max": 16
        },
        "opening": "",
        "equipment": [],
        "rating": {
          "average": 0,
          "count": 0
        },
        "accessibility": {
          "wheelchair": "unknown",
          "stroller": "unknown"
        },
        "fenced": false,
        "toilets": false,
        "parking": {
          "free": true,
          "paid": false
        },
        "dogs": {
          "allowed": true,
          "leash": false
        },
        "municipality": "",
        "verified": false,
        "lastVerified": "2026-10-05",
        "sources": [
          {
            "type": "osm",
            "id": "way/50893630",
            "retrievedAt": "2026-10-05"
          }
        ],
        "id": "osm-way-50893630"
      },
      "geometry": {
        "type": "Point",
        "coordinates": [
          5.7038246,
          58.9760781
        ]
      }
    },
    {
      "type": "Feature",
      "properties": {
        "name": "Utkjent lekeplass",
        "source": "osm",
        "sourceId": "way/521661147",
        "images": [],
        "age": {
          "min": 0,
          "max": 16
        },
        "opening": "",
        "equipment": [],
        "rating": {
          "average": 0,
          "count": 0
        },
        "accessibility": {
          "wheelchair": "unknown",
          "stroller": "unknown"
        },
        "fenced": false,
        "toilets": false,
        "parking": {
          "free": true,
          "paid": false
        },
        "dogs": {
          "allowed": true,
          "leash": false
        },
        "municipality": "",
        "verified": false,
        "lastVerified": "2026-10-05",
        "sources": [
          {
            "type": "osm",
            "id": "way/521661147",
            "retrievedAt": "2026-10-05"
          }
        ],
        "id": "osm-way-521661147"
      },
      "geometry": {
        "type": "Point",
        "coordinates": [
          5.6276877,
          58.9578037
        ]
      }
    },
    {
      "type": "Feature",
      "properties": {
        "name": "Utkjent lekeplass",
        "source": "osm",
        "sourceId": "way/53573829",
        "images": [],
        "age": {
          "min": 0,
          "max": 16
        },
        "opening": "",
        "equipment": [],
        "rating": {
          "average": 0,
          "count": 0
        },
        "accessibility": {
          "wheelchair": "unknown",
          "stroller": "unknown"
        },
        "fenced": false,
        "toilets": false,
        "parking": {
          "free": true,
          "paid": false
        },
        "dogs": {
          "allowed": true,
          "leash": false
        },
        "municipality": "",
        "verified": false,
        "lastVerified": "2026-10-05",
        "sources": [
          {
            "type": "osm",
            "id": "way/53573829",
            "retrievedAt": "2026-10-05"
          }
        ],
        "id": "osm-way-53573829"
      },
      "geometry": {
        "type": "Point",
        "coordinates": [
          5.6996928,
          58.9759698
        ]
      }
    },
    {
      "type": "Feature",
      "properties": {
        "name": "Solheimsviken Aktivitetspark",
        "source": "osm",
        "sourceId": "way/544400795",
        "images": [],
        "age": {
          "min": 0,
          "max": 16
        },
        "opening": "",
        "equipment": [],
        "rating": {
          "average": 0,
          "count": 0
        },
        "accessibility": {
          "wheelchair": "unknown",
          "stroller": "unknown"
        },
        "fenced": false,
        "toilets": false,
        "parking": {
          "free": true,
          "paid": false
        },
        "dogs": {
          "allowed": true,
          "leash": false
        },
        "municipality": "",
        "verified": true,
        "lastVerified": "2026-10-05",
        "sources": [
          {
            "type": "osm",
            "id": "way/544400795",
            "retrievedAt": "2026-10-05"
          }
        ],
        "id": "osm-way-544400795"
      },
      "geometry": {
        "type": "Point",
        "coordinates": [
          5.3380718,
          60.3745067
        ]
      }
    },
    {
      "type": "Feature",
      "properties": {
        "name": "Utkjent lekeplass",
        "source": "osm",
        "sourceId": "way/549177812",
        "images": [],
        "age": {
          "min": 0,
          "max": 16
        },
        "opening": "",
        "equipment": [],
        "rating": {
          "average": 0,
          "count": 0
        },
        "accessibility": {
          "wheelchair": "unknown",
          "stroller": "unknown"
        },
        "fenced": false,
        "toilets": false,
        "parking": {
          "free": true,
          "paid": false
        },
        "dogs": {
          "allowed": true,
          "leash": false
        },
        "municipality": "",
        "verified": false,
        "lastVerified": "2026-10-05",
        "sources": [
          {
            "type": "osm",
            "id": "way/549177812",
            "retrievedAt": "2026-10-05"
          }
        ],
        "id": "osm-way-549177812"
      },
      "geometry": {
        "type": "Point",
        "coordinates": [
          5.5762489,
          58.9465971
        ]
      }
    },
    {
      "type": "Feature",
      "properties": {
        "name": "Utsikten sandbox",
        "source": "osm",
        "sourceId": "way/549178086",
        "images": [],
        "age": {
          "min": 0,
          "max": 16
        },
        "opening": "",
        "equipment": [],
        "rating": {
          "average": 0,
          "count": 0
        },
        "accessibility": {
          "wheelchair": "unknown",
          "stroller": "unknown"
        },
        "fenced": false,
        "toilets": false,
        "parking": {
          "free": true,
          "paid": false
        },
        "dogs": {
          "allowed": true,
          "leash": false
        },
        "municipality": "",
        "verified": true,
        "lastVerified": "2026-10-05",
        "sources": [
          {
            "type": "osm",
            "id": "way/549178086",
            "retrievedAt": "2026-10-05"
          }
        ],
        "id": "osm-way-549178086"
      },
      "geometry": {
        "type": "Point",
        "coordinates": [
          5.7114793,
          58.9784025
        ]
      }
    },
    {
      "type": "Feature",
      "properties": {
        "name": "Utkjent lekeplass",
        "source": "osm",
        "sourceId": "way/551160853",
        "images": [],
        "age": {
          "min": 0,
          "max": 16
        },
        "opening": "",
        "equipment": [],
        "rating": {
          "average": 0,
          "count": 0
        },
        "accessibility": {
          "wheelchair": "unknown",
          "stroller": "unknown"
        },
        "fenced": false,
        "toilets": false,
        "parking": {
          "free": true,
          "paid": false
        },
        "dogs": {
          "allowed": true,
          "leash": false
        },
        "municipality": "",
        "verified": false,
        "lastVerified": "2026-10-05",
        "sources": [
          {
            "type": "osm",
            "id": "way/551160853",
            "retrievedAt": "2026-10-05"
          }
        ],
        "id": "osm-way-551160853"
      },
      "geometry": {
        "type": "Point",
        "coordinates": [
          5.6113053,
          58.9246388
        ]
      }
    },
    {
      "type": "Feature",
      "properties": {
        "name": "Utkjent lekeplass",
        "source": "osm",
        "sourceId": "way/551502918",
        "images": [],
        "age": {
          "min": 0,
          "max": 16
        },
        "opening": "",
        "equipment": [],
        "rating": {
          "average": 0,
          "count": 0
        },
        "accessibility": {
          "wheelchair": "unknown",
          "stroller": "unknown"
        },
        "fenced": false,
        "toilets": false,
        "parking": {
          "free": true,
          "paid": false
        },
        "dogs": {
          "allowed": true,
          "leash": false
        },
        "municipality": "",
        "verified": false,
        "lastVerified": "2026-10-05",
        "sources": [
          {
            "type": "osm",
            "id": "way/551502918",
            "retrievedAt": "2026-10-05"
          }
        ],
        "id": "osm-way-551502918"
      },
      "geometry": {
        "type": "Point",
        "coordinates": [
          5.6098428,
          58.9273552
        ]
      }
    },
    {
      "type": "Feature",
      "properties": {
        "name": "Utkjent lekeplass",
        "source": "osm",
        "sourceId": "way/55640025",
        "images": [],
        "age": {
          "min": 0,
          "max": 16
        },
        "opening": "",
        "equipment": [],
        "rating": {
          "average": 0,
          "count": 0
        },
        "accessibility": {
          "wheelchair": "unknown",
          "stroller": "unknown"
        },
        "fenced": false,
        "toilets": false,
        "parking": {
          "free": true,
          "paid": false
        },
        "dogs": {
          "allowed": true,
          "leash": false
        },
        "municipality": "",
        "verified": false,
        "lastVerified": "2026-10-05",
        "sources": [
          {
            "type": "osm",
            "id": "way/55640025",
            "retrievedAt": "2026-10-05"
          }
        ],
        "id": "osm-way-55640025"
      },
      "geometry": {
        "type": "Point",
        "coordinates": [
          5.6144175,
          58.9596102
        ]
      }
    },
    {
      "type": "Feature",
      "properties": {
        "name": "Utkjent lekeplass",
        "source": "osm",
        "sourceId": "way/55640030",
        "images": [],
        "age": {
          "min": 0,
          "max": 16
        },
        "opening": "",
        "equipment": [],
        "rating": {
          "average": 0,
          "count": 0
        },
        "accessibility": {
          "wheelchair": "unknown",
          "stroller": "unknown"
        },
        "fenced": false,
        "toilets": false,
        "parking": {
          "free": true,
          "paid": false
        },
        "dogs": {
          "allowed": true,
          "leash": false
        },
        "municipality": "",
        "verified": false,
        "lastVerified": "2026-10-05",
        "sources": [
          {
            "type": "osm",
            "id": "way/55640030",
            "retrievedAt": "2026-10-05"
          }
        ],
        "id": "osm-way-55640030"
      },
      "geometry": {
        "type": "Point",
        "coordinates": [
          5.6187277,
          58.9589769
        ]
      }
    },
    {
      "type": "Feature",
      "properties": {
        "name": "Utkjent lekeplass",
        "source": "osm",
        "sourceId": "way/556744929",
        "images": [],
        "age": {
          "min": 0,
          "max": 16
        },
        "opening": "",
        "equipment": [],
        "rating": {
          "average": 0,
          "count": 0
        },
        "accessibility": {
          "wheelchair": "unknown",
          "stroller": "unknown"
        },
        "fenced": false,
        "toilets": false,
        "parking": {
          "free": true,
          "paid": false
        },
        "dogs": {
          "allowed": true,
          "leash": false
        },
        "municipality": "",
        "verified": false,
        "lastVerified": "2026-10-05",
        "sources": [
          {
            "type": "osm",
            "id": "way/556744929",
            "retrievedAt": "2026-10-05"
          }
        ],
        "id": "osm-way-556744929"
      },
      "geometry": {
        "type": "Point",
        "coordinates": [
          5.3231046,
          60.3793554
        ]
      }
    },
    {
      "type": "Feature",
      "properties": {
        "name": "Utkjent lekeplass",
        "source": "osm",
        "sourceId": "way/561114127",
        "images": [],
        "age": {
          "min": 0,
          "max": 16
        },
        "opening": "",
        "equipment": [],
        "rating": {
          "average": 0,
          "count": 0
        },
        "accessibility": {
          "wheelchair": "unknown",
          "stroller": "unknown"
        },
        "fenced": false,
        "toilets": false,
        "parking": {
          "free": true,
          "paid": false
        },
        "dogs": {
          "allowed": true,
          "leash": false
        },
        "municipality": "",
        "verified": false,
        "lastVerified": "2026-10-05",
        "sources": [
          {
            "type": "osm",
            "id": "way/561114127",
            "retrievedAt": "2026-10-05"
          }
        ],
        "id": "osm-way-561114127"
      },
      "geometry": {
        "type": "Point",
        "coordinates": [
          5.347385,
          60.3760482
        ]
      }
    },
    {
      "type": "Feature",
      "properties": {
        "name": "Klosterhaugen lekeplass",
        "source": "osm",
        "sourceId": "way/564147450",
        "images": [],
        "age": {
          "min": 0,
          "max": 16
        },
        "opening": "",
        "equipment": [
          {
            "type": "playground:swing",
            "name": "Gynge",
            "count": 1
          },
          {
            "type": "playground:sandpit",
            "name": "Sandkasse",
            "count": 1
          }
        ],
        "rating": {
          "average": 0,
          "count": 0
        },
        "accessibility": {
          "wheelchair": "unknown",
          "stroller": "unknown"
        },
        "fenced": false,
        "toilets": false,
        "parking": {
          "free": true,
          "paid": false
        },
        "dogs": {
          "allowed": true,
          "leash": false
        },
        "municipality": "",
        "verified": true,
        "lastVerified": "2026-10-05",
        "sources": [
          {
            "type": "osm",
            "id": "way/564147450",
            "retrievedAt": "2026-10-05"
          }
        ],
        "id": "osm-way-564147450"
      },
      "geometry": {
        "type": "Point",
        "coordinates": [
          5.3130245,
          60.3957909
        ]
      }
    },
    {
      "type": "Feature",
      "properties": {
        "name": "Utkjent lekeplass",
        "source": "osm",
        "sourceId": "way/564767075",
        "images": [],
        "age": {
          "min": 0,
          "max": 16
        },
        "opening": "",
        "equipment": [],
        "rating": {
          "average": 0,
          "count": 0
        },
        "accessibility": {
          "wheelchair": "unknown",
          "stroller": "unknown"
        },
        "fenced": false,
        "toilets": false,
        "parking": {
          "free": true,
          "paid": false
        },
        "dogs": {
          "allowed": true,
          "leash": false
        },
        "municipality": "",
        "verified": false,
        "lastVerified": "2026-10-05",
        "sources": [
          {
            "type": "osm",
            "id": "way/564767075",
            "retrievedAt": "2026-10-05"
          }
        ],
        "id": "osm-way-564767075"
      },
      "geometry": {
        "type": "Point",
        "coordinates": [
          5.2732896,
          60.3849788
        ]
      }
    },
    {
      "type": "Feature",
      "properties": {
        "name": "Utkjent lekeplass",
        "source": "osm",
        "sourceId": "way/576074522",
        "images": [],
        "age": {
          "min": 0,
          "max": 16
        },
        "opening": "",
        "equipment": [],
        "rating": {
          "average": 0,
          "count": 0
        },
        "accessibility": {
          "wheelchair": "unknown",
          "stroller": "unknown"
        },
        "fenced": false,
        "toilets": false,
        "parking": {
          "free": true,
          "paid": false
        },
        "dogs": {
          "allowed": true,
          "leash": false
        },
        "municipality": "",
        "verified": false,
        "lastVerified": "2026-10-05",
        "sources": [
          {
            "type": "osm",
            "id": "way/576074522",
            "retrievedAt": "2026-10-05"
          }
        ],
        "id": "osm-way-576074522"
      },
      "geometry": {
        "type": "Point",
        "coordinates": [
          5.6506038,
          58.941761
        ]
      }
    },
    {
      "type": "Feature",
      "properties": {
        "name": "Kaprifolstubben lekeplass",
        "source": "osm",
        "sourceId": "way/579850112",
        "images": [],
        "age": {
          "min": 0,
          "max": 16
        },
        "opening": "",
        "equipment": [],
        "rating": {
          "average": 0,
          "count": 0
        },
        "accessibility": {
          "wheelchair": "unknown",
          "stroller": "unknown"
        },
        "fenced": false,
        "toilets": false,
        "parking": {
          "free": true,
          "paid": false
        },
        "dogs": {
          "allowed": true,
          "leash": false
        },
        "municipality": "",
        "verified": true,
        "lastVerified": "2026-10-05",
        "sources": [
          {
            "type": "osm",
            "id": "way/579850112",
            "retrievedAt": "2026-10-05"
          }
        ],
        "id": "osm-way-579850112"
      },
      "geometry": {
        "type": "Point",
        "coordinates": [
          5.6978737,
          58.9648062
        ]
      }
    },
    {
      "type": "Feature",
      "properties": {
        "name": "Utkjent lekeplass",
        "source": "osm",
        "sourceId": "way/581631998",
        "images": [],
        "age": {
          "min": 0,
          "max": 16
        },
        "opening": "",
        "equipment": [],
        "rating": {
          "average": 0,
          "count": 0
        },
        "accessibility": {
          "wheelchair": "unknown",
          "stroller": "unknown"
        },
        "fenced": false,
        "toilets": false,
        "parking": {
          "free": true,
          "paid": false
        },
        "dogs": {
          "allowed": true,
          "leash": false
        },
        "municipality": "",
        "verified": false,
        "lastVerified": "2026-10-05",
        "sources": [
          {
            "type": "osm",
            "id": "way/581631998",
            "retrievedAt": "2026-10-05"
          }
        ],
        "id": "osm-way-581631998"
      },
      "geometry": {
        "type": "Point",
        "coordinates": [
          5.7163579,
          58.9770447
        ]
      }
    },
    {
      "type": "Feature",
      "properties": {
        "name": "Utkjent lekeplass",
        "source": "osm",
        "sourceId": "way/583363722",
        "images": [],
        "age": {
          "min": 0,
          "max": 16
        },
        "opening": "",
        "equipment": [],
        "rating": {
          "average": 0,
          "count": 0
        },
        "accessibility": {
          "wheelchair": "unknown",
          "stroller": "unknown"
        },
        "fenced": false,
        "toilets": false,
        "parking": {
          "free": true,
          "paid": false
        },
        "dogs": {
          "allowed": true,
          "leash": false
        },
        "municipality": "",
        "verified": false,
        "lastVerified": "2026-10-05",
        "sources": [
          {
            "type": "osm",
            "id": "way/583363722",
            "retrievedAt": "2026-10-05"
          }
        ],
        "id": "osm-way-583363722"
      },
      "geometry": {
        "type": "Point",
        "coordinates": [
          5.6471961,
          58.9400581
        ]
      }
    },
    {
      "type": "Feature",
      "properties": {
        "name": "Utkjent lekeplass",
        "source": "osm",
        "sourceId": "way/598875259",
        "images": [],
        "age": {
          "min": 0,
          "max": 16
        },
        "opening": "",
        "equipment": [],
        "rating": {
          "average": 0,
          "count": 0
        },
        "accessibility": {
          "wheelchair": "unknown",
          "stroller": "unknown"
        },
        "fenced": false,
        "toilets": false,
        "parking": {
          "free": true,
          "paid": false
        },
        "dogs": {
          "allowed": true,
          "leash": false
        },
        "municipality": "",
        "verified": false,
        "lastVerified": "2026-10-05",
        "sources": [
          {
            "type": "osm",
            "id": "way/598875259",
            "retrievedAt": "2026-10-05"
          }
        ],
        "id": "osm-way-598875259"
      },
      "geometry": {
        "type": "Point",
        "coordinates": [
          5.3374126,
          60.3752047
        ]
      }
    },
    {
      "type": "Feature",
      "properties": {
        "name": "Utkjent lekeplass",
        "source": "osm",
        "sourceId": "way/603667641",
        "images": [],
        "age": {
          "min": 0,
          "max": 16
        },
        "opening": "",
        "equipment": [],
        "rating": {
          "average": 0,
          "count": 0
        },
        "accessibility": {
          "wheelchair": "unknown",
          "stroller": "unknown"
        },
        "fenced": false,
        "toilets": false,
        "parking": {
          "free": true,
          "paid": false
        },
        "dogs": {
          "allowed": true,
          "leash": false
        },
        "municipality": "",
        "verified": false,
        "lastVerified": "2026-10-05",
        "sources": [
          {
            "type": "osm",
            "id": "way/603667641",
            "retrievedAt": "2026-10-05"
          }
        ],
        "id": "osm-way-603667641"
      },
      "geometry": {
        "type": "Point",
        "coordinates": [
          5.3658233,
          60.3532391
        ]
      }
    },
    {
      "type": "Feature",
      "properties": {
        "name": "Utkjent lekeplass",
        "source": "osm",
        "sourceId": "way/605840476",
        "images": [],
        "age": {
          "min": 0,
          "max": 16
        },
        "opening": "",
        "equipment": [],
        "rating": {
          "average": 0,
          "count": 0
        },
        "accessibility": {
          "wheelchair": "unknown",
          "stroller": "unknown"
        },
        "fenced": false,
        "toilets": false,
        "parking": {
          "free": true,
          "paid": false
        },
        "dogs": {
          "allowed": true,
          "leash": false
        },
        "municipality": "",
        "verified": false,
        "lastVerified": "2026-10-05",
        "sources": [
          {
            "type": "osm",
            "id": "way/605840476",
            "retrievedAt": "2026-10-05"
          }
        ],
        "id": "osm-way-605840476"
      },
      "geometry": {
        "type": "Point",
        "coordinates": [
          5.6924754,
          58.9652309
        ]
      }
    },
    {
      "type": "Feature",
      "properties": {
        "name": "Utkjent lekeplass",
        "source": "osm",
        "sourceId": "way/605901615",
        "images": [],
        "age": {
          "min": 0,
          "max": 16
        },
        "opening": "",
        "equipment": [],
        "rating": {
          "average": 0,
          "count": 0
        },
        "accessibility": {
          "wheelchair": "unknown",
          "stroller": "unknown"
        },
        "fenced": false,
        "toilets": false,
        "parking": {
          "free": true,
          "paid": false
        },
        "dogs": {
          "allowed": true,
          "leash": false
        },
        "municipality": "",
        "verified": false,
        "lastVerified": "2026-10-05",
        "sources": [
          {
            "type": "osm",
            "id": "way/605901615",
            "retrievedAt": "2026-10-05"
          }
        ],
        "id": "osm-way-605901615"
      },
      "geometry": {
        "type": "Point",
        "coordinates": [
          5.7178527,
          58.9474901
        ]
      }
    },
    {
      "type": "Feature",
      "properties": {
        "name": "Utkjent lekeplass",
        "source": "osm",
        "sourceId": "way/608063410",
        "images": [],
        "age": {
          "min": 0,
          "max": 16
        },
        "opening": "",
        "equipment": [],
        "rating": {
          "average": 0,
          "count": 0
        },
        "accessibility": {
          "wheelchair": "unknown",
          "stroller": "unknown"
        },
        "fenced": false,
        "toilets": false,
        "parking": {
          "free": true,
          "paid": false
        },
        "dogs": {
          "allowed": true,
          "leash": false
        },
        "municipality": "",
        "verified": false,
        "lastVerified": "2026-10-05",
        "sources": [
          {
            "type": "osm",
            "id": "way/608063410",
            "retrievedAt": "2026-10-05"
          }
        ],
        "id": "osm-way-608063410"
      },
      "geometry": {
        "type": "Point",
        "coordinates": [
          5.7125756,
          58.9714222
        ]
      }
    },
    {
      "type": "Feature",
      "properties": {
        "name": "Kniksens Plass barnehage",
        "source": "osm",
        "sourceId": "way/622464169",
        "images": [],
        "age": {
          "min": 0,
          "max": 16
        },
        "opening": "",
        "equipment": [],
        "rating": {
          "average": 0,
          "count": 0
        },
        "accessibility": {
          "wheelchair": "unknown",
          "stroller": "unknown"
        },
        "fenced": false,
        "toilets": false,
        "parking": {
          "free": true,
          "paid": false
        },
        "dogs": {
          "allowed": true,
          "leash": false
        },
        "municipality": "",
        "verified": true,
        "lastVerified": "2026-10-05",
        "sources": [
          {
            "type": "osm",
            "id": "way/622464169",
            "retrievedAt": "2026-10-05"
          }
        ],
        "id": "osm-way-622464169"
      },
      "geometry": {
        "type": "Point",
        "coordinates": [
          5.3544662,
          60.3672463
        ]
      }
    },
    {
      "type": "Feature",
      "properties": {
        "name": "Utkjent lekeplass",
        "source": "osm",
        "sourceId": "way/625074523",
        "images": [],
        "age": {
          "min": 0,
          "max": 16
        },
        "opening": "",
        "equipment": [],
        "rating": {
          "average": 0,
          "count": 0
        },
        "accessibility": {
          "wheelchair": "unknown",
          "stroller": "unknown"
        },
        "fenced": false,
        "toilets": false,
        "parking": {
          "free": true,
          "paid": false
        },
        "dogs": {
          "allowed": true,
          "leash": false
        },
        "municipality": "",
        "verified": false,
        "lastVerified": "2026-10-05",
        "sources": [
          {
            "type": "osm",
            "id": "way/625074523",
            "retrievedAt": "2026-10-05"
          }
        ],
        "id": "osm-way-625074523"
      },
      "geometry": {
        "type": "Point",
        "coordinates": [
          5.347283,
          60.3869311
        ]
      }
    },
    {
      "type": "Feature",
      "properties": {
        "name": "Utkjent lekeplass",
        "source": "osm",
        "sourceId": "way/629096569",
        "images": [],
        "age": {
          "min": 0,
          "max": 16
        },
        "opening": "",
        "equipment": [],
        "rating": {
          "average": 0,
          "count": 0
        },
        "accessibility": {
          "wheelchair": "unknown",
          "stroller": "unknown"
        },
        "fenced": false,
        "toilets": false,
        "parking": {
          "free": true,
          "paid": false
        },
        "dogs": {
          "allowed": true,
          "leash": false
        },
        "municipality": "",
        "verified": false,
        "lastVerified": "2026-10-05",
        "sources": [
          {
            "type": "osm",
            "id": "way/629096569",
            "retrievedAt": "2026-10-05"
          }
        ],
        "id": "osm-way-629096569"
      },
      "geometry": {
        "type": "Point",
        "coordinates": [
          5.6798552,
          58.9380623
        ]
      }
    },
    {
      "type": "Feature",
      "properties": {
        "name": "Utkjent lekeplass",
        "source": "osm",
        "sourceId": "way/639080251",
        "images": [],
        "age": {
          "min": 0,
          "max": 16
        },
        "opening": "",
        "equipment": [],
        "rating": {
          "average": 0,
          "count": 0
        },
        "accessibility": {
          "wheelchair": "unknown",
          "stroller": "unknown"
        },
        "fenced": false,
        "toilets": false,
        "parking": {
          "free": true,
          "paid": false
        },
        "dogs": {
          "allowed": true,
          "leash": false
        },
        "municipality": "",
        "verified": false,
        "lastVerified": "2026-10-05",
        "sources": [
          {
            "type": "osm",
            "id": "way/639080251",
            "retrievedAt": "2026-10-05"
          }
        ],
        "id": "osm-way-639080251"
      },
      "geometry": {
        "type": "Point",
        "coordinates": [
          5.330503,
          60.3913611
        ]
      }
    },
    {
      "type": "Feature",
      "properties": {
        "name": "Utkjent lekeplass",
        "source": "osm",
        "sourceId": "way/639083324",
        "images": [],
        "age": {
          "min": 0,
          "max": 16
        },
        "opening": "",
        "equipment": [],
        "rating": {
          "average": 0,
          "count": 0
        },
        "accessibility": {
          "wheelchair": "unknown",
          "stroller": "unknown"
        },
        "fenced": false,
        "toilets": false,
        "parking": {
          "free": true,
          "paid": false
        },
        "dogs": {
          "allowed": true,
          "leash": false
        },
        "municipality": "",
        "verified": false,
        "lastVerified": "2026-10-05",
        "sources": [
          {
            "type": "osm",
            "id": "way/639083324",
            "retrievedAt": "2026-10-05"
          }
        ],
        "id": "osm-way-639083324"
      },
      "geometry": {
        "type": "Point",
        "coordinates": [
          5.2853838,
          60.3569891
        ]
      }
    },
    {
      "type": "Feature",
      "properties": {
        "name": "Utkjent lekeplass",
        "source": "osm",
        "sourceId": "way/639083326",
        "images": [],
        "age": {
          "min": 0,
          "max": 16
        },
        "opening": "",
        "equipment": [],
        "rating": {
          "average": 0,
          "count": 0
        },
        "accessibility": {
          "wheelchair": "unknown",
          "stroller": "unknown"
        },
        "fenced": false,
        "toilets": false,
        "parking": {
          "free": true,
          "paid": false
        },
        "dogs": {
          "allowed": true,
          "leash": false
        },
        "municipality": "",
        "verified": false,
        "lastVerified": "2026-10-05",
        "sources": [
          {
            "type": "osm",
            "id": "way/639083326",
            "retrievedAt": "2026-10-05"
          }
        ],
        "id": "osm-way-639083326"
      },
      "geometry": {
        "type": "Point",
        "coordinates": [
          5.2843459,
          60.3560751
        ]
      }
    },
    {
      "type": "Feature",
      "properties": {
        "name": "Utkjent lekeplass",
        "source": "osm",
        "sourceId": "way/639083461",
        "images": [],
        "age": {
          "min": 0,
          "max": 16
        },
        "opening": "",
        "equipment": [],
        "rating": {
          "average": 0,
          "count": 0
        },
        "accessibility": {
          "wheelchair": "unknown",
          "stroller": "unknown"
        },
        "fenced": false,
        "toilets": false,
        "parking": {
          "free": true,
          "paid": false
        },
        "dogs": {
          "allowed": true,
          "leash": false
        },
        "municipality": "",
        "verified": false,
        "lastVerified": "2026-10-05",
        "sources": [
          {
            "type": "osm",
            "id": "way/639083461",
            "retrievedAt": "2026-10-05"
          }
        ],
        "id": "osm-way-639083461"
      },
      "geometry": {
        "type": "Point",
        "coordinates": [
          5.2840926,
          60.3568371
        ]
      }
    },
    {
      "type": "Feature",
      "properties": {
        "name": "Utkjent lekeplass",
        "source": "osm",
        "sourceId": "way/643146501",
        "images": [],
        "age": {
          "min": 0,
          "max": 16
        },
        "opening": "",
        "equipment": [],
        "rating": {
          "average": 0,
          "count": 0
        },
        "accessibility": {
          "wheelchair": "unknown",
          "stroller": "unknown"
        },
        "fenced": false,
        "toilets": false,
        "parking": {
          "free": true,
          "paid": false
        },
        "dogs": {
          "allowed": true,
          "leash": false
        },
        "municipality": "",
        "verified": false,
        "lastVerified": "2026-10-05",
        "sources": [
          {
            "type": "osm",
            "id": "way/643146501",
            "retrievedAt": "2026-10-05"
          }
        ],
        "id": "osm-way-643146501"
      },
      "geometry": {
        "type": "Point",
        "coordinates": [
          5.2796542,
          60.3540505
        ]
      }
    },
    {
      "type": "Feature",
      "properties": {
        "name": "Utkjent lekeplass",
        "source": "osm",
        "sourceId": "way/643146502",
        "images": [],
        "age": {
          "min": 0,
          "max": 16
        },
        "opening": "",
        "equipment": [],
        "rating": {
          "average": 0,
          "count": 0
        },
        "accessibility": {
          "wheelchair": "unknown",
          "stroller": "unknown"
        },
        "fenced": false,
        "toilets": false,
        "parking": {
          "free": true,
          "paid": false
        },
        "dogs": {
          "allowed": true,
          "leash": false
        },
        "municipality": "",
        "verified": false,
        "lastVerified": "2026-10-05",
        "sources": [
          {
            "type": "osm",
            "id": "way/643146502",
            "retrievedAt": "2026-10-05"
          }
        ],
        "id": "osm-way-643146502"
      },
      "geometry": {
        "type": "Point",
        "coordinates": [
          5.2830378,
          60.3539332
        ]
      }
    },
    {
      "type": "Feature",
      "properties": {
        "name": "Utkjent lekeplass",
        "source": "osm",
        "sourceId": "way/655896962",
        "images": [],
        "age": {
          "min": 0,
          "max": 16
        },
        "opening": "",
        "equipment": [],
        "rating": {
          "average": 0,
          "count": 0
        },
        "accessibility": {
          "wheelchair": "unknown",
          "stroller": "unknown"
        },
        "fenced": false,
        "toilets": false,
        "parking": {
          "free": true,
          "paid": false
        },
        "dogs": {
          "allowed": true,
          "leash": false
        },
        "municipality": "",
        "verified": false,
        "lastVerified": "2026-10-05",
        "sources": [
          {
            "type": "osm",
            "id": "way/655896962",
            "retrievedAt": "2026-10-05"
          }
        ],
        "id": "osm-way-655896962"
      },
      "geometry": {
        "type": "Point",
        "coordinates": [
          5.3633989,
          60.354657
        ]
      }
    },
    {
      "type": "Feature",
      "properties": {
        "name": "Utkjent lekeplass",
        "source": "osm",
        "sourceId": "way/657981820",
        "images": [],
        "age": {
          "min": 0,
          "max": 16
        },
        "opening": "",
        "equipment": [],
        "rating": {
          "average": 0,
          "count": 0
        },
        "accessibility": {
          "wheelchair": "unknown",
          "stroller": "unknown"
        },
        "fenced": false,
        "toilets": false,
        "parking": {
          "free": true,
          "paid": false
        },
        "dogs": {
          "allowed": true,
          "leash": false
        },
        "municipality": "",
        "verified": false,
        "lastVerified": "2026-10-05",
        "sources": [
          {
            "type": "osm",
            "id": "way/657981820",
            "retrievedAt": "2026-10-05"
          }
        ],
        "id": "osm-way-657981820"
      },
      "geometry": {
        "type": "Point",
        "coordinates": [
          5.714823,
          58.9774737
        ]
      }
    },
    {
      "type": "Feature",
      "properties": {
        "name": "Utkjent lekeplass",
        "source": "osm",
        "sourceId": "way/660713164",
        "images": [],
        "age": {
          "min": 0,
          "max": 16
        },
        "opening": "",
        "equipment": [],
        "rating": {
          "average": 0,
          "count": 0
        },
        "accessibility": {
          "wheelchair": "unknown",
          "stroller": "unknown"
        },
        "fenced": false,
        "toilets": false,
        "parking": {
          "free": true,
          "paid": false
        },
        "dogs": {
          "allowed": true,
          "leash": false
        },
        "municipality": "",
        "verified": false,
        "lastVerified": "2026-10-05",
        "sources": [
          {
            "type": "osm",
            "id": "way/660713164",
            "retrievedAt": "2026-10-05"
          }
        ],
        "id": "osm-way-660713164"
      },
      "geometry": {
        "type": "Point",
        "coordinates": [
          5.2969653,
          60.3527833
        ]
      }
    },
    {
      "type": "Feature",
      "properties": {
        "name": "Utkjent lekeplass",
        "source": "osm",
        "sourceId": "way/660740949",
        "images": [],
        "age": {
          "min": 0,
          "max": 16
        },
        "opening": "",
        "equipment": [],
        "rating": {
          "average": 0,
          "count": 0
        },
        "accessibility": {
          "wheelchair": "unknown",
          "stroller": "unknown"
        },
        "fenced": false,
        "toilets": false,
        "parking": {
          "free": true,
          "paid": false
        },
        "dogs": {
          "allowed": true,
          "leash": false
        },
        "municipality": "",
        "verified": false,
        "lastVerified": "2026-10-05",
        "sources": [
          {
            "type": "osm",
            "id": "way/660740949",
            "retrievedAt": "2026-10-05"
          }
        ],
        "id": "osm-way-660740949"
      },
      "geometry": {
        "type": "Point",
        "coordinates": [
          5.6298559,
          58.9529543
        ]
      }
    },
    {
      "type": "Feature",
      "properties": {
        "name": "Utkjent lekeplass",
        "source": "osm",
        "sourceId": "way/671093136",
        "images": [],
        "age": {
          "min": 0,
          "max": 16
        },
        "opening": "",
        "equipment": [],
        "rating": {
          "average": 0,
          "count": 0
        },
        "accessibility": {
          "wheelchair": "unknown",
          "stroller": "unknown"
        },
        "fenced": false,
        "toilets": false,
        "parking": {
          "free": true,
          "paid": false
        },
        "dogs": {
          "allowed": true,
          "leash": false
        },
        "municipality": "",
        "verified": false,
        "lastVerified": "2026-10-05",
        "sources": [
          {
            "type": "osm",
            "id": "way/671093136",
            "retrievedAt": "2026-10-05"
          }
        ],
        "id": "osm-way-671093136"
      },
      "geometry": {
        "type": "Point",
        "coordinates": [
          5.3227962,
          60.4033941
        ]
      }
    },
    {
      "type": "Feature",
      "properties": {
        "name": "Utkjent lekeplass",
        "source": "osm",
        "sourceId": "way/671095716",
        "images": [],
        "age": {
          "min": 0,
          "max": 16
        },
        "opening": "",
        "equipment": [],
        "rating": {
          "average": 0,
          "count": 0
        },
        "accessibility": {
          "wheelchair": "unknown",
          "stroller": "unknown"
        },
        "fenced": false,
        "toilets": false,
        "parking": {
          "free": true,
          "paid": false
        },
        "dogs": {
          "allowed": true,
          "leash": false
        },
        "municipality": "",
        "verified": false,
        "lastVerified": "2026-10-05",
        "sources": [
          {
            "type": "osm",
            "id": "way/671095716",
            "retrievedAt": "2026-10-05"
          }
        ],
        "id": "osm-way-671095716"
      },
      "geometry": {
        "type": "Point",
        "coordinates": [
          5.3257728,
          60.4013426
        ]
      }
    },
    {
      "type": "Feature",
      "properties": {
        "name": "Utkjent lekeplass",
        "source": "osm",
        "sourceId": "way/671133803",
        "images": [],
        "age": {
          "min": 0,
          "max": 16
        },
        "opening": "",
        "equipment": [],
        "rating": {
          "average": 0,
          "count": 0
        },
        "accessibility": {
          "wheelchair": "unknown",
          "stroller": "unknown"
        },
        "fenced": false,
        "toilets": false,
        "parking": {
          "free": true,
          "paid": false
        },
        "dogs": {
          "allowed": true,
          "leash": false
        },
        "municipality": "",
        "verified": false,
        "lastVerified": "2026-10-05",
        "sources": [
          {
            "type": "osm",
            "id": "way/671133803",
            "retrievedAt": "2026-10-05"
          }
        ],
        "id": "osm-way-671133803"
      },
      "geometry": {
        "type": "Point",
        "coordinates": [
          5.3628322,
          60.3528881
        ]
      }
    },
    {
      "type": "Feature",
      "properties": {
        "name": "Utkjent lekeplass",
        "source": "osm",
        "sourceId": "way/673660386",
        "images": [],
        "age": {
          "min": 0,
          "max": 16
        },
        "opening": "",
        "equipment": [],
        "rating": {
          "average": 0,
          "count": 0
        },
        "accessibility": {
          "wheelchair": "unknown",
          "stroller": "unknown"
        },
        "fenced": false,
        "toilets": false,
        "parking": {
          "free": true,
          "paid": false
        },
        "dogs": {
          "allowed": true,
          "leash": false
        },
        "municipality": "",
        "verified": false,
        "lastVerified": "2026-10-05",
        "sources": [
          {
            "type": "osm",
            "id": "way/673660386",
            "retrievedAt": "2026-10-05"
          }
        ],
        "id": "osm-way-673660386"
      },
      "geometry": {
        "type": "Point",
        "coordinates": [
          5.3510802,
          60.3705775
        ]
      }
    },
    {
      "type": "Feature",
      "properties": {
        "name": "Jonas Lies vei lekeplass",
        "source": "osm",
        "sourceId": "way/673706690",
        "images": [],
        "age": {
          "min": 0,
          "max": 16
        },
        "opening": "",
        "equipment": [],
        "rating": {
          "average": 0,
          "count": 0
        },
        "accessibility": {
          "wheelchair": "unknown",
          "stroller": "unknown"
        },
        "fenced": false,
        "toilets": false,
        "parking": {
          "free": true,
          "paid": false
        },
        "dogs": {
          "allowed": true,
          "leash": false
        },
        "municipality": "",
        "verified": true,
        "lastVerified": "2026-10-05",
        "sources": [
          {
            "type": "osm",
            "id": "way/673706690",
            "retrievedAt": "2026-10-05"
          }
        ],
        "id": "osm-way-673706690"
      },
      "geometry": {
        "type": "Point",
        "coordinates": [
          5.3509097,
          60.3753818
        ]
      }
    },
    {
      "type": "Feature",
      "properties": {
        "name": "Utkjent lekeplass",
        "source": "osm",
        "sourceId": "way/675065794",
        "images": [],
        "age": {
          "min": 0,
          "max": 16
        },
        "opening": "",
        "equipment": [],
        "rating": {
          "average": 0,
          "count": 0
        },
        "accessibility": {
          "wheelchair": "unknown",
          "stroller": "unknown"
        },
        "fenced": false,
        "toilets": false,
        "parking": {
          "free": true,
          "paid": false
        },
        "dogs": {
          "allowed": true,
          "leash": false
        },
        "municipality": "",
        "verified": false,
        "lastVerified": "2026-10-05",
        "sources": [
          {
            "type": "osm",
            "id": "way/675065794",
            "retrievedAt": "2026-10-05"
          }
        ],
        "id": "osm-way-675065794"
      },
      "geometry": {
        "type": "Point",
        "coordinates": [
          5.5798014,
          58.9461807
        ]
      }
    },
    {
      "type": "Feature",
      "properties": {
        "name": "Utkjent lekeplass",
        "source": "osm",
        "sourceId": "way/680561548",
        "images": [],
        "age": {
          "min": 0,
          "max": 16
        },
        "opening": "",
        "equipment": [],
        "rating": {
          "average": 0,
          "count": 0
        },
        "accessibility": {
          "wheelchair": "unknown",
          "stroller": "unknown"
        },
        "fenced": false,
        "toilets": false,
        "parking": {
          "free": true,
          "paid": false
        },
        "dogs": {
          "allowed": true,
          "leash": false
        },
        "municipality": "",
        "verified": false,
        "lastVerified": "2026-10-05",
        "sources": [
          {
            "type": "osm",
            "id": "way/680561548",
            "retrievedAt": "2026-10-05"
          }
        ],
        "id": "osm-way-680561548"
      },
      "geometry": {
        "type": "Point",
        "coordinates": [
          5.3577145,
          60.351558
        ]
      }
    },
    {
      "type": "Feature",
      "properties": {
        "name": "Lekeplassen i Springarstien",
        "source": "osm",
        "sourceId": "way/685998096",
        "images": [],
        "age": {
          "min": 0,
          "max": 16
        },
        "opening": "",
        "equipment": [],
        "rating": {
          "average": 0,
          "count": 0
        },
        "accessibility": {
          "wheelchair": "unknown",
          "stroller": "unknown"
        },
        "fenced": false,
        "toilets": false,
        "parking": {
          "free": true,
          "paid": false
        },
        "dogs": {
          "allowed": true,
          "leash": false
        },
        "municipality": "",
        "verified": true,
        "lastVerified": "2026-10-05",
        "sources": [
          {
            "type": "osm",
            "id": "way/685998096",
            "retrievedAt": "2026-10-05"
          }
        ],
        "id": "osm-way-685998096"
      },
      "geometry": {
        "type": "Point",
        "coordinates": [
          5.6947417,
          58.9461225
        ]
      }
    },
    {
      "type": "Feature",
      "properties": {
        "name": "Lekeplass i Springarstien 2",
        "source": "osm",
        "sourceId": "way/685998101",
        "images": [],
        "age": {
          "min": 0,
          "max": 16
        },
        "opening": "",
        "equipment": [],
        "rating": {
          "average": 0,
          "count": 0
        },
        "accessibility": {
          "wheelchair": "unknown",
          "stroller": "unknown"
        },
        "fenced": false,
        "toilets": false,
        "parking": {
          "free": true,
          "paid": false
        },
        "dogs": {
          "allowed": true,
          "leash": false
        },
        "municipality": "",
        "verified": true,
        "lastVerified": "2026-10-05",
        "sources": [
          {
            "type": "osm",
            "id": "way/685998101",
            "retrievedAt": "2026-10-05"
          }
        ],
        "id": "osm-way-685998101"
      },
      "geometry": {
        "type": "Point",
        "coordinates": [
          5.6964474,
          58.9466295
        ]
      }
    },
    {
      "type": "Feature",
      "properties": {
        "name": "Utkjent lekeplass",
        "source": "osm",
        "sourceId": "way/685998121",
        "images": [],
        "age": {
          "min": 0,
          "max": 16
        },
        "opening": "",
        "equipment": [],
        "rating": {
          "average": 0,
          "count": 0
        },
        "accessibility": {
          "wheelchair": "unknown",
          "stroller": "unknown"
        },
        "fenced": false,
        "toilets": false,
        "parking": {
          "free": true,
          "paid": false
        },
        "dogs": {
          "allowed": true,
          "leash": false
        },
        "municipality": "",
        "verified": false,
        "lastVerified": "2026-10-05",
        "sources": [
          {
            "type": "osm",
            "id": "way/685998121",
            "retrievedAt": "2026-10-05"
          }
        ],
        "id": "osm-way-685998121"
      },
      "geometry": {
        "type": "Point",
        "coordinates": [
          5.6969237,
          58.9463516
        ]
      }
    },
    {
      "type": "Feature",
      "properties": {
        "name": "Utkjent lekeplass",
        "source": "osm",
        "sourceId": "way/685998132",
        "images": [],
        "age": {
          "min": 0,
          "max": 16
        },
        "opening": "",
        "equipment": [],
        "rating": {
          "average": 0,
          "count": 0
        },
        "accessibility": {
          "wheelchair": "unknown",
          "stroller": "unknown"
        },
        "fenced": false,
        "toilets": false,
        "parking": {
          "free": true,
          "paid": false
        },
        "dogs": {
          "allowed": true,
          "leash": false
        },
        "municipality": "",
        "verified": false,
        "lastVerified": "2026-10-05",
        "sources": [
          {
            "type": "osm",
            "id": "way/685998132",
            "retrievedAt": "2026-10-05"
          }
        ],
        "id": "osm-way-685998132"
      },
      "geometry": {
        "type": "Point",
        "coordinates": [
          5.6973112,
          58.9462567
        ]
      }
    },
    {
      "type": "Feature",
      "properties": {
        "name": "Utkjent lekeplass",
        "source": "osm",
        "sourceId": "way/685998191",
        "images": [],
        "age": {
          "min": 0,
          "max": 16
        },
        "opening": "",
        "equipment": [],
        "rating": {
          "average": 0,
          "count": 0
        },
        "accessibility": {
          "wheelchair": "unknown",
          "stroller": "unknown"
        },
        "fenced": false,
        "toilets": false,
        "parking": {
          "free": true,
          "paid": false
        },
        "dogs": {
          "allowed": true,
          "leash": false
        },
        "municipality": "",
        "verified": false,
        "lastVerified": "2026-10-05",
        "sources": [
          {
            "type": "osm",
            "id": "way/685998191",
            "retrievedAt": "2026-10-05"
          }
        ],
        "id": "osm-way-685998191"
      },
      "geometry": {
        "type": "Point",
        "coordinates": [
          5.6984784,
          58.9468475
        ]
      }
    },
    {
      "type": "Feature",
      "properties": {
        "name": "Lægdesvingen øst lekeplass",
        "source": "osm",
        "sourceId": "way/697207486",
        "images": [],
        "age": {
          "min": 0,
          "max": 16
        },
        "opening": "",
        "equipment": [],
        "rating": {
          "average": 0,
          "count": 0
        },
        "accessibility": {
          "wheelchair": "unknown",
          "stroller": "unknown"
        },
        "fenced": false,
        "toilets": false,
        "parking": {
          "free": true,
          "paid": false
        },
        "dogs": {
          "allowed": true,
          "leash": false
        },
        "municipality": "",
        "verified": true,
        "lastVerified": "2026-10-05",
        "sources": [
          {
            "type": "osm",
            "id": "way/697207486",
            "retrievedAt": "2026-10-05"
          }
        ],
        "id": "osm-way-697207486"
      },
      "geometry": {
        "type": "Point",
        "coordinates": [
          5.3700591,
          60.3708029
        ]
      }
    },
    {
      "type": "Feature",
      "properties": {
        "name": "Utkjent lekeplass",
        "source": "osm",
        "sourceId": "way/697309815",
        "images": [],
        "age": {
          "min": 0,
          "max": 16
        },
        "opening": "",
        "equipment": [],
        "rating": {
          "average": 0,
          "count": 0
        },
        "accessibility": {
          "wheelchair": "unknown",
          "stroller": "unknown"
        },
        "fenced": false,
        "toilets": false,
        "parking": {
          "free": true,
          "paid": false
        },
        "dogs": {
          "allowed": true,
          "leash": false
        },
        "municipality": "",
        "verified": false,
        "lastVerified": "2026-10-05",
        "sources": [
          {
            "type": "osm",
            "id": "way/697309815",
            "retrievedAt": "2026-10-05"
          }
        ],
        "id": "osm-way-697309815"
      },
      "geometry": {
        "type": "Point",
        "coordinates": [
          5.7075965,
          58.977935
        ]
      }
    },
    {
      "type": "Feature",
      "properties": {
        "name": "Utkjent lekeplass",
        "source": "osm",
        "sourceId": "way/698206741",
        "images": [],
        "age": {
          "min": 0,
          "max": 16
        },
        "opening": "",
        "equipment": [],
        "rating": {
          "average": 0,
          "count": 0
        },
        "accessibility": {
          "wheelchair": "unknown",
          "stroller": "unknown"
        },
        "fenced": false,
        "toilets": false,
        "parking": {
          "free": true,
          "paid": false
        },
        "dogs": {
          "allowed": true,
          "leash": false
        },
        "municipality": "",
        "verified": false,
        "lastVerified": "2026-10-05",
        "sources": [
          {
            "type": "osm",
            "id": "way/698206741",
            "retrievedAt": "2026-10-05"
          }
        ],
        "id": "osm-way-698206741"
      },
      "geometry": {
        "type": "Point",
        "coordinates": [
          5.6983194,
          58.9799473
        ]
      }
    },
    {
      "type": "Feature",
      "properties": {
        "name": "Utkjent lekeplass",
        "source": "osm",
        "sourceId": "way/698859872",
        "images": [],
        "age": {
          "min": 0,
          "max": 16
        },
        "opening": "",
        "equipment": [],
        "rating": {
          "average": 0,
          "count": 0
        },
        "accessibility": {
          "wheelchair": "unknown",
          "stroller": "unknown"
        },
        "fenced": false,
        "toilets": false,
        "parking": {
          "free": true,
          "paid": false
        },
        "dogs": {
          "allowed": true,
          "leash": false
        },
        "municipality": "",
        "verified": false,
        "lastVerified": "2026-10-05",
        "sources": [
          {
            "type": "osm",
            "id": "way/698859872",
            "retrievedAt": "2026-10-05"
          }
        ],
        "id": "osm-way-698859872"
      },
      "geometry": {
        "type": "Point",
        "coordinates": [
          5.6958344,
          58.947722
        ]
      }
    },
    {
      "type": "Feature",
      "properties": {
        "name": "Utkjent lekeplass",
        "source": "osm",
        "sourceId": "way/707420543",
        "images": [],
        "age": {
          "min": 0,
          "max": 16
        },
        "opening": "",
        "equipment": [],
        "rating": {
          "average": 0,
          "count": 0
        },
        "accessibility": {
          "wheelchair": "unknown",
          "stroller": "unknown"
        },
        "fenced": false,
        "toilets": false,
        "parking": {
          "free": true,
          "paid": false
        },
        "dogs": {
          "allowed": true,
          "leash": false
        },
        "municipality": "",
        "verified": false,
        "lastVerified": "2026-10-05",
        "sources": [
          {
            "type": "osm",
            "id": "way/707420543",
            "retrievedAt": "2026-10-05"
          }
        ],
        "id": "osm-way-707420543"
      },
      "geometry": {
        "type": "Point",
        "coordinates": [
          5.6837969,
          58.9584753
        ]
      }
    },
    {
      "type": "Feature",
      "properties": {
        "name": "Utkjent lekeplass",
        "source": "osm",
        "sourceId": "way/708271997",
        "images": [],
        "age": {
          "min": 0,
          "max": 16
        },
        "opening": "",
        "equipment": [],
        "rating": {
          "average": 0,
          "count": 0
        },
        "accessibility": {
          "wheelchair": "unknown",
          "stroller": "unknown"
        },
        "fenced": false,
        "toilets": false,
        "parking": {
          "free": true,
          "paid": false
        },
        "dogs": {
          "allowed": true,
          "leash": false
        },
        "municipality": "",
        "verified": false,
        "lastVerified": "2026-10-05",
        "sources": [
          {
            "type": "osm",
            "id": "way/708271997",
            "retrievedAt": "2026-10-05"
          }
        ],
        "id": "osm-way-708271997"
      },
      "geometry": {
        "type": "Point",
        "coordinates": [
          5.3066034,
          60.3969447
        ]
      }
    },
    {
      "type": "Feature",
      "properties": {
        "name": "Utkjent lekeplass",
        "source": "osm",
        "sourceId": "way/708319069",
        "images": [],
        "age": {
          "min": 0,
          "max": 16
        },
        "opening": "",
        "equipment": [],
        "rating": {
          "average": 0,
          "count": 0
        },
        "accessibility": {
          "wheelchair": "unknown",
          "stroller": "unknown"
        },
        "fenced": false,
        "toilets": false,
        "parking": {
          "free": true,
          "paid": false
        },
        "dogs": {
          "allowed": true,
          "leash": false
        },
        "municipality": "",
        "verified": false,
        "lastVerified": "2026-10-05",
        "sources": [
          {
            "type": "osm",
            "id": "way/708319069",
            "retrievedAt": "2026-10-05"
          }
        ],
        "id": "osm-way-708319069"
      },
      "geometry": {
        "type": "Point",
        "coordinates": [
          5.6824181,
          58.9546885
        ]
      }
    },
    {
      "type": "Feature",
      "properties": {
        "name": "Utkjent lekeplass",
        "source": "osm",
        "sourceId": "way/708319070",
        "images": [],
        "age": {
          "min": 0,
          "max": 16
        },
        "opening": "",
        "equipment": [],
        "rating": {
          "average": 0,
          "count": 0
        },
        "accessibility": {
          "wheelchair": "unknown",
          "stroller": "unknown"
        },
        "fenced": false,
        "toilets": false,
        "parking": {
          "free": true,
          "paid": false
        },
        "dogs": {
          "allowed": true,
          "leash": false
        },
        "municipality": "",
        "verified": false,
        "lastVerified": "2026-10-05",
        "sources": [
          {
            "type": "osm",
            "id": "way/708319070",
            "retrievedAt": "2026-10-05"
          }
        ],
        "id": "osm-way-708319070"
      },
      "geometry": {
        "type": "Point",
        "coordinates": [
          5.6831355,
          58.9549139
        ]
      }
    },
    {
      "type": "Feature",
      "properties": {
        "name": "Utkjent lekeplass",
        "source": "osm",
        "sourceId": "way/708480400",
        "images": [],
        "age": {
          "min": 0,
          "max": 16
        },
        "opening": "",
        "equipment": [],
        "rating": {
          "average": 0,
          "count": 0
        },
        "accessibility": {
          "wheelchair": "unknown",
          "stroller": "unknown"
        },
        "fenced": false,
        "toilets": false,
        "parking": {
          "free": true,
          "paid": false
        },
        "dogs": {
          "allowed": true,
          "leash": false
        },
        "municipality": "",
        "verified": false,
        "lastVerified": "2026-10-05",
        "sources": [
          {
            "type": "osm",
            "id": "way/708480400",
            "retrievedAt": "2026-10-05"
          }
        ],
        "id": "osm-way-708480400"
      },
      "geometry": {
        "type": "Point",
        "coordinates": [
          5.6608016,
          58.9522019
        ]
      }
    },
    {
      "type": "Feature",
      "properties": {
        "name": "Utkjent lekeplass",
        "source": "osm",
        "sourceId": "way/708480411",
        "images": [],
        "age": {
          "min": 0,
          "max": 16
        },
        "opening": "",
        "equipment": [],
        "rating": {
          "average": 0,
          "count": 0
        },
        "accessibility": {
          "wheelchair": "unknown",
          "stroller": "unknown"
        },
        "fenced": false,
        "toilets": false,
        "parking": {
          "free": true,
          "paid": false
        },
        "dogs": {
          "allowed": true,
          "leash": false
        },
        "municipality": "",
        "verified": false,
        "lastVerified": "2026-10-05",
        "sources": [
          {
            "type": "osm",
            "id": "way/708480411",
            "retrievedAt": "2026-10-05"
          }
        ],
        "id": "osm-way-708480411"
      },
      "geometry": {
        "type": "Point",
        "coordinates": [
          5.6620929,
          58.9536399
        ]
      }
    },
    {
      "type": "Feature",
      "properties": {
        "name": "Utkjent lekeplass",
        "source": "osm",
        "sourceId": "way/708510451",
        "images": [],
        "age": {
          "min": 0,
          "max": 16
        },
        "opening": "",
        "equipment": [],
        "rating": {
          "average": 0,
          "count": 0
        },
        "accessibility": {
          "wheelchair": "unknown",
          "stroller": "unknown"
        },
        "fenced": false,
        "toilets": false,
        "parking": {
          "free": true,
          "paid": false
        },
        "dogs": {
          "allowed": true,
          "leash": false
        },
        "municipality": "",
        "verified": false,
        "lastVerified": "2026-10-05",
        "sources": [
          {
            "type": "osm",
            "id": "way/708510451",
            "retrievedAt": "2026-10-05"
          }
        ],
        "id": "osm-way-708510451"
      },
      "geometry": {
        "type": "Point",
        "coordinates": [
          5.6551821,
          58.9548449
        ]
      }
    },
    {
      "type": "Feature",
      "properties": {
        "name": "Utkjent lekeplass",
        "source": "osm",
        "sourceId": "way/708510459",
        "images": [],
        "age": {
          "min": 0,
          "max": 16
        },
        "opening": "",
        "equipment": [],
        "rating": {
          "average": 0,
          "count": 0
        },
        "accessibility": {
          "wheelchair": "unknown",
          "stroller": "unknown"
        },
        "fenced": false,
        "toilets": false,
        "parking": {
          "free": true,
          "paid": false
        },
        "dogs": {
          "allowed": true,
          "leash": false
        },
        "municipality": "",
        "verified": false,
        "lastVerified": "2026-10-05",
        "sources": [
          {
            "type": "osm",
            "id": "way/708510459",
            "retrievedAt": "2026-10-05"
          }
        ],
        "id": "osm-way-708510459"
      },
      "geometry": {
        "type": "Point",
        "coordinates": [
          5.6556778,
          58.9542213
        ]
      }
    },
    {
      "type": "Feature",
      "properties": {
        "name": "Utkjent lekeplass",
        "source": "osm",
        "sourceId": "way/708596292",
        "images": [],
        "age": {
          "min": 0,
          "max": 16
        },
        "opening": "",
        "equipment": [],
        "rating": {
          "average": 0,
          "count": 0
        },
        "accessibility": {
          "wheelchair": "unknown",
          "stroller": "unknown"
        },
        "fenced": false,
        "toilets": false,
        "parking": {
          "free": true,
          "paid": false
        },
        "dogs": {
          "allowed": true,
          "leash": false
        },
        "municipality": "",
        "verified": false,
        "lastVerified": "2026-10-05",
        "sources": [
          {
            "type": "osm",
            "id": "way/708596292",
            "retrievedAt": "2026-10-05"
          }
        ],
        "id": "osm-way-708596292"
      },
      "geometry": {
        "type": "Point",
        "coordinates": [
          5.6638759,
          58.9551515
        ]
      }
    },
    {
      "type": "Feature",
      "properties": {
        "name": "Utkjent lekeplass",
        "source": "osm",
        "sourceId": "way/708602301",
        "images": [],
        "age": {
          "min": 0,
          "max": 16
        },
        "opening": "",
        "equipment": [],
        "rating": {
          "average": 0,
          "count": 0
        },
        "accessibility": {
          "wheelchair": "unknown",
          "stroller": "unknown"
        },
        "fenced": false,
        "toilets": false,
        "parking": {
          "free": true,
          "paid": false
        },
        "dogs": {
          "allowed": true,
          "leash": false
        },
        "municipality": "",
        "verified": false,
        "lastVerified": "2026-10-05",
        "sources": [
          {
            "type": "osm",
            "id": "way/708602301",
            "retrievedAt": "2026-10-05"
          }
        ],
        "id": "osm-way-708602301"
      },
      "geometry": {
        "type": "Point",
        "coordinates": [
          5.6620869,
          58.9526197
        ]
      }
    },
    {
      "type": "Feature",
      "properties": {
        "name": "Utkjent lekeplass",
        "source": "osm",
        "sourceId": "way/710632288",
        "images": [],
        "age": {
          "min": 0,
          "max": 16
        },
        "opening": "",
        "equipment": [],
        "rating": {
          "average": 0,
          "count": 0
        },
        "accessibility": {
          "wheelchair": "unknown",
          "stroller": "unknown"
        },
        "fenced": false,
        "toilets": false,
        "parking": {
          "free": true,
          "paid": false
        },
        "dogs": {
          "allowed": true,
          "leash": false
        },
        "municipality": "",
        "verified": false,
        "lastVerified": "2026-10-05",
        "sources": [
          {
            "type": "osm",
            "id": "way/710632288",
            "retrievedAt": "2026-10-05"
          }
        ],
        "id": "osm-way-710632288"
      },
      "geometry": {
        "type": "Point",
        "coordinates": [
          5.6856021,
          58.9631899
        ]
      }
    },
    {
      "type": "Feature",
      "properties": {
        "name": "Utkjent lekeplass",
        "source": "osm",
        "sourceId": "way/710632289",
        "images": [],
        "age": {
          "min": 0,
          "max": 16
        },
        "opening": "",
        "equipment": [],
        "rating": {
          "average": 0,
          "count": 0
        },
        "accessibility": {
          "wheelchair": "unknown",
          "stroller": "unknown"
        },
        "fenced": false,
        "toilets": false,
        "parking": {
          "free": true,
          "paid": false
        },
        "dogs": {
          "allowed": true,
          "leash": false
        },
        "municipality": "",
        "verified": false,
        "lastVerified": "2026-10-05",
        "sources": [
          {
            "type": "osm",
            "id": "way/710632289",
            "retrievedAt": "2026-10-05"
          }
        ],
        "id": "osm-way-710632289"
      },
      "geometry": {
        "type": "Point",
        "coordinates": [
          5.685624,
          58.9632978
        ]
      }
    },
    {
      "type": "Feature",
      "properties": {
        "name": "Utkjent lekeplass",
        "source": "osm",
        "sourceId": "way/710632311",
        "images": [],
        "age": {
          "min": 0,
          "max": 16
        },
        "opening": "",
        "equipment": [],
        "rating": {
          "average": 0,
          "count": 0
        },
        "accessibility": {
          "wheelchair": "unknown",
          "stroller": "unknown"
        },
        "fenced": false,
        "toilets": false,
        "parking": {
          "free": true,
          "paid": false
        },
        "dogs": {
          "allowed": true,
          "leash": false
        },
        "municipality": "",
        "verified": false,
        "lastVerified": "2026-10-05",
        "sources": [
          {
            "type": "osm",
            "id": "way/710632311",
            "retrievedAt": "2026-10-05"
          }
        ],
        "id": "osm-way-710632311"
      },
      "geometry": {
        "type": "Point",
        "coordinates": [
          5.6836297,
          58.9612572
        ]
      }
    },
    {
      "type": "Feature",
      "properties": {
        "name": "Utkjent lekeplass",
        "source": "osm",
        "sourceId": "way/710632312",
        "images": [],
        "age": {
          "min": 0,
          "max": 16
        },
        "opening": "",
        "equipment": [],
        "rating": {
          "average": 0,
          "count": 0
        },
        "accessibility": {
          "wheelchair": "unknown",
          "stroller": "unknown"
        },
        "fenced": false,
        "toilets": false,
        "parking": {
          "free": true,
          "paid": false
        },
        "dogs": {
          "allowed": true,
          "leash": false
        },
        "municipality": "",
        "verified": false,
        "lastVerified": "2026-10-05",
        "sources": [
          {
            "type": "osm",
            "id": "way/710632312",
            "retrievedAt": "2026-10-05"
          }
        ],
        "id": "osm-way-710632312"
      },
      "geometry": {
        "type": "Point",
        "coordinates": [
          5.6826225,
          58.9608774
        ]
      }
    },
    {
      "type": "Feature",
      "properties": {
        "name": "Utkjent lekeplass",
        "source": "osm",
        "sourceId": "way/710632997",
        "images": [],
        "age": {
          "min": 0,
          "max": 16
        },
        "opening": "",
        "equipment": [],
        "rating": {
          "average": 0,
          "count": 0
        },
        "accessibility": {
          "wheelchair": "unknown",
          "stroller": "unknown"
        },
        "fenced": false,
        "toilets": false,
        "parking": {
          "free": true,
          "paid": false
        },
        "dogs": {
          "allowed": true,
          "leash": false
        },
        "municipality": "",
        "verified": false,
        "lastVerified": "2026-10-05",
        "sources": [
          {
            "type": "osm",
            "id": "way/710632997",
            "retrievedAt": "2026-10-05"
          }
        ],
        "id": "osm-way-710632997"
      },
      "geometry": {
        "type": "Point",
        "coordinates": [
          5.6841112,
          58.9617758
        ]
      }
    },
    {
      "type": "Feature",
      "properties": {
        "name": "Utkjent lekeplass",
        "source": "osm",
        "sourceId": "way/711880261",
        "images": [],
        "age": {
          "min": 0,
          "max": 16
        },
        "opening": "",
        "equipment": [],
        "rating": {
          "average": 0,
          "count": 0
        },
        "accessibility": {
          "wheelchair": "unknown",
          "stroller": "unknown"
        },
        "fenced": false,
        "toilets": false,
        "parking": {
          "free": true,
          "paid": false
        },
        "dogs": {
          "allowed": true,
          "leash": false
        },
        "municipality": "",
        "verified": false,
        "lastVerified": "2026-10-05",
        "sources": [
          {
            "type": "osm",
            "id": "way/711880261",
            "retrievedAt": "2026-10-05"
          }
        ],
        "id": "osm-way-711880261"
      },
      "geometry": {
        "type": "Point",
        "coordinates": [
          5.6934167,
          58.950756
        ]
      }
    },
    {
      "type": "Feature",
      "properties": {
        "name": "Utkjent lekeplass",
        "source": "osm",
        "sourceId": "way/711880265",
        "images": [],
        "age": {
          "min": 0,
          "max": 16
        },
        "opening": "",
        "equipment": [],
        "rating": {
          "average": 0,
          "count": 0
        },
        "accessibility": {
          "wheelchair": "unknown",
          "stroller": "unknown"
        },
        "fenced": false,
        "toilets": false,
        "parking": {
          "free": true,
          "paid": false
        },
        "dogs": {
          "allowed": true,
          "leash": false
        },
        "municipality": "",
        "verified": false,
        "lastVerified": "2026-10-05",
        "sources": [
          {
            "type": "osm",
            "id": "way/711880265",
            "retrievedAt": "2026-10-05"
          }
        ],
        "id": "osm-way-711880265"
      },
      "geometry": {
        "type": "Point",
        "coordinates": [
          5.691788,
          58.9507818
        ]
      }
    },
    {
      "type": "Feature",
      "properties": {
        "name": "Utkjent lekeplass",
        "source": "osm",
        "sourceId": "way/714714517",
        "images": [],
        "age": {
          "min": 0,
          "max": 16
        },
        "opening": "",
        "equipment": [],
        "rating": {
          "average": 0,
          "count": 0
        },
        "accessibility": {
          "wheelchair": "unknown",
          "stroller": "unknown"
        },
        "fenced": false,
        "toilets": false,
        "parking": {
          "free": true,
          "paid": false
        },
        "dogs": {
          "allowed": true,
          "leash": false
        },
        "municipality": "",
        "verified": false,
        "lastVerified": "2026-10-05",
        "sources": [
          {
            "type": "osm",
            "id": "way/714714517",
            "retrievedAt": "2026-10-05"
          }
        ],
        "id": "osm-way-714714517"
      },
      "geometry": {
        "type": "Point",
        "coordinates": [
          5.6918102,
          58.9502789
        ]
      }
    },
    {
      "type": "Feature",
      "properties": {
        "name": "Utkjent lekeplass",
        "source": "osm",
        "sourceId": "way/714755436",
        "images": [],
        "age": {
          "min": 0,
          "max": 16
        },
        "opening": "",
        "equipment": [],
        "rating": {
          "average": 0,
          "count": 0
        },
        "accessibility": {
          "wheelchair": "unknown",
          "stroller": "unknown"
        },
        "fenced": false,
        "toilets": false,
        "parking": {
          "free": true,
          "paid": false
        },
        "dogs": {
          "allowed": true,
          "leash": false
        },
        "municipality": "",
        "verified": false,
        "lastVerified": "2026-10-05",
        "sources": [
          {
            "type": "osm",
            "id": "way/714755436",
            "retrievedAt": "2026-10-05"
          }
        ],
        "id": "osm-way-714755436"
      },
      "geometry": {
        "type": "Point",
        "coordinates": [
          5.7040149,
          58.9457404
        ]
      }
    },
    {
      "type": "Feature",
      "properties": {
        "name": "Utkjent lekeplass",
        "source": "osm",
        "sourceId": "way/717476934",
        "images": [],
        "age": {
          "min": 0,
          "max": 16
        },
        "opening": "",
        "equipment": [],
        "rating": {
          "average": 0,
          "count": 0
        },
        "accessibility": {
          "wheelchair": "unknown",
          "stroller": "unknown"
        },
        "fenced": false,
        "toilets": false,
        "parking": {
          "free": true,
          "paid": false
        },
        "dogs": {
          "allowed": true,
          "leash": false
        },
        "municipality": "",
        "verified": false,
        "lastVerified": "2026-10-05",
        "sources": [
          {
            "type": "osm",
            "id": "way/717476934",
            "retrievedAt": "2026-10-05"
          }
        ],
        "id": "osm-way-717476934"
      },
      "geometry": {
        "type": "Point",
        "coordinates": [
          5.6849232,
          58.9566295
        ]
      }
    },
    {
      "type": "Feature",
      "properties": {
        "name": "Utkjent lekeplass",
        "source": "osm",
        "sourceId": "way/717519237",
        "images": [],
        "age": {
          "min": 0,
          "max": 16
        },
        "opening": "",
        "equipment": [],
        "rating": {
          "average": 0,
          "count": 0
        },
        "accessibility": {
          "wheelchair": "unknown",
          "stroller": "unknown"
        },
        "fenced": false,
        "toilets": false,
        "parking": {
          "free": true,
          "paid": false
        },
        "dogs": {
          "allowed": true,
          "leash": false
        },
        "municipality": "",
        "verified": false,
        "lastVerified": "2026-10-05",
        "sources": [
          {
            "type": "osm",
            "id": "way/717519237",
            "retrievedAt": "2026-10-05"
          }
        ],
        "id": "osm-way-717519237"
      },
      "geometry": {
        "type": "Point",
        "coordinates": [
          5.6854543,
          58.9581524
        ]
      }
    },
    {
      "type": "Feature",
      "properties": {
        "name": "Lægdene lekeplass",
        "source": "osm",
        "sourceId": "way/722188602",
        "images": [],
        "age": {
          "min": 0,
          "max": 16
        },
        "opening": "",
        "equipment": [],
        "rating": {
          "average": 0,
          "count": 0
        },
        "accessibility": {
          "wheelchair": "unknown",
          "stroller": "unknown"
        },
        "fenced": false,
        "toilets": false,
        "parking": {
          "free": true,
          "paid": false
        },
        "dogs": {
          "allowed": true,
          "leash": false
        },
        "municipality": "",
        "verified": true,
        "lastVerified": "2026-10-05",
        "sources": [
          {
            "type": "osm",
            "id": "way/722188602",
            "retrievedAt": "2026-10-05"
          }
        ],
        "id": "osm-way-722188602"
      },
      "geometry": {
        "type": "Point",
        "coordinates": [
          5.3700486,
          60.3672032
        ]
      }
    },
    {
      "type": "Feature",
      "properties": {
        "name": "Utkjent lekeplass",
        "source": "osm",
        "sourceId": "way/722268352",
        "images": [],
        "age": {
          "min": 0,
          "max": 16
        },
        "opening": "",
        "equipment": [],
        "rating": {
          "average": 0,
          "count": 0
        },
        "accessibility": {
          "wheelchair": "unknown",
          "stroller": "unknown"
        },
        "fenced": false,
        "toilets": false,
        "parking": {
          "free": true,
          "paid": false
        },
        "dogs": {
          "allowed": true,
          "leash": false
        },
        "municipality": "",
        "verified": false,
        "lastVerified": "2026-10-05",
        "sources": [
          {
            "type": "osm",
            "id": "way/722268352",
            "retrievedAt": "2026-10-05"
          }
        ],
        "id": "osm-way-722268352"
      },
      "geometry": {
        "type": "Point",
        "coordinates": [
          5.3657434,
          60.368393
        ]
      }
    },
    {
      "type": "Feature",
      "properties": {
        "name": "Utkjent lekeplass",
        "source": "osm",
        "sourceId": "way/722886202",
        "images": [],
        "age": {
          "min": 0,
          "max": 16
        },
        "opening": "",
        "equipment": [],
        "rating": {
          "average": 0,
          "count": 0
        },
        "accessibility": {
          "wheelchair": "unknown",
          "stroller": "unknown"
        },
        "fenced": false,
        "toilets": false,
        "parking": {
          "free": true,
          "paid": false
        },
        "dogs": {
          "allowed": true,
          "leash": false
        },
        "municipality": "",
        "verified": false,
        "lastVerified": "2026-10-05",
        "sources": [
          {
            "type": "osm",
            "id": "way/722886202",
            "retrievedAt": "2026-10-05"
          }
        ],
        "id": "osm-way-722886202"
      },
      "geometry": {
        "type": "Point",
        "coordinates": [
          5.3699172,
          60.3722107
        ]
      }
    },
    {
      "type": "Feature",
      "properties": {
        "name": "Utkjent lekeplass",
        "source": "osm",
        "sourceId": "way/750324962",
        "images": [],
        "age": {
          "min": 0,
          "max": 16
        },
        "opening": "",
        "equipment": [],
        "rating": {
          "average": 0,
          "count": 0
        },
        "accessibility": {
          "wheelchair": "unknown",
          "stroller": "unknown"
        },
        "fenced": false,
        "toilets": false,
        "parking": {
          "free": true,
          "paid": false
        },
        "dogs": {
          "allowed": true,
          "leash": false
        },
        "municipality": "",
        "verified": false,
        "lastVerified": "2026-10-05",
        "sources": [
          {
            "type": "osm",
            "id": "way/750324962",
            "retrievedAt": "2026-10-05"
          }
        ],
        "id": "osm-way-750324962"
      },
      "geometry": {
        "type": "Point",
        "coordinates": [
          5.6989329,
          58.9318351
        ]
      }
    },
    {
      "type": "Feature",
      "properties": {
        "name": "Utkjent lekeplass",
        "source": "osm",
        "sourceId": "way/750324963",
        "images": [],
        "age": {
          "min": 0,
          "max": 16
        },
        "opening": "",
        "equipment": [],
        "rating": {
          "average": 0,
          "count": 0
        },
        "accessibility": {
          "wheelchair": "unknown",
          "stroller": "unknown"
        },
        "fenced": false,
        "toilets": false,
        "parking": {
          "free": true,
          "paid": false
        },
        "dogs": {
          "allowed": true,
          "leash": false
        },
        "municipality": "",
        "verified": false,
        "lastVerified": "2026-10-05",
        "sources": [
          {
            "type": "osm",
            "id": "way/750324963",
            "retrievedAt": "2026-10-05"
          }
        ],
        "id": "osm-way-750324963"
      },
      "geometry": {
        "type": "Point",
        "coordinates": [
          5.6988427,
          58.9319068
        ]
      }
    },
    {
      "type": "Feature",
      "properties": {
        "name": "Utkjent lekeplass",
        "source": "osm",
        "sourceId": "way/750324969",
        "images": [],
        "age": {
          "min": 0,
          "max": 16
        },
        "opening": "",
        "equipment": [],
        "rating": {
          "average": 0,
          "count": 0
        },
        "accessibility": {
          "wheelchair": "unknown",
          "stroller": "unknown"
        },
        "fenced": false,
        "toilets": false,
        "parking": {
          "free": true,
          "paid": false
        },
        "dogs": {
          "allowed": true,
          "leash": false
        },
        "municipality": "",
        "verified": false,
        "lastVerified": "2026-10-05",
        "sources": [
          {
            "type": "osm",
            "id": "way/750324969",
            "retrievedAt": "2026-10-05"
          }
        ],
        "id": "osm-way-750324969"
      },
      "geometry": {
        "type": "Point",
        "coordinates": [
          5.6985689,
          58.9319854
        ]
      }
    },
    {
      "type": "Feature",
      "properties": {
        "name": "Utkjent lekeplass",
        "source": "osm",
        "sourceId": "way/753761484",
        "images": [],
        "age": {
          "min": 0,
          "max": 16
        },
        "opening": "",
        "equipment": [],
        "rating": {
          "average": 0,
          "count": 0
        },
        "accessibility": {
          "wheelchair": "unknown",
          "stroller": "unknown"
        },
        "fenced": false,
        "toilets": false,
        "parking": {
          "free": true,
          "paid": false
        },
        "dogs": {
          "allowed": true,
          "leash": false
        },
        "municipality": "",
        "verified": false,
        "lastVerified": "2026-10-05",
        "sources": [
          {
            "type": "osm",
            "id": "way/753761484",
            "retrievedAt": "2026-10-05"
          }
        ],
        "id": "osm-way-753761484"
      },
      "geometry": {
        "type": "Point",
        "coordinates": [
          5.7003708,
          58.9328412
        ]
      }
    },
    {
      "type": "Feature",
      "properties": {
        "name": "Utkjent lekeplass",
        "source": "osm",
        "sourceId": "way/760790832",
        "images": [],
        "age": {
          "min": 0,
          "max": 16
        },
        "opening": "",
        "equipment": [],
        "rating": {
          "average": 0,
          "count": 0
        },
        "accessibility": {
          "wheelchair": "unknown",
          "stroller": "unknown"
        },
        "fenced": false,
        "toilets": false,
        "parking": {
          "free": true,
          "paid": false
        },
        "dogs": {
          "allowed": true,
          "leash": false
        },
        "municipality": "",
        "verified": false,
        "lastVerified": "2026-10-05",
        "sources": [
          {
            "type": "osm",
            "id": "way/760790832",
            "retrievedAt": "2026-10-05"
          }
        ],
        "id": "osm-way-760790832"
      },
      "geometry": {
        "type": "Point",
        "coordinates": [
          5.3735257,
          60.3603324
        ]
      }
    },
    {
      "type": "Feature",
      "properties": {
        "name": "Utkjent lekeplass",
        "source": "osm",
        "sourceId": "way/779175285",
        "images": [],
        "age": {
          "min": 0,
          "max": 16
        },
        "opening": "",
        "equipment": [],
        "rating": {
          "average": 0,
          "count": 0
        },
        "accessibility": {
          "wheelchair": "unknown",
          "stroller": "unknown"
        },
        "fenced": false,
        "toilets": false,
        "parking": {
          "free": true,
          "paid": false
        },
        "dogs": {
          "allowed": true,
          "leash": false
        },
        "municipality": "",
        "verified": false,
        "lastVerified": "2026-10-05",
        "sources": [
          {
            "type": "osm",
            "id": "way/779175285",
            "retrievedAt": "2026-10-05"
          }
        ],
        "id": "osm-way-779175285"
      },
      "geometry": {
        "type": "Point",
        "coordinates": [
          5.7176478,
          58.9744685
        ]
      }
    },
    {
      "type": "Feature",
      "properties": {
        "name": "Mosvangen lekeplass",
        "source": "osm",
        "sourceId": "way/781755085",
        "images": [],
        "age": {
          "min": 0,
          "max": 16
        },
        "opening": "",
        "equipment": [],
        "rating": {
          "average": 0,
          "count": 0
        },
        "accessibility": {
          "wheelchair": "unknown",
          "stroller": "unknown"
        },
        "fenced": false,
        "toilets": false,
        "parking": {
          "free": true,
          "paid": false
        },
        "dogs": {
          "allowed": true,
          "leash": false
        },
        "municipality": "",
        "verified": true,
        "lastVerified": "2026-10-05",
        "sources": [
          {
            "type": "osm",
            "id": "way/781755085",
            "retrievedAt": "2026-10-05"
          }
        ],
        "id": "osm-way-781755085"
      },
      "geometry": {
        "type": "Point",
        "coordinates": [
          5.7152,
          58.9528536
        ]
      }
    },
    {
      "type": "Feature",
      "properties": {
        "name": "Knøtte-fotballbane",
        "source": "osm",
        "sourceId": "way/782072181",
        "images": [],
        "age": {
          "min": 0,
          "max": 16
        },
        "opening": "",
        "equipment": [],
        "rating": {
          "average": 0,
          "count": 0
        },
        "accessibility": {
          "wheelchair": "unknown",
          "stroller": "unknown"
        },
        "fenced": false,
        "toilets": false,
        "parking": {
          "free": true,
          "paid": false
        },
        "dogs": {
          "allowed": true,
          "leash": false
        },
        "municipality": "",
        "verified": true,
        "lastVerified": "2026-10-05",
        "sources": [
          {
            "type": "osm",
            "id": "way/782072181",
            "retrievedAt": "2026-10-05"
          }
        ],
        "id": "osm-way-782072181"
      },
      "geometry": {
        "type": "Point",
        "coordinates": [
          5.2820849,
          60.354081
        ]
      }
    },
    {
      "type": "Feature",
      "properties": {
        "name": "Utkjent lekeplass",
        "source": "osm",
        "sourceId": "way/790426595",
        "images": [],
        "age": {
          "min": 0,
          "max": 16
        },
        "opening": "",
        "equipment": [],
        "rating": {
          "average": 0,
          "count": 0
        },
        "accessibility": {
          "wheelchair": "unknown",
          "stroller": "unknown"
        },
        "fenced": false,
        "toilets": false,
        "parking": {
          "free": true,
          "paid": false
        },
        "dogs": {
          "allowed": true,
          "leash": false
        },
        "municipality": "",
        "verified": false,
        "lastVerified": "2026-10-05",
        "sources": [
          {
            "type": "osm",
            "id": "way/790426595",
            "retrievedAt": "2026-10-05"
          }
        ],
        "id": "osm-way-790426595"
      },
      "geometry": {
        "type": "Point",
        "coordinates": [
          5.6852693,
          58.9459978
        ]
      }
    },
    {
      "type": "Feature",
      "properties": {
        "name": "Utkjent lekeplass",
        "source": "osm",
        "sourceId": "way/800304475",
        "images": [],
        "age": {
          "min": 0,
          "max": 16
        },
        "opening": "",
        "equipment": [],
        "rating": {
          "average": 0,
          "count": 0
        },
        "accessibility": {
          "wheelchair": "unknown",
          "stroller": "unknown"
        },
        "fenced": false,
        "toilets": false,
        "parking": {
          "free": true,
          "paid": false
        },
        "dogs": {
          "allowed": true,
          "leash": false
        },
        "municipality": "",
        "verified": false,
        "lastVerified": "2026-10-05",
        "sources": [
          {
            "type": "osm",
            "id": "way/800304475",
            "retrievedAt": "2026-10-05"
          }
        ],
        "id": "osm-way-800304475"
      },
      "geometry": {
        "type": "Point",
        "coordinates": [
          5.7201056,
          58.9033747
        ]
      }
    },
    {
      "type": "Feature",
      "properties": {
        "name": "Utkjent lekeplass",
        "source": "osm",
        "sourceId": "way/804259136",
        "images": [],
        "age": {
          "min": 0,
          "max": 16
        },
        "opening": "",
        "equipment": [],
        "rating": {
          "average": 0,
          "count": 0
        },
        "accessibility": {
          "wheelchair": "unknown",
          "stroller": "unknown"
        },
        "fenced": false,
        "toilets": false,
        "parking": {
          "free": true,
          "paid": false
        },
        "dogs": {
          "allowed": true,
          "leash": false
        },
        "municipality": "",
        "verified": false,
        "lastVerified": "2026-10-05",
        "sources": [
          {
            "type": "osm",
            "id": "way/804259136",
            "retrievedAt": "2026-10-05"
          }
        ],
        "id": "osm-way-804259136"
      },
      "geometry": {
        "type": "Point",
        "coordinates": [
          5.6527911,
          58.9424504
        ]
      }
    },
    {
      "type": "Feature",
      "properties": {
        "name": "Utkjent lekeplass",
        "source": "osm",
        "sourceId": "way/817408148",
        "images": [],
        "age": {
          "min": 0,
          "max": 16
        },
        "opening": "",
        "equipment": [],
        "rating": {
          "average": 0,
          "count": 0
        },
        "accessibility": {
          "wheelchair": "unknown",
          "stroller": "unknown"
        },
        "fenced": false,
        "toilets": false,
        "parking": {
          "free": true,
          "paid": false
        },
        "dogs": {
          "allowed": true,
          "leash": false
        },
        "municipality": "",
        "verified": false,
        "lastVerified": "2026-10-05",
        "sources": [
          {
            "type": "osm",
            "id": "way/817408148",
            "retrievedAt": "2026-10-05"
          }
        ],
        "id": "osm-way-817408148"
      },
      "geometry": {
        "type": "Point",
        "coordinates": [
          5.7147707,
          58.9257174
        ]
      }
    },
    {
      "type": "Feature",
      "properties": {
        "name": "Utkjent lekeplass",
        "source": "osm",
        "sourceId": "way/82736414",
        "images": [],
        "age": {
          "min": 0,
          "max": 16
        },
        "opening": "",
        "equipment": [],
        "rating": {
          "average": 0,
          "count": 0
        },
        "accessibility": {
          "wheelchair": "unknown",
          "stroller": "unknown"
        },
        "fenced": false,
        "toilets": false,
        "parking": {
          "free": true,
          "paid": false
        },
        "dogs": {
          "allowed": true,
          "leash": false
        },
        "municipality": "",
        "verified": false,
        "lastVerified": "2026-10-05",
        "sources": [
          {
            "type": "osm",
            "id": "way/82736414",
            "retrievedAt": "2026-10-05"
          }
        ],
        "id": "osm-way-82736414"
      },
      "geometry": {
        "type": "Point",
        "coordinates": [
          5.7099646,
          58.9768678
        ]
      }
    },
    {
      "type": "Feature",
      "properties": {
        "name": "Søndre Skogveien lekeplass",
        "source": "osm",
        "sourceId": "way/828528070",
        "images": [],
        "age": {
          "min": 0,
          "max": 16
        },
        "opening": "",
        "equipment": [],
        "rating": {
          "average": 0,
          "count": 0
        },
        "accessibility": {
          "wheelchair": "unknown",
          "stroller": "unknown"
        },
        "fenced": false,
        "toilets": false,
        "parking": {
          "free": true,
          "paid": false
        },
        "dogs": {
          "allowed": true,
          "leash": false
        },
        "municipality": "",
        "verified": true,
        "lastVerified": "2026-10-05",
        "sources": [
          {
            "type": "osm",
            "id": "way/828528070",
            "retrievedAt": "2026-10-05"
          }
        ],
        "id": "osm-way-828528070"
      },
      "geometry": {
        "type": "Point",
        "coordinates": [
          5.3336263,
          60.3746374
        ]
      }
    },
    {
      "type": "Feature",
      "properties": {
        "name": "Utkjent lekeplass",
        "source": "osm",
        "sourceId": "way/828528073",
        "images": [],
        "age": {
          "min": 0,
          "max": 16
        },
        "opening": "",
        "equipment": [],
        "rating": {
          "average": 0,
          "count": 0
        },
        "accessibility": {
          "wheelchair": "unknown",
          "stroller": "unknown"
        },
        "fenced": false,
        "toilets": false,
        "parking": {
          "free": true,
          "paid": false
        },
        "dogs": {
          "allowed": true,
          "leash": false
        },
        "municipality": "",
        "verified": false,
        "lastVerified": "2026-10-05",
        "sources": [
          {
            "type": "osm",
            "id": "way/828528073",
            "retrievedAt": "2026-10-05"
          }
        ],
        "id": "osm-way-828528073"
      },
      "geometry": {
        "type": "Point",
        "coordinates": [
          5.3275672,
          60.376497
        ]
      }
    },
    {
      "type": "Feature",
      "properties": {
        "name": "Utkjent lekeplass",
        "source": "osm",
        "sourceId": "way/836352901",
        "images": [],
        "age": {
          "min": 0,
          "max": 16
        },
        "opening": "",
        "equipment": [],
        "rating": {
          "average": 0,
          "count": 0
        },
        "accessibility": {
          "wheelchair": "unknown",
          "stroller": "unknown"
        },
        "fenced": false,
        "toilets": false,
        "parking": {
          "free": true,
          "paid": false
        },
        "dogs": {
          "allowed": true,
          "leash": false
        },
        "municipality": "",
        "verified": false,
        "lastVerified": "2026-10-05",
        "sources": [
          {
            "type": "osm",
            "id": "way/836352901",
            "retrievedAt": "2026-10-05"
          }
        ],
        "id": "osm-way-836352901"
      },
      "geometry": {
        "type": "Point",
        "coordinates": [
          5.3312,
          60.3741502
        ]
      }
    },
    {
      "type": "Feature",
      "properties": {
        "name": "Utkjent lekeplass",
        "source": "osm",
        "sourceId": "way/836352902",
        "images": [],
        "age": {
          "min": 0,
          "max": 16
        },
        "opening": "",
        "equipment": [],
        "rating": {
          "average": 0,
          "count": 0
        },
        "accessibility": {
          "wheelchair": "unknown",
          "stroller": "unknown"
        },
        "fenced": false,
        "toilets": false,
        "parking": {
          "free": true,
          "paid": false
        },
        "dogs": {
          "allowed": true,
          "leash": false
        },
        "municipality": "",
        "verified": false,
        "lastVerified": "2026-10-05",
        "sources": [
          {
            "type": "osm",
            "id": "way/836352902",
            "retrievedAt": "2026-10-05"
          }
        ],
        "id": "osm-way-836352902"
      },
      "geometry": {
        "type": "Point",
        "coordinates": [
          5.3369903,
          60.3741674
        ]
      }
    },
    {
      "type": "Feature",
      "properties": {
        "name": "Leitet lekeplass",
        "source": "osm",
        "sourceId": "way/840299722",
        "images": [],
        "age": {
          "min": 0,
          "max": 16
        },
        "opening": "",
        "equipment": [],
        "rating": {
          "average": 0,
          "count": 0
        },
        "accessibility": {
          "wheelchair": "unknown",
          "stroller": "unknown"
        },
        "fenced": false,
        "toilets": false,
        "parking": {
          "free": true,
          "paid": false
        },
        "dogs": {
          "allowed": true,
          "leash": false
        },
        "municipality": "",
        "verified": true,
        "lastVerified": "2026-10-05",
        "sources": [
          {
            "type": "osm",
            "id": "way/840299722",
            "retrievedAt": "2026-10-05"
          }
        ],
        "id": "osm-way-840299722"
      },
      "geometry": {
        "type": "Point",
        "coordinates": [
          5.2905382,
          60.3893358
        ]
      }
    },
    {
      "type": "Feature",
      "properties": {
        "name": "Herman Grans vei nord lekeplass",
        "source": "osm",
        "sourceId": "way/840299736",
        "images": [],
        "age": {
          "min": 0,
          "max": 16
        },
        "opening": "",
        "equipment": [],
        "rating": {
          "average": 0,
          "count": 0
        },
        "accessibility": {
          "wheelchair": "unknown",
          "stroller": "unknown"
        },
        "fenced": false,
        "toilets": false,
        "parking": {
          "free": true,
          "paid": false
        },
        "dogs": {
          "allowed": true,
          "leash": false
        },
        "municipality": "",
        "verified": true,
        "lastVerified": "2026-10-05",
        "sources": [
          {
            "type": "osm",
            "id": "way/840299736",
            "retrievedAt": "2026-10-05"
          }
        ],
        "id": "osm-way-840299736"
      },
      "geometry": {
        "type": "Point",
        "coordinates": [
          5.2918442,
          60.3868533
        ]
      }
    },
    {
      "type": "Feature",
      "properties": {
        "name": "Møllebukta treningsparken",
        "source": "osm",
        "sourceId": "way/842333405",
        "images": [],
        "age": {
          "min": 0,
          "max": 16
        },
        "opening": "",
        "equipment": [],
        "rating": {
          "average": 0,
          "count": 0
        },
        "accessibility": {
          "wheelchair": "unknown",
          "stroller": "unknown"
        },
        "fenced": false,
        "toilets": false,
        "parking": {
          "free": true,
          "paid": false
        },
        "dogs": {
          "allowed": true,
          "leash": false
        },
        "municipality": "",
        "verified": true,
        "lastVerified": "2026-10-05",
        "sources": [
          {
            "type": "osm",
            "id": "way/842333405",
            "retrievedAt": "2026-10-05"
          }
        ],
        "id": "osm-way-842333405"
      },
      "geometry": {
        "type": "Point",
        "coordinates": [
          5.6678939,
          58.9413143
        ]
      }
    },
    {
      "type": "Feature",
      "properties": {
        "name": "Øvre Sollien lekeplass",
        "source": "osm",
        "sourceId": "way/856528075",
        "images": [],
        "age": {
          "min": 0,
          "max": 16
        },
        "opening": "",
        "equipment": [],
        "rating": {
          "average": 0,
          "count": 0
        },
        "accessibility": {
          "wheelchair": "unknown",
          "stroller": "unknown"
        },
        "fenced": false,
        "toilets": false,
        "parking": {
          "free": true,
          "paid": false
        },
        "dogs": {
          "allowed": true,
          "leash": false
        },
        "municipality": "",
        "verified": true,
        "lastVerified": "2026-10-05",
        "sources": [
          {
            "type": "osm",
            "id": "way/856528075",
            "retrievedAt": "2026-10-05"
          }
        ],
        "id": "osm-way-856528075"
      },
      "geometry": {
        "type": "Point",
        "coordinates": [
          5.376543,
          60.3665201
        ]
      }
    },
    {
      "type": "Feature",
      "properties": {
        "name": "Utkjent lekeplass",
        "source": "osm",
        "sourceId": "way/859034859",
        "images": [],
        "age": {
          "min": 0,
          "max": 16
        },
        "opening": "",
        "equipment": [],
        "rating": {
          "average": 0,
          "count": 0
        },
        "accessibility": {
          "wheelchair": "unknown",
          "stroller": "unknown"
        },
        "fenced": false,
        "toilets": false,
        "parking": {
          "free": true,
          "paid": false
        },
        "dogs": {
          "allowed": true,
          "leash": false
        },
        "municipality": "",
        "verified": false,
        "lastVerified": "2026-10-05",
        "sources": [
          {
            "type": "osm",
            "id": "way/859034859",
            "retrievedAt": "2026-10-05"
          }
        ],
        "id": "osm-way-859034859"
      },
      "geometry": {
        "type": "Point",
        "coordinates": [
          5.6660344,
          58.902895
        ]
      }
    },
    {
      "type": "Feature",
      "properties": {
        "name": "Utkjent lekeplass",
        "source": "osm",
        "sourceId": "way/879498070",
        "images": [],
        "age": {
          "min": 0,
          "max": 16
        },
        "opening": "",
        "equipment": [],
        "rating": {
          "average": 0,
          "count": 0
        },
        "accessibility": {
          "wheelchair": "unknown",
          "stroller": "unknown"
        },
        "fenced": false,
        "toilets": false,
        "parking": {
          "free": true,
          "paid": false
        },
        "dogs": {
          "allowed": true,
          "leash": false
        },
        "municipality": "",
        "verified": false,
        "lastVerified": "2026-10-05",
        "sources": [
          {
            "type": "osm",
            "id": "way/879498070",
            "retrievedAt": "2026-10-05"
          }
        ],
        "id": "osm-way-879498070"
      },
      "geometry": {
        "type": "Point",
        "coordinates": [
          5.7163809,
          58.9754546
        ]
      }
    },
    {
      "type": "Feature",
      "properties": {
        "name": "Utkjent lekeplass",
        "source": "osm",
        "sourceId": "way/88141930",
        "images": [],
        "age": {
          "min": 0,
          "max": 16
        },
        "opening": "",
        "equipment": [],
        "rating": {
          "average": 0,
          "count": 0
        },
        "accessibility": {
          "wheelchair": "unknown",
          "stroller": "unknown"
        },
        "fenced": false,
        "toilets": false,
        "parking": {
          "free": true,
          "paid": false
        },
        "dogs": {
          "allowed": true,
          "leash": false
        },
        "municipality": "",
        "verified": false,
        "lastVerified": "2026-10-05",
        "sources": [
          {
            "type": "osm",
            "id": "way/88141930",
            "retrievedAt": "2026-10-05"
          }
        ],
        "id": "osm-way-88141930"
      },
      "geometry": {
        "type": "Point",
        "coordinates": [
          5.6870381,
          58.9509801
        ]
      }
    },
    {
      "type": "Feature",
      "properties": {
        "name": "Utkjent lekeplass",
        "source": "osm",
        "sourceId": "way/883135301",
        "images": [],
        "age": {
          "min": 0,
          "max": 16
        },
        "opening": "",
        "equipment": [],
        "rating": {
          "average": 0,
          "count": 0
        },
        "accessibility": {
          "wheelchair": "unknown",
          "stroller": "unknown"
        },
        "fenced": false,
        "toilets": false,
        "parking": {
          "free": true,
          "paid": false
        },
        "dogs": {
          "allowed": true,
          "leash": false
        },
        "municipality": "",
        "verified": false,
        "lastVerified": "2026-10-05",
        "sources": [
          {
            "type": "osm",
            "id": "way/883135301",
            "retrievedAt": "2026-10-05"
          }
        ],
        "id": "osm-way-883135301"
      },
      "geometry": {
        "type": "Point",
        "coordinates": [
          5.368851,
          60.3540361
        ]
      }
    },
    {
      "type": "Feature",
      "properties": {
        "name": "Møllen Lekeplass",
        "source": "osm",
        "sourceId": "way/884736485",
        "images": [],
        "age": {
          "min": 0,
          "max": 8
        },
        "opening": "",
        "equipment": [],
        "rating": {
          "average": 0,
          "count": 0
        },
        "accessibility": {
          "wheelchair": "unknown",
          "stroller": "unknown"
        },
        "fenced": false,
        "toilets": false,
        "parking": {
          "free": true,
          "paid": false
        },
        "dogs": {
          "allowed": true,
          "leash": false
        },
        "municipality": "",
        "verified": true,
        "lastVerified": "2026-10-05",
        "sources": [
          {
            "type": "osm",
            "id": "way/884736485",
            "retrievedAt": "2026-10-05"
          }
        ],
        "id": "osm-way-884736485"
      },
      "geometry": {
        "type": "Point",
        "coordinates": [
          5.2595263,
          60.3842045
        ]
      }
    },
    {
      "type": "Feature",
      "properties": {
        "name": "Utkjent lekeplass",
        "source": "osm",
        "sourceId": "way/88524556",
        "images": [],
        "age": {
          "min": 0,
          "max": 16
        },
        "opening": "",
        "equipment": [],
        "rating": {
          "average": 0,
          "count": 0
        },
        "accessibility": {
          "wheelchair": "unknown",
          "stroller": "unknown"
        },
        "fenced": false,
        "toilets": false,
        "parking": {
          "free": true,
          "paid": false
        },
        "dogs": {
          "allowed": true,
          "leash": false
        },
        "municipality": "",
        "verified": false,
        "lastVerified": "2026-10-05",
        "sources": [
          {
            "type": "osm",
            "id": "way/88524556",
            "retrievedAt": "2026-10-05"
          }
        ],
        "id": "osm-way-88524556"
      },
      "geometry": {
        "type": "Point",
        "coordinates": [
          5.7184345,
          58.9708518
        ]
      }
    },
    {
      "type": "Feature",
      "properties": {
        "name": "Utkjent lekeplass",
        "source": "osm",
        "sourceId": "way/886464720",
        "images": [],
        "age": {
          "min": 0,
          "max": 16
        },
        "opening": "",
        "equipment": [],
        "rating": {
          "average": 0,
          "count": 0
        },
        "accessibility": {
          "wheelchair": "unknown",
          "stroller": "unknown"
        },
        "fenced": false,
        "toilets": false,
        "parking": {
          "free": true,
          "paid": false
        },
        "dogs": {
          "allowed": true,
          "leash": false
        },
        "municipality": "",
        "verified": false,
        "lastVerified": "2026-10-05",
        "sources": [
          {
            "type": "osm",
            "id": "way/886464720",
            "retrievedAt": "2026-10-05"
          }
        ],
        "id": "osm-way-886464720"
      },
      "geometry": {
        "type": "Point",
        "coordinates": [
          5.318867,
          60.4135507
        ]
      }
    },
    {
      "type": "Feature",
      "properties": {
        "name": "Utkjent lekeplass",
        "source": "osm",
        "sourceId": "way/89226313",
        "images": [],
        "age": {
          "min": 0,
          "max": 16
        },
        "opening": "",
        "equipment": [],
        "rating": {
          "average": 0,
          "count": 0
        },
        "accessibility": {
          "wheelchair": "unknown",
          "stroller": "unknown"
        },
        "fenced": false,
        "toilets": false,
        "parking": {
          "free": true,
          "paid": false
        },
        "dogs": {
          "allowed": true,
          "leash": false
        },
        "municipality": "",
        "verified": false,
        "lastVerified": "2026-10-05",
        "sources": [
          {
            "type": "osm",
            "id": "way/89226313",
            "retrievedAt": "2026-10-05"
          }
        ],
        "id": "osm-way-89226313"
      },
      "geometry": {
        "type": "Point",
        "coordinates": [
          5.7169877,
          58.9497662
        ]
      }
    },
    {
      "type": "Feature",
      "properties": {
        "name": "Utkjent lekeplass",
        "source": "osm",
        "sourceId": "way/89232484",
        "images": [],
        "age": {
          "min": 0,
          "max": 16
        },
        "opening": "",
        "equipment": [],
        "rating": {
          "average": 0,
          "count": 0
        },
        "accessibility": {
          "wheelchair": "unknown",
          "stroller": "unknown"
        },
        "fenced": false,
        "toilets": false,
        "parking": {
          "free": true,
          "paid": false
        },
        "dogs": {
          "allowed": true,
          "leash": false
        },
        "municipality": "",
        "verified": false,
        "lastVerified": "2026-10-05",
        "sources": [
          {
            "type": "osm",
            "id": "way/89232484",
            "retrievedAt": "2026-10-05"
          }
        ],
        "id": "osm-way-89232484"
      },
      "geometry": {
        "type": "Point",
        "coordinates": [
          5.7156172,
          58.9438275
        ]
      }
    },
    {
      "type": "Feature",
      "properties": {
        "name": "Utkjent lekeplass",
        "source": "osm",
        "sourceId": "way/893022575",
        "images": [],
        "age": {
          "min": 0,
          "max": 16
        },
        "opening": "",
        "equipment": [],
        "rating": {
          "average": 0,
          "count": 0
        },
        "accessibility": {
          "wheelchair": "unknown",
          "stroller": "unknown"
        },
        "fenced": false,
        "toilets": false,
        "parking": {
          "free": true,
          "paid": false
        },
        "dogs": {
          "allowed": true,
          "leash": false
        },
        "municipality": "",
        "verified": false,
        "lastVerified": "2026-10-05",
        "sources": [
          {
            "type": "osm",
            "id": "way/893022575",
            "retrievedAt": "2026-10-05"
          }
        ],
        "id": "osm-way-893022575"
      },
      "geometry": {
        "type": "Point",
        "coordinates": [
          5.7014359,
          58.9503765
        ]
      }
    },
    {
      "type": "Feature",
      "properties": {
        "name": "Utkjent lekeplass",
        "source": "osm",
        "sourceId": "way/90187221",
        "images": [],
        "age": {
          "min": 0,
          "max": 16
        },
        "opening": "",
        "equipment": [],
        "rating": {
          "average": 0,
          "count": 0
        },
        "accessibility": {
          "wheelchair": "unknown",
          "stroller": "unknown"
        },
        "fenced": false,
        "toilets": false,
        "parking": {
          "free": true,
          "paid": false
        },
        "dogs": {
          "allowed": true,
          "leash": false
        },
        "municipality": "",
        "verified": false,
        "lastVerified": "2026-10-05",
        "sources": [
          {
            "type": "osm",
            "id": "way/90187221",
            "retrievedAt": "2026-10-05"
          }
        ],
        "id": "osm-way-90187221"
      },
      "geometry": {
        "type": "Point",
        "coordinates": [
          5.7170432,
          58.9492812
        ]
      }
    },
    {
      "type": "Feature",
      "properties": {
        "name": "Utkjent lekeplass",
        "source": "osm",
        "sourceId": "way/907061663",
        "images": [],
        "age": {
          "min": 0,
          "max": 16
        },
        "opening": "",
        "equipment": [],
        "rating": {
          "average": 0,
          "count": 0
        },
        "accessibility": {
          "wheelchair": "unknown",
          "stroller": "unknown"
        },
        "fenced": false,
        "toilets": false,
        "parking": {
          "free": true,
          "paid": false
        },
        "dogs": {
          "allowed": true,
          "leash": false
        },
        "municipality": "",
        "verified": false,
        "lastVerified": "2026-10-05",
        "sources": [
          {
            "type": "osm",
            "id": "way/907061663",
            "retrievedAt": "2026-10-05"
          }
        ],
        "id": "osm-way-907061663"
      },
      "geometry": {
        "type": "Point",
        "coordinates": [
          5.7186594,
          58.9236595
        ]
      }
    },
    {
      "type": "Feature",
      "properties": {
        "name": "Utkjent lekeplass",
        "source": "osm",
        "sourceId": "way/908199640",
        "images": [],
        "age": {
          "min": 0,
          "max": 16
        },
        "opening": "",
        "equipment": [],
        "rating": {
          "average": 0,
          "count": 0
        },
        "accessibility": {
          "wheelchair": "unknown",
          "stroller": "unknown"
        },
        "fenced": false,
        "toilets": false,
        "parking": {
          "free": true,
          "paid": false
        },
        "dogs": {
          "allowed": true,
          "leash": false
        },
        "municipality": "",
        "verified": false,
        "lastVerified": "2026-10-05",
        "sources": [
          {
            "type": "osm",
            "id": "way/908199640",
            "retrievedAt": "2026-10-05"
          }
        ],
        "id": "osm-way-908199640"
      },
      "geometry": {
        "type": "Point",
        "coordinates": [
          5.7188805,
          58.9145269
        ]
      }
    },
    {
      "type": "Feature",
      "properties": {
        "name": "Utkjent lekeplass",
        "source": "osm",
        "sourceId": "way/908199645",
        "images": [],
        "age": {
          "min": 0,
          "max": 16
        },
        "opening": "",
        "equipment": [],
        "rating": {
          "average": 0,
          "count": 0
        },
        "accessibility": {
          "wheelchair": "unknown",
          "stroller": "unknown"
        },
        "fenced": false,
        "toilets": false,
        "parking": {
          "free": true,
          "paid": false
        },
        "dogs": {
          "allowed": true,
          "leash": false
        },
        "municipality": "",
        "verified": false,
        "lastVerified": "2026-10-05",
        "sources": [
          {
            "type": "osm",
            "id": "way/908199645",
            "retrievedAt": "2026-10-05"
          }
        ],
        "id": "osm-way-908199645"
      },
      "geometry": {
        "type": "Point",
        "coordinates": [
          5.7183127,
          58.9139679
        ]
      }
    },
    {
      "type": "Feature",
      "properties": {
        "name": "Utkjent lekeplass",
        "source": "osm",
        "sourceId": "way/912772490",
        "images": [],
        "age": {
          "min": 0,
          "max": 16
        },
        "opening": "",
        "equipment": [],
        "rating": {
          "average": 0,
          "count": 0
        },
        "accessibility": {
          "wheelchair": "unknown",
          "stroller": "unknown"
        },
        "fenced": false,
        "toilets": false,
        "parking": {
          "free": true,
          "paid": false
        },
        "dogs": {
          "allowed": true,
          "leash": false
        },
        "municipality": "",
        "verified": false,
        "lastVerified": "2026-10-05",
        "sources": [
          {
            "type": "osm",
            "id": "way/912772490",
            "retrievedAt": "2026-10-05"
          }
        ],
        "id": "osm-way-912772490"
      },
      "geometry": {
        "type": "Point",
        "coordinates": [
          5.2717047,
          60.3836466
        ]
      }
    },
    {
      "type": "Feature",
      "properties": {
        "name": "Utkjent lekeplass",
        "source": "osm",
        "sourceId": "way/912772491",
        "images": [],
        "age": {
          "min": 0,
          "max": 16
        },
        "opening": "",
        "equipment": [],
        "rating": {
          "average": 0,
          "count": 0
        },
        "accessibility": {
          "wheelchair": "unknown",
          "stroller": "unknown"
        },
        "fenced": false,
        "toilets": false,
        "parking": {
          "free": true,
          "paid": false
        },
        "dogs": {
          "allowed": true,
          "leash": false
        },
        "municipality": "",
        "verified": false,
        "lastVerified": "2026-10-05",
        "sources": [
          {
            "type": "osm",
            "id": "way/912772491",
            "retrievedAt": "2026-10-05"
          }
        ],
        "id": "osm-way-912772491"
      },
      "geometry": {
        "type": "Point",
        "coordinates": [
          5.2718443,
          60.3835579
        ]
      }
    },
    {
      "type": "Feature",
      "properties": {
        "name": "Utkjent lekeplass",
        "source": "osm",
        "sourceId": "way/941039740",
        "images": [],
        "age": {
          "min": 0,
          "max": 16
        },
        "opening": "",
        "equipment": [],
        "rating": {
          "average": 0,
          "count": 0
        },
        "accessibility": {
          "wheelchair": "unknown",
          "stroller": "unknown"
        },
        "fenced": false,
        "toilets": false,
        "parking": {
          "free": true,
          "paid": false
        },
        "dogs": {
          "allowed": true,
          "leash": false
        },
        "municipality": "",
        "verified": false,
        "lastVerified": "2026-10-05",
        "sources": [
          {
            "type": "osm",
            "id": "way/941039740",
            "retrievedAt": "2026-10-05"
          }
        ],
        "id": "osm-way-941039740"
      },
      "geometry": {
        "type": "Point",
        "coordinates": [
          5.3291108,
          60.3777838
        ]
      }
    },
    {
      "type": "Feature",
      "properties": {
        "name": "Utkjent lekeplass",
        "source": "osm",
        "sourceId": "way/945648669",
        "images": [],
        "age": {
          "min": 0,
          "max": 16
        },
        "opening": "",
        "equipment": [],
        "rating": {
          "average": 0,
          "count": 0
        },
        "accessibility": {
          "wheelchair": "unknown",
          "stroller": "unknown"
        },
        "fenced": false,
        "toilets": false,
        "parking": {
          "free": true,
          "paid": false
        },
        "dogs": {
          "allowed": true,
          "leash": false
        },
        "municipality": "",
        "verified": false,
        "lastVerified": "2026-10-05",
        "sources": [
          {
            "type": "osm",
            "id": "way/945648669",
            "retrievedAt": "2026-10-05"
          }
        ],
        "id": "osm-way-945648669"
      },
      "geometry": {
        "type": "Point",
        "coordinates": [
          5.3133041,
          60.4168299
        ]
      }
    },
    {
      "type": "Feature",
      "properties": {
        "name": "Utkjent lekeplass",
        "source": "osm",
        "sourceId": "way/945648670",
        "images": [],
        "age": {
          "min": 0,
          "max": 16
        },
        "opening": "",
        "equipment": [],
        "rating": {
          "average": 0,
          "count": 0
        },
        "accessibility": {
          "wheelchair": "unknown",
          "stroller": "unknown"
        },
        "fenced": false,
        "toilets": false,
        "parking": {
          "free": true,
          "paid": false
        },
        "dogs": {
          "allowed": true,
          "leash": false
        },
        "municipality": "",
        "verified": false,
        "lastVerified": "2026-10-05",
        "sources": [
          {
            "type": "osm",
            "id": "way/945648670",
            "retrievedAt": "2026-10-05"
          }
        ],
        "id": "osm-way-945648670"
      },
      "geometry": {
        "type": "Point",
        "coordinates": [
          5.3131808,
          60.4168633
        ]
      }
    },
    {
      "type": "Feature",
      "properties": {
        "name": "Utkjent lekeplass",
        "source": "osm",
        "sourceId": "way/945648671",
        "images": [],
        "age": {
          "min": 0,
          "max": 16
        },
        "opening": "",
        "equipment": [],
        "rating": {
          "average": 0,
          "count": 0
        },
        "accessibility": {
          "wheelchair": "unknown",
          "stroller": "unknown"
        },
        "fenced": false,
        "toilets": false,
        "parking": {
          "free": true,
          "paid": false
        },
        "dogs": {
          "allowed": true,
          "leash": false
        },
        "municipality": "",
        "verified": false,
        "lastVerified": "2026-10-05",
        "sources": [
          {
            "type": "osm",
            "id": "way/945648671",
            "retrievedAt": "2026-10-05"
          }
        ],
        "id": "osm-way-945648671"
      },
      "geometry": {
        "type": "Point",
        "coordinates": [
          5.3134816,
          60.4168019
        ]
      }
    },
    {
      "type": "Feature",
      "properties": {
        "name": "Seljebakken Terrasse lekeplass",
        "source": "osm",
        "sourceId": "way/946913323",
        "images": [],
        "age": {
          "min": 0,
          "max": 16
        },
        "opening": "",
        "equipment": [],
        "rating": {
          "average": 0,
          "count": 0
        },
        "accessibility": {
          "wheelchair": "unknown",
          "stroller": "unknown"
        },
        "fenced": false,
        "toilets": false,
        "parking": {
          "free": true,
          "paid": false
        },
        "dogs": {
          "allowed": true,
          "leash": false
        },
        "municipality": "",
        "verified": true,
        "lastVerified": "2026-10-05",
        "sources": [
          {
            "type": "osm",
            "id": "way/946913323",
            "retrievedAt": "2026-10-05"
          }
        ],
        "id": "osm-way-946913323"
      },
      "geometry": {
        "type": "Point",
        "coordinates": [
          5.2896194,
          60.3568757
        ]
      }
    },
    {
      "type": "Feature",
      "properties": {
        "name": "Utkjent lekeplass",
        "source": "osm",
        "sourceId": "way/952138760",
        "images": [],
        "age": {
          "min": 0,
          "max": 16
        },
        "opening": "",
        "equipment": [],
        "rating": {
          "average": 0,
          "count": 0
        },
        "accessibility": {
          "wheelchair": "unknown",
          "stroller": "unknown"
        },
        "fenced": false,
        "toilets": false,
        "parking": {
          "free": true,
          "paid": false
        },
        "dogs": {
          "allowed": true,
          "leash": false
        },
        "municipality": "",
        "verified": false,
        "lastVerified": "2026-10-05",
        "sources": [
          {
            "type": "osm",
            "id": "way/952138760",
            "retrievedAt": "2026-10-05"
          }
        ],
        "id": "osm-way-952138760"
      },
      "geometry": {
        "type": "Point",
        "coordinates": [
          5.3515536,
          60.3803974
        ]
      }
    },
    {
      "type": "Feature",
      "properties": {
        "name": "Utkjent lekeplass",
        "source": "osm",
        "sourceId": "way/961118494",
        "images": [],
        "age": {
          "min": 0,
          "max": 16
        },
        "opening": "",
        "equipment": [],
        "rating": {
          "average": 0,
          "count": 0
        },
        "accessibility": {
          "wheelchair": "unknown",
          "stroller": "unknown"
        },
        "fenced": false,
        "toilets": false,
        "parking": {
          "free": true,
          "paid": false
        },
        "dogs": {
          "allowed": true,
          "leash": false
        },
        "municipality": "",
        "verified": false,
        "lastVerified": "2026-10-05",
        "sources": [
          {
            "type": "osm",
            "id": "way/961118494",
            "retrievedAt": "2026-10-05"
          }
        ],
        "id": "osm-way-961118494"
      },
      "geometry": {
        "type": "Point",
        "coordinates": [
          5.7148788,
          58.9218416
        ]
      }
    },
    {
      "type": "Feature",
      "properties": {
        "name": "Utkjent lekeplass",
        "source": "osm",
        "sourceId": "way/961118502",
        "images": [],
        "age": {
          "min": 0,
          "max": 16
        },
        "opening": "",
        "equipment": [],
        "rating": {
          "average": 0,
          "count": 0
        },
        "accessibility": {
          "wheelchair": "unknown",
          "stroller": "unknown"
        },
        "fenced": false,
        "toilets": false,
        "parking": {
          "free": true,
          "paid": false
        },
        "dogs": {
          "allowed": true,
          "leash": false
        },
        "municipality": "",
        "verified": false,
        "lastVerified": "2026-10-05",
        "sources": [
          {
            "type": "osm",
            "id": "way/961118502",
            "retrievedAt": "2026-10-05"
          }
        ],
        "id": "osm-way-961118502"
      },
      "geometry": {
        "type": "Point",
        "coordinates": [
          5.7183744,
          58.9187716
        ]
      }
    },
    {
      "type": "Feature",
      "properties": {
        "name": "Utkjent lekeplass",
        "source": "osm",
        "sourceId": "way/961118518",
        "images": [],
        "age": {
          "min": 0,
          "max": 16
        },
        "opening": "",
        "equipment": [],
        "rating": {
          "average": 0,
          "count": 0
        },
        "accessibility": {
          "wheelchair": "unknown",
          "stroller": "unknown"
        },
        "fenced": false,
        "toilets": false,
        "parking": {
          "free": true,
          "paid": false
        },
        "dogs": {
          "allowed": true,
          "leash": false
        },
        "municipality": "",
        "verified": false,
        "lastVerified": "2026-10-05",
        "sources": [
          {
            "type": "osm",
            "id": "way/961118518",
            "retrievedAt": "2026-10-05"
          }
        ],
        "id": "osm-way-961118518"
      },
      "geometry": {
        "type": "Point",
        "coordinates": [
          5.7152535,
          58.9188955
        ]
      }
    },
    {
      "type": "Feature",
      "properties": {
        "name": "Utkjent lekeplass",
        "source": "osm",
        "sourceId": "way/961700815",
        "images": [],
        "age": {
          "min": 0,
          "max": 16
        },
        "opening": "",
        "equipment": [],
        "rating": {
          "average": 0,
          "count": 0
        },
        "accessibility": {
          "wheelchair": "unknown",
          "stroller": "unknown"
        },
        "fenced": false,
        "toilets": false,
        "parking": {
          "free": true,
          "paid": false
        },
        "dogs": {
          "allowed": true,
          "leash": false
        },
        "municipality": "",
        "verified": false,
        "lastVerified": "2026-10-05",
        "sources": [
          {
            "type": "osm",
            "id": "way/961700815",
            "retrievedAt": "2026-10-05"
          }
        ],
        "id": "osm-way-961700815"
      },
      "geometry": {
        "type": "Point",
        "coordinates": [
          5.7187771,
          58.9194707
        ]
      }
    },
    {
      "type": "Feature",
      "properties": {
        "name": "Utkjent lekeplass",
        "source": "osm",
        "sourceId": "way/971412456",
        "images": [],
        "age": {
          "min": 0,
          "max": 16
        },
        "opening": "",
        "equipment": [],
        "rating": {
          "average": 0,
          "count": 0
        },
        "accessibility": {
          "wheelchair": "unknown",
          "stroller": "unknown"
        },
        "fenced": false,
        "toilets": false,
        "parking": {
          "free": true,
          "paid": false
        },
        "dogs": {
          "allowed": true,
          "leash": false
        },
        "municipality": "",
        "verified": false,
        "lastVerified": "2026-10-05",
        "sources": [
          {
            "type": "osm",
            "id": "way/971412456",
            "retrievedAt": "2026-10-05"
          }
        ],
        "id": "osm-way-971412456"
      },
      "geometry": {
        "type": "Point",
        "coordinates": [
          5.2948116,
          60.3528647
        ]
      }
    },
    {
      "type": "Feature",
      "properties": {
        "name": "Utkjent lekeplass",
        "source": "osm",
        "sourceId": "way/974688214",
        "images": [],
        "age": {
          "min": 0,
          "max": 16
        },
        "opening": "",
        "equipment": [],
        "rating": {
          "average": 0,
          "count": 0
        },
        "accessibility": {
          "wheelchair": "unknown",
          "stroller": "unknown"
        },
        "fenced": false,
        "toilets": false,
        "parking": {
          "free": true,
          "paid": false
        },
        "dogs": {
          "allowed": true,
          "leash": false
        },
        "municipality": "",
        "verified": false,
        "lastVerified": "2026-10-05",
        "sources": [
          {
            "type": "osm",
            "id": "way/974688214",
            "retrievedAt": "2026-10-05"
          }
        ],
        "id": "osm-way-974688214"
      },
      "geometry": {
        "type": "Point",
        "coordinates": [
          5.2983522,
          60.3523059
        ]
      }
    },
    {
      "type": "Feature",
      "properties": {
        "name": "Utkjent lekeplass",
        "source": "osm",
        "sourceId": "way/975757789",
        "images": [],
        "age": {
          "min": 0,
          "max": 16
        },
        "opening": "",
        "equipment": [],
        "rating": {
          "average": 0,
          "count": 0
        },
        "accessibility": {
          "wheelchair": "unknown",
          "stroller": "unknown"
        },
        "fenced": false,
        "toilets": false,
        "parking": {
          "free": true,
          "paid": false
        },
        "dogs": {
          "allowed": true,
          "leash": false
        },
        "municipality": "",
        "verified": false,
        "lastVerified": "2026-10-05",
        "sources": [
          {
            "type": "osm",
            "id": "way/975757789",
            "retrievedAt": "2026-10-05"
          }
        ],
        "id": "osm-way-975757789"
      },
      "geometry": {
        "type": "Point",
        "coordinates": [
          5.3442856,
          60.3943589
        ]
      }
    },
    {
      "type": "Feature",
      "properties": {
        "name": "Utkjent lekeplass",
        "source": "osm",
        "sourceId": "way/975757790",
        "images": [],
        "age": {
          "min": 0,
          "max": 16
        },
        "opening": "",
        "equipment": [],
        "rating": {
          "average": 0,
          "count": 0
        },
        "accessibility": {
          "wheelchair": "unknown",
          "stroller": "unknown"
        },
        "fenced": false,
        "toilets": false,
        "parking": {
          "free": true,
          "paid": false
        },
        "dogs": {
          "allowed": true,
          "leash": false
        },
        "municipality": "",
        "verified": false,
        "lastVerified": "2026-10-05",
        "sources": [
          {
            "type": "osm",
            "id": "way/975757790",
            "retrievedAt": "2026-10-05"
          }
        ],
        "id": "osm-way-975757790"
      },
      "geometry": {
        "type": "Point",
        "coordinates": [
          5.3444238,
          60.3944152
        ]
      }
    },
    {
      "type": "Feature",
      "properties": {
        "name": "Utkjent lekeplass",
        "source": "osm",
        "sourceId": "way/975757791",
        "images": [],
        "age": {
          "min": 0,
          "max": 16
        },
        "opening": "",
        "equipment": [],
        "rating": {
          "average": 0,
          "count": 0
        },
        "accessibility": {
          "wheelchair": "unknown",
          "stroller": "unknown"
        },
        "fenced": false,
        "toilets": false,
        "parking": {
          "free": true,
          "paid": false
        },
        "dogs": {
          "allowed": true,
          "leash": false
        },
        "municipality": "",
        "verified": false,
        "lastVerified": "2026-10-05",
        "sources": [
          {
            "type": "osm",
            "id": "way/975757791",
            "retrievedAt": "2026-10-05"
          }
        ],
        "id": "osm-way-975757791"
      },
      "geometry": {
        "type": "Point",
        "coordinates": [
          5.3445772,
          60.3943579
        ]
      }
    },
    {
      "type": "Feature",
      "properties": {
        "name": "Utkjent lekeplass",
        "source": "osm",
        "sourceId": "way/975757792",
        "images": [],
        "age": {
          "min": 0,
          "max": 16
        },
        "opening": "",
        "equipment": [],
        "rating": {
          "average": 0,
          "count": 0
        },
        "accessibility": {
          "wheelchair": "unknown",
          "stroller": "unknown"
        },
        "fenced": false,
        "toilets": false,
        "parking": {
          "free": true,
          "paid": false
        },
        "dogs": {
          "allowed": true,
          "leash": false
        },
        "municipality": "",
        "verified": false,
        "lastVerified": "2026-10-05",
        "sources": [
          {
            "type": "osm",
            "id": "way/975757792",
            "retrievedAt": "2026-10-05"
          }
        ],
        "id": "osm-way-975757792"
      },
      "geometry": {
        "type": "Point",
        "coordinates": [
          5.3446504,
          60.3943795
        ]
      }
    },
    {
      "type": "Feature",
      "properties": {
        "name": "Utkjent lekeplass",
        "source": "osm",
        "sourceId": "way/975757793",
        "images": [],
        "age": {
          "min": 0,
          "max": 16
        },
        "opening": "",
        "equipment": [],
        "rating": {
          "average": 0,
          "count": 0
        },
        "accessibility": {
          "wheelchair": "unknown",
          "stroller": "unknown"
        },
        "fenced": false,
        "toilets": false,
        "parking": {
          "free": true,
          "paid": false
        },
        "dogs": {
          "allowed": true,
          "leash": false
        },
        "municipality": "",
        "verified": false,
        "lastVerified": "2026-10-05",
        "sources": [
          {
            "type": "osm",
            "id": "way/975757793",
            "retrievedAt": "2026-10-05"
          }
        ],
        "id": "osm-way-975757793"
      },
      "geometry": {
        "type": "Point",
        "coordinates": [
          5.343802,
          60.3945988
        ]
      }
    },
    {
      "type": "Feature",
      "properties": {
        "name": "Utkjent lekeplass",
        "source": "osm",
        "sourceId": "way/975757794",
        "images": [],
        "age": {
          "min": 0,
          "max": 16
        },
        "opening": "",
        "equipment": [],
        "rating": {
          "average": 0,
          "count": 0
        },
        "accessibility": {
          "wheelchair": "unknown",
          "stroller": "unknown"
        },
        "fenced": false,
        "toilets": false,
        "parking": {
          "free": true,
          "paid": false
        },
        "dogs": {
          "allowed": true,
          "leash": false
        },
        "municipality": "",
        "verified": false,
        "lastVerified": "2026-10-05",
        "sources": [
          {
            "type": "osm",
            "id": "way/975757794",
            "retrievedAt": "2026-10-05"
          }
        ],
        "id": "osm-way-975757794"
      },
      "geometry": {
        "type": "Point",
        "coordinates": [
          5.3439805,
          60.3947086
        ]
      }
    },
    {
      "type": "Feature",
      "properties": {
        "name": "Utkjent lekeplass",
        "source": "osm",
        "sourceId": "way/983151890",
        "images": [],
        "age": {
          "min": 0,
          "max": 16
        },
        "opening": "",
        "equipment": [],
        "rating": {
          "average": 0,
          "count": 0
        },
        "accessibility": {
          "wheelchair": "unknown",
          "stroller": "unknown"
        },
        "fenced": false,
        "toilets": false,
        "parking": {
          "free": true,
          "paid": false
        },
        "dogs": {
          "allowed": true,
          "leash": false
        },
        "municipality": "",
        "verified": false,
        "lastVerified": "2026-10-05",
        "sources": [
          {
            "type": "osm",
            "id": "way/983151890",
            "retrievedAt": "2026-10-05"
          }
        ],
        "id": "osm-way-983151890"
      },
      "geometry": {
        "type": "Point",
        "coordinates": [
          5.6858587,
          58.9522243
        ]
      }
    },
    {
      "type": "Feature",
      "properties": {
        "name": "Utkjent lekeplass",
        "source": "osm",
        "sourceId": "way/983151891",
        "images": [],
        "age": {
          "min": 0,
          "max": 16
        },
        "opening": "",
        "equipment": [],
        "rating": {
          "average": 0,
          "count": 0
        },
        "accessibility": {
          "wheelchair": "unknown",
          "stroller": "unknown"
        },
        "fenced": false,
        "toilets": false,
        "parking": {
          "free": true,
          "paid": false
        },
        "dogs": {
          "allowed": true,
          "leash": false
        },
        "municipality": "",
        "verified": false,
        "lastVerified": "2026-10-05",
        "sources": [
          {
            "type": "osm",
            "id": "way/983151891",
            "retrievedAt": "2026-10-05"
          }
        ],
        "id": "osm-way-983151891"
      },
      "geometry": {
        "type": "Point",
        "coordinates": [
          5.6809947,
          58.9489455
        ]
      }
    },
    {
      "type": "Feature",
      "properties": {
        "name": "Utkjent lekeplass",
        "source": "osm",
        "sourceId": "way/983151892",
        "images": [],
        "age": {
          "min": 0,
          "max": 16
        },
        "opening": "",
        "equipment": [],
        "rating": {
          "average": 0,
          "count": 0
        },
        "accessibility": {
          "wheelchair": "unknown",
          "stroller": "unknown"
        },
        "fenced": false,
        "toilets": false,
        "parking": {
          "free": true,
          "paid": false
        },
        "dogs": {
          "allowed": true,
          "leash": false
        },
        "municipality": "",
        "verified": false,
        "lastVerified": "2026-10-05",
        "sources": [
          {
            "type": "osm",
            "id": "way/983151892",
            "retrievedAt": "2026-10-05"
          }
        ],
        "id": "osm-way-983151892"
      },
      "geometry": {
        "type": "Point",
        "coordinates": [
          5.681407,
          58.9490842
        ]
      }
    },
    {
      "type": "Feature",
      "properties": {
        "name": "Utkjent lekeplass",
        "source": "osm",
        "sourceId": "way/983163992",
        "images": [],
        "age": {
          "min": 0,
          "max": 16
        },
        "opening": "",
        "equipment": [],
        "rating": {
          "average": 0,
          "count": 0
        },
        "accessibility": {
          "wheelchair": "unknown",
          "stroller": "unknown"
        },
        "fenced": false,
        "toilets": false,
        "parking": {
          "free": true,
          "paid": false
        },
        "dogs": {
          "allowed": true,
          "leash": false
        },
        "municipality": "",
        "verified": false,
        "lastVerified": "2026-10-05",
        "sources": [
          {
            "type": "osm",
            "id": "way/983163992",
            "retrievedAt": "2026-10-05"
          }
        ],
        "id": "osm-way-983163992"
      },
      "geometry": {
        "type": "Point",
        "coordinates": [
          5.7187285,
          58.9494251
        ]
      }
    },
    {
      "type": "Feature",
      "properties": {
        "name": "Utkjent lekeplass",
        "source": "osm",
        "sourceId": "way/983163995",
        "images": [],
        "age": {
          "min": 0,
          "max": 16
        },
        "opening": "",
        "equipment": [],
        "rating": {
          "average": 0,
          "count": 0
        },
        "accessibility": {
          "wheelchair": "unknown",
          "stroller": "unknown"
        },
        "fenced": false,
        "toilets": false,
        "parking": {
          "free": true,
          "paid": false
        },
        "dogs": {
          "allowed": true,
          "leash": false
        },
        "municipality": "",
        "verified": false,
        "lastVerified": "2026-10-05",
        "sources": [
          {
            "type": "osm",
            "id": "way/983163995",
            "retrievedAt": "2026-10-05"
          }
        ],
        "id": "osm-way-983163995"
      },
      "geometry": {
        "type": "Point",
        "coordinates": [
          5.7187744,
          58.9489905
        ]
      }
    },
    {
      "type": "Feature",
      "properties": {
        "name": "Utkjent lekeplass",
        "source": "osm",
        "sourceId": "way/993028449",
        "images": [],
        "age": {
          "min": 0,
          "max": 16
        },
        "opening": "",
        "equipment": [],
        "rating": {
          "average": 0,
          "count": 0
        },
        "accessibility": {
          "wheelchair": "unknown",
          "stroller": "unknown"
        },
        "fenced": false,
        "toilets": false,
        "parking": {
          "free": true,
          "paid": false
        },
        "dogs": {
          "allowed": true,
          "leash": false
        },
        "municipality": "",
        "verified": false,
        "lastVerified": "2026-10-05",
        "sources": [
          {
            "type": "osm",
            "id": "way/993028449",
            "retrievedAt": "2026-10-05"
          }
        ],
        "id": "osm-way-993028449"
      },
      "geometry": {
        "type": "Point",
        "coordinates": [
          5.3524979,
          60.3607359
        ]
      }
    },
    {
      "type": "Feature",
      "properties": {
        "name": "Utkjent lekeplass",
        "source": "osm",
        "sourceId": "way/993028454",
        "images": [],
        "age": {
          "min": 0,
          "max": 16
        },
        "opening": "",
        "equipment": [],
        "rating": {
          "average": 0,
          "count": 0
        },
        "accessibility": {
          "wheelchair": "unknown",
          "stroller": "unknown"
        },
        "fenced": false,
        "toilets": false,
        "parking": {
          "free": true,
          "paid": false
        },
        "dogs": {
          "allowed": true,
          "leash": false
        },
        "municipality": "",
        "verified": false,
        "lastVerified": "2026-10-05",
        "sources": [
          {
            "type": "osm",
            "id": "way/993028454",
            "retrievedAt": "2026-10-05"
          }
        ],
        "id": "osm-way-993028454"
      },
      "geometry": {
        "type": "Point",
        "coordinates": [
          5.3525495,
          60.3611014
        ]
      }
    },
    {
      "type": "Feature",
      "properties": {
        "name": "Utkjent lekeplass",
        "source": "osm",
        "sourceId": "way/993028996",
        "images": [],
        "age": {
          "min": 0,
          "max": 16
        },
        "opening": "",
        "equipment": [],
        "rating": {
          "average": 0,
          "count": 0
        },
        "accessibility": {
          "wheelchair": "unknown",
          "stroller": "unknown"
        },
        "fenced": false,
        "toilets": false,
        "parking": {
          "free": true,
          "paid": false
        },
        "dogs": {
          "allowed": true,
          "leash": false
        },
        "municipality": "",
        "verified": false,
        "lastVerified": "2026-10-05",
        "sources": [
          {
            "type": "osm",
            "id": "way/993028996",
            "retrievedAt": "2026-10-05"
          }
        ],
        "id": "osm-way-993028996"
      },
      "geometry": {
        "type": "Point",
        "coordinates": [
          5.3519058,
          60.3611114
        ]
      }
    },
    {
      "type": "Feature",
      "properties": {
        "name": "Parke Solheimen",
        "source": "geonorge",
        "verified": true,
        "lastVerified": "2026-09-15",
        "images": [
          {
            "url": "https://images.unsplash.com/photo-1578662996442-48f60103fc96?w=400",
            "alt": "Lekeplass"
          }
        ],
        "age": {
          "min": 3,
          "max": 15
        },
        "opening": "Tue-Sun 09:00-18:00",
        "equipment": [
          {
            "type": "gynge",
            "name": "Gynge",
            "count": 2
          },
          {
            "type": "sandkasse",
            "name": "Sandkasse",
            "count": 1
          }
        ],
        "rating": {
          "average": 3.8,
          "count": 45
        },
        "accessibility": {
          "wheelchair": "yes",
          "stroller": "yes"
        },
        "fenced": true,
        "toilets": false,
        "parking": {
          "free": true,
          "paid": false
        },
        "dogs": {
          "allowed": true,
          "leash": true
        },
        "municipality": "Trondheim",
        "sources": [
          {
            "type": "geonorge",
            "retrievedAt": "2026-09-15"
          }
        ],
        "id": "parken-trondheim"
      },
      "geometry": {
        "type": "Point",
        "coordinates": [
          10.552,
          59.507
        ]
      }
    },
    {
      "type": "Feature",
      "properties": {
        "name": "Solbakken lekeplass",
        "source": "osm",
        "verified": true,
        "lastVerified": "2026-10-04",
        "images": [
          {
            "url": "https://images.unsplash.com/photo-1571019613454-1cb2f99b2d8b?w=400",
            "alt": "Rutschbane"
          },
          {
            "url": "https://images.unsplash.com/photo-1559216906-91e0cb497085?w=400",
            "alt": "Gynge"
          }
        ],
        "age": {
          "min": 2,
          "max": 12
        },
        "opening": "Mo-Su 08:00-20:00",
        "equipment": [
          {
            "type": "rutschebane",
            "name": "Rutschbane",
            "count": 3
          },
          {
            "type": "gynge",
            "name": "Gynge",
            "count": 2
          },
          {
            "type": "klatrestativ",
            "name": "Klatrestativ",
            "count": 1
          }
        ],
        "rating": {
          "average": 4.6,
          "count": 127
        },
        "accessibility": {
          "wheelchair": "yes",
          "stroller": "yes"
        },
        "fenced": true,
        "toilets": true,
        "parking": {
          "free": true,
          "paid": false
        },
        "dogs": {
          "allowed": true,
          "leash": true
        },
        "municipality": "Oslo",
        "sources": [
          {
            "type": "osm",
            "id": "way/12345678",
            "retrievedAt": "2026-10-04"
          },
          {
            "type": "user",
            "id": "user/42",
            "retrievedAt": "2026-10-01",
            "url": "https://github.com/kveita/lekesafari"
          }
        ],
        "id": "solbakken-oslo"
      },
      "geometry": {
        "type": "Point",
        "coordinates": [
          10.7522,
          59.9139
        ]
      }
    },
    {
      "type": "Feature",
      "properties": {
        "name": "Storsteinnes skolepark",
        "source": "osm",
        "verified": false,
        "lastVerified": "2026-07-15",
        "images": [],
        "age": {
          "min": 2,
          "max": 16
        },
        "opening": "Mon-Fri 07:00-15:00",
        "equipment": [
          {
            "type": "gynge",
            "name": "Gynge",
            "count": 2
          },
          {
            "type": "klatrestativ",
            "name": "Klatrestativ",
            "count": 1
          },
          {
            "type": "basketball",
            "name": "Basketball",
            "count": 1
          }
        ],
        "rating": {
          "average": 3.5,
          "count": 33
        },
        "accessibility": {
          "wheelchair": "limited",
          "stroller": "yes"
        },
        "fenced": false,
        "toilets": false,
        "parking": {
          "free": true,
          "paid": false
        },
        "dogs": {
          "allowed": false,
          "leash": false
        },
        "municipality": "Narvik",
        "sources": [
          {
            "type": "osm",
            "id": "way/11223344",
            "retrievedAt": "2026-07-15"
          }
        ],
        "id": "storsteinnes-bardu"
      },
      "geometry": {
        "type": "Point",
        "coordinates": [
          17.667,
          68.652
        ]
      }
    },
    {
      "type": "Feature",
      "properties": {
        "name": "Viktoria lekeplass",
        "source": "osm",
        "verified": true,
        "lastVerified": "2026-10-03",
        "images": [],
        "age": {
          "min": 4,
          "max": 16
        },
        "opening": "Daily 07:00-19:00",
        "equipment": [
          {
            "type": "klatrestativ",
            "name": "Klatrestativ",
            "count": 2
          },
          {
            "type": "karussell",
            "name": "Karussell",
            "count": 1
          }
        ],
        "rating": {
          "average": 4.1,
          "count": 78
        },
        "accessibility": {
          "wheelchair": "limited",
          "stroller": "yes"
        },
        "fenced": false,
        "toilets": true,
        "parking": {
          "free": false,
          "paid": true
        },
        "dogs": {
          "allowed": false,
          "leash": false
        },
        "municipality": "Bergen",
        "sources": [
          {
            "type": "osm",
            "id": "way/87654321",
            "retrievedAt": "2026-10-03"
          }
        ],
        "id": "viktoria-bergen"
      },
      "geometry": {
        "type": "Point",
        "coordinates": [
          10.655,
          59.522
        ]
      }
    }
  ]
}
